"BENCHMARKALTITUDE","BENCHMARKID","BENCHMARKLATITUDE","BENCHMARKLONGITUDE","DRONEALTITUDE","DRONELATITUDE","DRONELONGITUDE","LOGMARK","OFFSET","OFFSETAROUNDLATITUDE","OFFSETAROUNDLONGITUDE","SATELLITECOUNT","UPDATETIMESTAMP"
"313.09","36757301","-45.858724089","170.546582831","0.0","-45.858705264370414","170.5465712591864","","2.2771592","2.0923305","0.8986695","0","1763783929981"
"313.09","36757301","-45.858724089","170.546582831","0.0","-45.858705509213834","170.5465711746253","","2.254808","2.0651164","0.90523654","0","1763783930150"
"313.09","36757301","-45.858724089","170.546582831","0.0","-45.858705777798924","170.5465710834357","","2.2303863","2.0352635","0.9123183","0","1763783930366"
"313.09","36757301","-45.858724089","170.546582831","0.0","-45.85870600997611","170.54657098418664","","2.2100606","2.0094573","0.920026","0","1763783930535"
"313.09","36757301","-45.858724089","170.546582831","0.0","-45.85870623821549","170.54657090982445","","2.1894557","1.984089","0.925801","0","1763783930753"
"313.09","36757301","-45.858724089","170.546582831","0.0","-45.858706432132664","170.54657085776432","","2.1716712","1.9625354","0.929844","0","1763783930972"
"313.09","36757301","-45.858724089","170.546582831","0.0","-45.85870662890063","170.5465707936276","","2.154084","1.9406649","0.9348249","0","1763783931143"
"313.09","36757301","-45.858724089","170.546582831","0.0","-45.85870682712129","170.54657071916918","","2.1367955","1.918633","0.9406073","0","1763783931364"
"313.09","36757301","-45.858724089","170.546582831","0.0","-45.85870699483977","170.546570635201","","2.1229742","1.8999913","0.9471283","0","1763783931572"
"313.09","36757301","-45.858724089","170.546582831","0.0","-45.858707169985315","170.54657054428466","","2.1087549","1.880524","0.9541889","0","1763783931745"
"313.09","36757301","-45.858724089","170.546582831","0.0","-45.858707321419956","170.54657044785318","","2.0971823","1.8636924","0.9616778","0","1763783931963"
"313.09","36757301","-45.858724089","170.546582831","0.0","-45.858707510338405","170.54657034445734","","2.0822716","1.8426943","0.96970755","0","1763783932133"
"313.09","36757301","-45.858724089","170.546582831","0.0","-45.858707674189475","170.5465702388939","","2.0700328","1.8244826","0.97790563","0","1763783932360"
"313.09","36757301","-45.858724089","170.546582831","0.0","-45.85870784297142","170.54657012857334","","2.0576112","1.8057227","0.98647314","0","1763783932567"
"313.09","36757301","-45.858724089","170.546582831","0.0","-45.8587079909299","170.54657001645128","","2.0474124","1.7892773","0.99518055","0","1763783932732"
"313.09","36757301","-45.858724089","170.546582831","0.0","-45.85870814952003","170.54656990413858","","2.0363119","1.7716502","1.0039028","0","1763783932942"
"313.09","36757301","-45.858724089","170.546582831","0.0","-45.85870831661649","170.54656982054317","","2.023408","1.7530777","1.0103948","0","1763783933172"
"313.09","36757301","-45.858724089","170.546582831","0.0","-45.85870846221436","170.54656970296904","","2.01401","1.7368947","1.0195256","0","1763783933337"
"313.09","36757301","-45.858724089","170.546582831","0.0","-45.85870864916062","170.546569586772","","2.000742","1.7161158","1.0285496","0","1763783933553"
"313.09","36757301","-45.858724089","170.546582831","0.0","-45.85870884176992","170.54656947202207","","1.987048","1.6947076","1.037461","0","1763783933739"
"313.09","36757301","-45.858724089","170.546582831","0.0","-45.85870903822239","170.54656935916967","","1.9730912","1.6728722","1.0462252","0","1763783933945"
"313.09","36757301","-45.858724089","170.546582831","0.0","-45.85870920978712","170.5465692480555","","1.9615766","1.6538031","1.0548543","0","1763783934162"
"313.09","36757301","-45.858724089","170.546582831","0.0","-45.85870941750222","170.5465691390573","","1.946762","1.6307158","1.0633192","0","1763783934335"
"313.09","36757301","-45.858724089","170.546582831","0.0","-45.8587096267095","170.54656903215744","","1.9319183","1.6074628","1.0716211","0","1763783934543"
"313.09","36757301","-45.858724089","170.546582831","0.0","-45.85870980867886","170.54656895661475","","1.9184113","1.5872371","1.0774877","0","1763783934767"
"313.09","36757301","-45.858724089","170.546582831","0.0","-45.8587100259869","170.54656887655057","","1.9020116","1.5630836","1.0837054","0","1763783934946"
"313.09","36757301","-45.858724089","170.546582831","0.0","-45.85871024320874","170.5465687640599","","1.8872637","1.5389397","1.0924416","0","1763783935174"
"313.09","36757301","-45.858724089","170.546582831","0.0","-45.85871046031171","170.54656865410263","","1.8726467","1.514809","1.1009809","0","1763783935374"
"313.09","36757301","-45.858724089","170.546582831","0.0","-45.85871067578383","170.5465685480077","","1.8582336","1.4908596","1.1092201","0","1763783935535"
"313.09","36757301","-45.858724089","170.546582831","0.0","-45.858710860938885","170.5465684740095","","1.8452302","1.4702799","1.1149669","0","1763783935753"
"313.09","36757301","-45.858724089","170.546582831","0.0","-45.85871105014431","170.54656839714448","","1.8321637","1.44925","1.1209363","0","1763783935927"
"313.09","36757301","-45.858724089","170.546582831","0.0","-45.858711242313234","170.5465683461701","","1.8177626","1.4278907","1.124895","0","1763783936154"
"313.09","36757301","-45.858724089","170.546582831","0.0","-45.85871143614567","170.54656828694695","","1.8037649","1.4063466","1.1294942","0","1763783936376"
"313.09","36757301","-45.858724089","170.546582831","0.0","-45.858711601088444","170.54656822150346","","1.7927201","1.3880134","1.1345766","0","1763783936540"
"313.09","36757301","-45.858724089","170.546582831","0.0","-45.858711742958796","170.54656817938059","","1.7826254","1.3722447","1.1378479","0","1763783936752"
"313.09","36757301","-45.858724089","170.546582831","0.0","-45.858711859972175","170.5465681267014","GPS Fixed Point Origin","1.7752619","1.3592389","1.1419389","0","1763783936979"
"313.09","36757301","-45.858724089","170.546582831","0.0","-45.858711964143204","170.5465680624611","GPS Fixed Point Origin","1.7696419","1.3476603","1.1469278","0","1763783937137"
"313.09","36757301","-45.858724089","170.546582831","0.0","-45.85871205541673","170.54656798977481","GPS Fixed Point Origin","1.765608","1.3375155","1.1525726","0","1763783937355"
"313.09","36757301","-45.858724089","170.546582831","0.0","-45.85871213750049","170.54656793806933","GPS Fixed Point Origin","1.7613409","1.3283919","1.1565881","0","1763783937575"
"313.09","36757301","-45.858724089","170.546582831","0.0","-45.85871224332808","170.5465678461521","GPS Fixed Point Origin","1.7572058","1.3166294","1.1637264","0","1763783937736"
"313.09","36757301","-45.858724089","170.546582831","0.0","-45.85871233516593","170.54656774784465","GPS Fixed Point Origin","1.754658","1.3064218","1.171361","0","1763783937964"
"313.09","36757301","-45.858724089","170.546582831","0.0","-45.85871242264768","170.54656764588742","GPS Fixed Point Origin","1.752748","1.2966982","1.1792791","0","1763783938126"
"313.09","36757301","-45.858724089","170.546582831","0.0","-45.858712535038336","170.54656754051786","GPS Fixed Point Origin","1.7490717","1.2842062","1.1874621","0","1763783938349"
"313.09","36757301","-45.858724089","170.546582831","0.0","-45.858712668338356","170.54656743206164","GPS Fixed Point Origin","1.7439873","1.2693901","1.1958848","0","1763783938555"
"313.09","36757301","-45.858724089","170.546582831","0.0","-45.85871279031553","170.54656732302843","GPS Fixed Point Origin","1.7399943","1.2558324","1.2043524","0","1763783938774"
"313.09","36757301","-45.858724089","170.546582831","0.0","-45.85871290047834","170.546567243197","GPS Fixed Point Origin","1.7354964","1.2435881","1.2105521","0","1763783938940"
"313.09","36757301","-45.858724089","170.546582831","0.0","-45.85871300528436","170.54656715778108","GPS Fixed Point Origin","1.731824","1.231939","1.2171855","0","1763783939158"
"313.09","36757301","-45.858724089","170.546582831","0.0","-45.858713134353586","170.54656706792733","GPS Fixed Point Origin","1.7265891","1.2175932","1.2241635","0","1763783939377"
"313.09","36757301","-45.858724089","170.546582831","0.0","-45.858713283996465","170.5465669756384","GPS Fixed Point Origin","1.7200239","1.2009605","1.2313308","0","1763783939537"
"313.09","36757301","-45.858724089","170.546582831","0.0","-45.85871345122116","170.54656690958222","GPS Fixed Point Origin","1.7108018","1.1823738","1.2364607","0","1763783939769"
"313.09","36757301","-45.858724089","170.546582831","0.0","-45.85871363330938","170.5465668351458","GPS Fixed Point Origin","1.7010943","1.1621349","1.2422414","0","1763783939936"
"313.09","36757301","-45.858724089","170.546582831","0.0","-45.858713827679374","170.54656672335798","GPS Fixed Point Origin","1.692814","1.140531","1.2509229","0","1763783940155"
"313.09","36757301","-45.858724089","170.546582831","0.0","-45.85871403103463","170.54656658174142","GPS Fixed Point Origin","1.6858851","1.1179284","1.2619208","0","1763783940375"
"313.09","36757301","-45.858724089","170.546582831","0.0","-45.858714240822295","170.54656644559634","GPS Fixed Point Origin","1.6785153","1.0946108","1.272494","0","1763783940537"
"313.09","36757301","-45.858724089","170.546582831","0.0","-45.85871442580976","170.54656634527547","GPS Fixed Point Origin","1.671141","1.0740497","1.2802849","0","1763783940753"
"313.09","36757301","-45.858724089","170.546582831","0.0","-45.85871458925445","170.54656627509587","GPS Fixed Point Origin","1.6637318","1.055883","1.285735","0","1763783940974"
"313.09","36757301","-45.858724089","170.546582831","0.0","-45.85871476500287","170.54656620079245","GPS Fixed Point Origin","1.6559002","1.0363488","1.2915055","0","1763783941134"
"313.09","36757301","-45.858724089","170.546582831","0.0","-45.85871495010813","170.54656609326958","GPS Fixed Point Origin","1.6496737","1.0157746","1.2998557","0","1763783941356"
"313.09","36757301","-45.858724089","170.546582831","0.0","-45.858715113317245","170.54656601651254","GPS Fixed Point Origin","1.643299","0.9976342","1.3058167","0","1763783941526"
"313.09","36757301","-45.858724089","170.546582831","0.0","-45.858715287114634","170.54656593590235","GPS Fixed Point Origin","1.6366581","0.97831684","1.3120768","0","1763783941745"
"313.09","36757301","-45.858724089","170.546582831","0.0","-45.85871544055466","170.54656588158176","GPS Fixed Point Origin","1.6299261","0.9612622","1.3162954","0","1763783941963"
"313.09","36757301","-45.858724089","170.546582831","0.0","-45.85871560676957","170.54656581814527","GPS Fixed Point Origin","1.623107","0.9427877","1.3212218","0","1763783942135"
"313.09","36757301","-45.858724089","170.546582831","0.0","-45.85871578382225","170.54656571717817","GPS Fixed Point Origin","1.6181898","0.9231085","1.329063","0","1763783942362"
"313.09","36757301","-45.858724089","170.546582831","0.0","-45.858715969455424","170.54656561393784","GPS Fixed Point Origin","1.6131482","0.90247566","1.3370807","0","1763783942572"
"313.09","36757301","-45.858724089","170.546582831","0.0","-45.85871616163451","170.54656550870973","GPS Fixed Point Origin","1.608126","0.88111526","1.3452528","0","1763783942736"
"313.09","36757301","-45.858724089","170.546582831","0.0","-45.85871633033158","170.54656540223544","GPS Fixed Point Origin","1.6048968","0.8623648","1.3535215","0","1763783942959"
"313.09","36757301","-45.858724089","170.546582831","0.0","-45.858716509375995","170.54656529470907","GPS Fixed Point Origin","1.6013875","0.84246427","1.3618721","0","1763783943127"
"313.09","36757301","-45.858724089","170.546582831","0.0","-45.85871669692486","170.54656518650077","GPS Fixed Point Origin","1.597721","0.8216185","1.3702755","0","1763783943350"
"313.09","36757301","-45.858724089","170.546582831","0.0","-45.85871689039644","170.54656504997322","GPS Fixed Point Origin","1.5959349","0.8001144","1.3808783","0","1763783943558"
"313.09","36757301","-45.858724089","170.546582831","0.0","-45.858717059460794","170.54656494870787","GPS Fixed Point Origin","1.5934466","0.78132313","1.3887426","0","1763783943732"
"313.09","36757301","-45.858724089","170.546582831","0.0","-45.858717237013565","170.54656484855957","GPS Fixed Point Origin","1.5906872","0.7615884","1.3965201","0","1763783943949"
"313.09","36757301","-45.858724089","170.546582831","0.0","-45.85871739243138","170.54656477958812","GPS Fixed Point Origin","1.587218","0.74431396","1.4018764","0","1763783944169"
"313.09","36757301","-45.858724089","170.546582831","0.0","-45.858717557829266","170.54656473584922","GPS Fixed Point Origin","1.5816977","0.7259302","1.4052732","0","1763783944331"
"313.09","36757301","-45.858724089","170.546582831","0.0","-45.85871770187068","170.54656468304546","GPS Fixed Point Origin","1.5780754","0.7099202","1.409374","0","1763783944546"
"313.09","36757301","-45.858724089","170.546582831","0.0","-45.858717828821824","170.54656462290131","GPS Fixed Point Origin","1.5759677","0.6958098","1.4140447","0","1763783944770"
"313.09","36757301","-45.858724089","170.546582831","0.0","-45.85871797084046","170.54656458602773","GPS Fixed Point Origin","1.5716435","0.6800246","1.4169084","0","1763783944940"
"313.09","36757301","-45.858724089","170.546582831","0.0","-45.85871809760206","170.54656456648578","GPS Fixed Point Origin","1.5669724","0.6659352","1.418426","0","1763783945159"
"313.09","36757301","-45.858724089","170.546582831","0.0","-45.85871824115949","170.54656450289204","GPS Fixed Point Origin","1.5647492","0.64997905","1.4233648","0","1763783945379"
"313.09","36757301","-45.858724089","170.546582831","0.0","-45.85871839831845","170.5465644310653","GPS Fixed Point Origin","1.5626733","0.6325111","1.4289428","0","1763783945542"
"313.09","36757301","-45.858724089","170.546582831","0.0","-45.85871853834752","170.5465643810092","GPS Fixed Point Origin","1.5600084","0.616947","1.4328302","0","1763783945757"
"313.09","36757301","-45.858724089","170.546582831","0.0","-45.85871869319888","170.54656432021696","GPS Fixed Point Origin","1.5576382","0.5997355","1.4375513","0","1763783945975"
"313.09","36757301","-45.858724089","170.546582831","0.0","-45.85871883081432","170.54656427953168","GPS Fixed Point Origin","1.5547405","0.58443975","1.4407109","0","1763783946150"
"313.09","36757301","-45.858724089","170.546582831","0.0","-45.85871895380662","170.54656422645888","GPS Fixed Point Origin","1.5534861","0.57076937","1.4448326","0","1763783946369"
"313.09","36757301","-45.858724089","170.546582831","0.0","-45.85871906519338","170.5465641912966","GPS Fixed Point Origin","1.5515276","0.5583889","1.4475633","0","1763783946528"
"313.09","36757301","-45.858724089","170.546582831","0.0","-45.85871916691705","170.5465641399659","GPS Fixed Point Origin","1.551224","0.5470824","1.4515496","0","1763783946747"
"313.09","36757301","-45.858724089","170.546582831","0.0","-45.85871926188384","170.54656407456469","GPS Fixed Point Origin","1.5522978","0.536527","1.4566287","0","1763783946975"
"313.09","36757301","-45.858724089","170.546582831","0.0","-45.85871938078883","170.5465640268173","GPS Fixed Point Origin","1.5512698","0.5233109","1.4603368","0","1763783947145"
"313.09","36757301","-45.858724089","170.546582831","0.0","-45.85871949066679","170.54656396471424","GPS Fixed Point Origin","1.5517457","0.5110981","1.4651598","0","1763783947356"
"313.09","36757301","-45.858724089","170.546582831","0.0","-45.85871959331458","170.54656391975294","GPS Fixed Point Origin","1.5513304","0.49968895","1.4686514","0","1763783947531"
"313.09","36757301","-45.858724089","170.546582831","0.0","-45.85871969036198","170.54656386079043","GPS Fixed Point Origin","1.552235","0.48890227","1.4732305","0","1763783947747"
"313.09","36757301","-45.858724089","170.546582831","0.0","-45.85871978315929","170.54656381933177","GPS Fixed Point Origin","1.5520798","0.47858799","1.4764502","0","1763783947977"
"313.09","36757301","-45.858724089","170.546582831","0.0","-45.8587198731821","170.5465637625987","GPS Fixed Point Origin","1.5532237","0.4685821","1.4808561","0","1763783948143"
"313.09","36757301","-45.858724089","170.546582831","0.0","-45.85871996135775","170.546563722181","GPS Fixed Point Origin","1.5532937","0.45878148","1.483995","0","1763783948363"
"313.09","36757301","-45.858724089","170.546582831","0.0","-45.858720048220576","170.5465636951487","GPS Fixed Point Origin","1.552479","0.4491268","1.4860942","0","1763783948579"
"313.09","36757301","-45.858724089","170.546582831","0.0","-45.85872013495489","170.54656365022583","GPS Fixed Point Origin","1.5530634","0.4394864","1.489583","0","1763783948740"
"313.09","36757301","-45.858724089","170.546582831","0.0","-45.85872022183593","170.54656362017067","GPS Fixed Point Origin","1.5526011","0.42982972","1.491917","0","1763783948962"
"313.09","36757301","-45.858724089","170.546582831","0.0","-45.858720279451425","170.5465636014537","GPS Fixed Point Origin","1.5522388","0.42342582","1.4933707","0","1763783949134"
"313.09","36757301","-45.858724089","170.546582831","0.0","-45.8587203435668","170.54656356137573","GPS Fixed Point Origin","1.5533084","0.4162995","1.4964831","0","1763783949345"
"313.09","36757301","-45.858724089","170.546582831","0.0","-45.8587204416861","170.5465635041568","GPS Fixed Point Origin","1.5547106","0.4053937","1.5009267","0","1763783949562"
"313.09","36757301","-45.858724089","170.546582831","0.0","-45.85872051103778","170.5465634607439","GPS Fixed Point Origin","1.5559777","0.39768535","1.5042982","0","1763783949728"
"313.09","36757301","-45.858724089","170.546582831","0.0","-45.858720614941646","170.54656337039233","GPS Fixed Point Origin","1.5598636","0.3861366","1.5113149","0","1763783949950"
"313.09","36757301","-45.858724089","170.546582831","0.0","-45.85872071853926","170.54656327085831","GPS Fixed Point Origin","1.564557","0.37462184","1.5190448","0","1763783950176"
"313.09","36757301","-45.858724089","170.546582831","0.0","-45.85872082108424","170.54656319341936","GPS Fixed Point Origin","1.5677167","0.36322412","1.5250586","0","1763783950339"
"313.09","36757301","-45.858724089","170.546582831","0.0","-45.85872089386899","170.54656313403015","GPS Fixed Point Origin","1.5703545","0.35513422","1.5296708","0","1763783950565"
"313.09","36757301","-45.858724089","170.546582831","0.0","-45.858720971717645","170.54656306162144","GPS Fixed Point Origin","1.5739052","0.34648144","1.535294","0","1763783950776"
"313.09","36757301","-45.858724089","170.546582831","0.0","-45.85872105244359","170.54656297750094","GPS Fixed Point Origin","1.5783354","0.33750886","1.541827","0","1763783950955"
"313.09","36757301","-45.858724089","170.546582831","0.0","-45.858721136928125","170.5465629146414","GPS Fixed Point Origin","1.5811292","0.32811853","1.5467086","0","1763783951177"
"313.09","36757301","-45.858724089","170.546582831","0.0","-45.858721225214076","170.54656284126784","GPS Fixed Point Origin","1.5847036","0.31830567","1.5524068","0","1763783951339"
"313.09","36757301","-45.858724089","170.546582831","0.0","-45.8587213153097","170.54656281771818","GPS Fixed Point Origin","1.5845164","0.30829167","1.5542357","0","1763783951555"
"313.09","36757301","-45.858724089","170.546582831","0.0","-45.85872137836282","170.5465628055736","","1.5840938","0.30128342","1.5551789","0","1763783951771"
"313.09","36757301","-45.858724089","170.546582831","0.0","-45.85872141619492","170.54656280474097","","1.5833629","0.29707843","1.5552435","0","1763783951943"
"313.09","36757301","-45.858724089","170.546582831","0.0","-45.85872146446536","170.54656281173624","","1.5818311","0.29171324","1.5547003","0","1763783952160"
"313.09","36757301","-45.858724089","170.546582831","0.0","-45.85872149593785","170.5465627914701","","1.5827372","0.28821513","1.556274","0","1763783952369"
"313.09","36757301","-45.858724089","170.546582831","0.0","-45.858721539967846","170.54656278128897","","1.5826312","0.28332126","1.5570648","0","1763783952571"
"313.09","36757301","-45.858724089","170.546582831","0.0","-45.858721597875686","170.54656277652862","","1.5818557","0.27688488","1.5574344","0","1763783952761"
"313.09","36757301","-45.858724089","170.546582831","0.0","-45.858721665643635","170.54656274775806","","1.5827564","0.26935256","1.5596688","0","1763783952968"
"313.09","36757301","-45.858724089","170.546582831","0.0","-45.858721742273694","170.54656272821845","","1.5828258","0.26083526","1.5611862","0","1763783953138"
"313.09","36757301","-45.858724089","170.546582831","0.0","-45.85872179705795","170.54656268741402","","1.5849614","0.25474605","1.5643551","0","1763783953359"
"313.09","36757301","-45.858724089","170.546582831","0.0","-45.85872186183509","170.54656265753798","","1.5861118","0.24754617","1.5666753","0","1763783953581"
"313.09","36757301","-45.858724089","170.546582831","0.0","-45.85872190733105","170.54656260771176","","1.5891546","0.24248935","1.5705448","0","1763783953751"
"313.09","36757301","-45.858724089","170.546582831","0.0","-45.858721964523575","170.5465625691499","","1.5911585","0.23613249","1.5735395","0","1763783953965"
"313.09","36757301","-45.858724089","170.546582831","0.0","-45.85872203318673","170.54656254049164","","1.5922464","0.22850068","1.5757651","0","1763783954144"
"313.09","36757301","-45.858724089","170.546582831","0.0","-45.85872211150762","170.5465624913466","","1.5948005","0.21979542","1.5795817","0","1763783954362"
"313.09","36757301","-45.858724089","170.546582831","0.0","-45.858722167623974","170.54656245422774","","1.5968096","0.21355818","1.5824645","0","1763783954585"
"313.09","36757301","-45.858724089","170.546582831","0.0","-45.858722235176685","170.5465623982212","","1.6001359","0.20604979","1.5868139","0","1763783954742"
"313.09","36757301","-45.858724089","170.546582831","0.0","-45.858722281301205","170.54656235599606","","1.6027371","0.20092312","1.5900931","0","1763783954973"
"313.09","36757301","-45.858724089","170.546582831","0.0","-45.858722309807526","170.54656232498758","","1.6047328","0.19775468","1.5925013","0","1763783955131"
"313.09","36757301","-45.858724089","170.546582831","0.0","-45.85872235544268","170.5465622738698","","1.6080568","0.1926824","1.5964711","0","1763783955350"
"313.09","36757301","-45.858724089","170.546582831","0.0","-45.85872241423716","170.54656223604212","","1.6102048","0.18614748","1.5994087","0","1763783955571"
"313.09","36757301","-45.858724089","170.546582831","0.0","-45.85872245596703","170.54656220883535","","1.6117746","0.18150926","1.6015216","0","1763783955732"
"313.09","36757301","-45.858724089","170.546582831","0.0","-45.85872251264021","170.5465621616776","","1.614718","0.17521012","1.605184","0","1763783955950"
"313.09","36757301","-45.858724089","170.546582831","0.0","-45.858722551899696","170.54656209750573","","1.619206","0.17084648","1.6101675","0","1763783956185"
"313.09","36757301","-45.858724089","170.546582831","0.0","-45.8587226075813","170.54656204971147","","1.6222572","0.16465755","1.6138792","0","1763783956344"
"313.09","36757301","-45.858724089","170.546582831","0.0","-45.8587226754981","170.54656198550038","","1.6264716","0.1571087","1.6188658","0","1763783956554"
"313.09","36757301","-45.858724089","170.546582831","0.0","-45.858722695425","170.54656196667034","","1.6277149","0.15489385","1.6203282","0","1763783956731"
"313.09","36757301","-45.858724089","170.546582831","0.0","-45.85872273364258","170.54656192785092","","1.6303179","0.15064603","1.623343","0","1763783956954"
"313.09","36757301","-45.858724089","170.546582831","0.0","-45.8587227584203","170.54656193424725","GPS Fixed Point Origin","1.6295711","0.14789201","1.6228462","0","1763783957173"
"313.09","36757301","-45.858724089","170.546582831","0.0","-45.85872280317525","170.54656194410163","GPS Fixed Point Origin","1.6283648","0.14291757","1.6220809","0","1763783957337"
"313.09","36757301","-45.858724089","170.546582831","0.0","-45.85872283349767","170.54656192836293","GPS Fixed Point Origin","1.6292902","0.13954727","1.6233032","0","1763783957553"
"313.09","36757301","-45.858724089","170.546582831","0.0","-45.85872288271901","170.54656188931136","GPS Fixed Point Origin","1.6318533","0.13407639","1.626336","0","1763783957774"
"313.09","36757301","-45.858724089","170.546582831","0.0","-45.85872294777564","170.5465618302427","GPS Fixed Point Origin","1.6358485","0.12684545","1.6309233","0","1763783957946"
"313.09","36757301","-45.858724089","170.546582831","0.0","-45.858722995499974","170.54656178424509","GPS Fixed Point Origin","1.639008","0.12154095","1.6344954","0","1763783958159"
"313.09","36757301","-45.858724089","170.546582831","0.0","-45.8587230585349","170.5465617207682","GPS Fixed Point Origin","1.643421","0.11453471","1.639425","0","1763783958385"
"313.09","36757301","-45.858724089","170.546582831","0.0","-45.85872307305736","170.5465617342805","GPS Fixed Point Origin","1.6422625","0.11292056","1.6383756","0","1763783958558"
"313.09","36757301","-45.858724089","170.546582831","0.0","-45.85872307979925","170.5465617486185","GPS Fixed Point Origin","1.6411002","0.11217121","1.6372622","0","1763783958766"
"313.09","36757301","-45.858724089","170.546582831","0.0","-45.85872307694016","170.54656176616695","GPS Fixed Point Origin","1.6397624","0.11248899","1.6358994","0","1763783958932"
"313.09","36757301","-45.858724089","170.546582831","0.0","-45.858723066675275","170.54656178537982","GPS Fixed Point Origin","1.6383525","0.11362992","1.6344073","0","1763783959162"
"313.09","36757301","-45.858724089","170.546582831","0.0","-45.85872305458785","170.54656180242088","GPS Fixed Point Origin","1.6371261","0.11497342","1.6330839","0","1763783959388"
"313.09","36757301","-45.858724089","170.546582831","0.0","-45.858723004115795","170.54656185367475","GPS Fixed Point Origin","1.6335601","0.12058332","1.6291035","0","1763783959543"
"313.09","36757301","-45.858724089","170.546582831","0.0","-45.85872290255061","170.54656198293335","GPS Fixed Point Origin","1.6244268","0.13187213","1.6190653","0","1763783959768"
"313.09","36757301","-45.858724089","170.546582831","0.0","-45.8587228109312","170.54656209484264","GPS Fixed Point Origin","1.6166278","0.14205551","1.6103743","0","1763783959987"
"313.09","36757301","-45.858724089","170.546582831","0.0","-45.858722732243024","170.54656228223732","GPS Fixed Point Origin","1.6029307","0.15080158","1.5958213","0","1763783960155"
"313.09","36757301","-45.858724089","170.546582831","0.0","-45.858722726945665","170.54656240106956","GPS Fixed Point Origin","1.5937991","0.15139037","1.5865927","0","1763783960362"
"313.09","36757301","-45.858724089","170.546582831","0.0","-45.85872272404589","170.54656243768565","GPS Fixed Point Origin","1.590999","0.15171269","1.583749","0","1763783960535"
"313.09","36757301","-45.858724089","170.546582831","0.0","-45.85872275177051","170.5465624941419","GPS Fixed Point Origin","1.5863429","0.14863113","1.5793647","0","1763783960742"
"313.09","36757301","-45.858724089","170.546582831","0.0","-45.85872277620021","170.54656256782528","GPS Fixed Point Origin","1.580393","0.1459158","1.5736424","0","1763783960965"
"313.09","36757301","-45.858724089","170.546582831","0.0","-45.858722762475495","170.54656255984673","GPS Fixed Point Origin","1.5811515","0.14744128","1.574262","0","1763783961139"
"313.09","36757301","-45.858724089","170.546582831","0.0","-45.85872278865384","170.54656255151613","GPS Fixed Point Origin","1.581527","0.14453161","1.574909","0","1763783961347"
"313.09","36757301","-45.858724089","170.546582831","0.0","-45.85872287529608","170.54656257951245","GPS Fixed Point Origin","1.5785098","0.13490145","1.5727348","0","1763783961570"
"313.09","36757301","-45.858724089","170.546582831","0.0","-45.85872297749091","170.54656255864282","GPS Fixed Point Origin","1.5791954","0.12354263","1.5743555","0","1763783961728"
"313.09","36757301","-45.858724089","170.546582831","0.0","-45.85872316295061","170.54656248086025","GPS Fixed Point Origin","1.5837444","0.102929056","1.5803962","0","1763783961953"
"313.09","36757301","-45.858724089","170.546582831","0.0","-45.85872340572705","170.54656231500172","GPS Fixed Point Origin","1.5950857","0.0759448","1.5932767","0","1763783962177"
"313.09","36757301","-45.858724089","170.546582831","0.0","-45.85872347061663","170.54656221171754","GPS Fixed Point Origin","1.6027722","0.06873242","1.6012979","0","1763783962335"
"313.09","36757301","-45.858724089","170.546582831","0.0","-45.85872334353593","170.54656191052467","GPS Fixed Point Origin","1.6268","0.08285726","1.6246885","0","1763783962554"
"313.09","36757301","-45.858724089","170.546582831","0.0","-45.85872316791708","170.54656166336707","GPS Fixed Point Origin","1.6470677","0.10237704","1.6438829","0","1763783962776"
"313.09","36757301","-45.858724089","170.546582831","0.0","-45.85872284126326","170.54656136522937","GPS Fixed Point Origin","1.672795","0.13868414","1.6670363","0","1763783962939"
"313.09","36757301","-45.858724089","170.546582831","0.0","-45.85872225634359","170.5465611746565","GPS Fixed Point Origin","1.6941268","0.20369712","1.6818362","0","1763783963156"
"313.09","36757301","-45.858724089","170.546582831","0.0","-45.85872141711796","170.54656089743224","GPS Fixed Point Origin","1.72906","0.29697585","1.7033654","0","1763783963325"
"313.09","36757301","-45.858724089","170.546582831","0.0","-45.85872038412628","170.54656058048602","GPS Fixed Point Origin","1.7763687","0.41179138","1.7279797","0","1763783963544"
"313.09","36757301","-45.858724089","170.546582831","0.0","-45.858719411242966","170.54656029532856","GPS Fixed Point Origin","1.825722","0.51992595","1.7501249","0","1763783963764"
"313.09","36757301","-45.858724089","170.546582831","0.0","-45.85871870560433","170.54656017937396","GPS Fixed Point Origin","1.8581091","0.59835666","1.75913","0","1763783963925"
"313.09","36757301","-45.858724089","170.546582831","0.0","-45.85871823345065","170.54655999706554","GPS Fixed Point Origin","1.8889517","0.6508359","1.7732881","0","1763783964157"
"313.09","36757301","-45.858724089","170.546582831","0.0","-45.85871765234952","170.54655984242834","GPS Fixed Point Origin","1.9233093","0.7154244","1.7852973","0","1763783964382"
"313.09","36757301","-45.858724089","170.546582831","0.0","-45.85871689004521","170.5465596955736","GPS Fixed Point Origin","1.9668208","0.80015343","1.796702","0","1763783964541"
"313.09","36757301","-45.858724089","170.546582831","0.0","-45.85871603945389","170.54655981562746","GPS Fixed Point Origin","1.9988004","0.89469546","1.7873787","0","1763783964754"
"313.09","36757301","-45.858724089","170.546582831","0.0","-45.85871521325907","170.54656005537922","GPS Fixed Point Origin","2.0252762","0.98652583","1.7687595","0","1763783964972"
"313.09","36757301","-45.858724089","170.546582831","0.0","-45.85871448797089","170.5465600762635","GPS Fixed Point Origin","2.0643559","1.0671406","1.7671376","0","1763783965148"
"313.09","36757301","-45.858724089","170.546582831","0.0","-45.85871400752155","170.54656020393378","GPS Fixed Point Origin","2.0840936","1.1205418","1.7572228","0","1763783965361"
"313.09","36757301","-45.858724089","170.546582831","0.0","-45.85871384536398","170.54656075814933","GPS Fixed Point Origin","2.0578513","1.1385654","1.7141823","0","1763783965578"
"313.09","36757301","-45.858724089","170.546582831","0.0","-45.85871338403146","170.54656109727753","GPS Fixed Point Origin","2.0650778","1.1898419","1.6878455","0","1763783965737"
"313.09","36757301","-45.858724089","170.546582831","0.0","-45.858712556746006","170.54656142839568","GPS Fixed Point Origin","2.0989697","1.2817934","1.6621307","0","1763783965966"
"313.09","36757301","-45.858724089","170.546582831","0.0","-45.858711685215866","170.54656146717204","GPS Fixed Point Origin","2.1571715","1.3786627","1.6591194","0","1763783966178"
"313.09","36757301","-45.858724089","170.546582831","0.0","-45.85871097514136","170.5465615532814","GPS Fixed Point Origin","2.203427","1.4575865","1.6524321","0","1763783966343"
"313.09","36757301","-45.858724089","170.546582831","0.0","-45.858710401191175","170.54656169733929","GPS Fixed Point Origin","2.237919","1.5213802","1.6412445","0","1763783966558"
"313.09","36757301","-45.858724089","170.546582831","0.0","-45.85870975862335","170.54656176987177","GPS Fixed Point Origin","2.2830331","1.5928007","1.6356117","0","1763783966783"
"313.09","36757301","-45.858724089","170.546582831","0.0","-45.858709088671965","170.5465618159824","GPS Fixed Point Origin","2.3330874","1.6672648","1.6320307","0","1763783966945"
"313.09","36757301","-45.858724089","170.546582831","0.0","-45.858708351417626","170.54656195363313","GPS Fixed Point Origin","2.3850536","1.7492096","1.6213408","0","1763783967168"
"313.09","36757301","-45.858724089","170.546582831","0.0","-45.85870755853738","170.54656221065585","GPS Fixed Point Origin","2.437258","1.8373371","1.6013802","0","1763783967337"
"313.09","36757301","-45.858724089","170.546582831","0.0","-45.85870675067046","170.5465622640754","GPS Fixed Point Origin","2.5029945","1.9271303","1.5972317","0","1763783967557"
"313.09","36757301","-45.858724089","170.546582831","0.0","-45.85870603259371","170.54656219045583","GPS Fixed Point Origin","2.5685148","2.0069435","1.602949","0","1763783967764"
"313.09","36757301","-45.858724089","170.546582831","0.0","-45.858705366484365","170.54656215769683","GPS Fixed Point Origin","2.6283245","2.0809805","1.6054931","0","1763783967937"
"313.09","36757301","-45.858724089","170.546582831","0.0","-45.85870465138722","170.54656222149964","GPS Fixed Point Origin","2.6887398","2.1604626","1.6005381","0","1763783968158"
"313.09","36757301","-45.858724089","170.546582831","0.0","-45.85870391880866","170.5465623430096","GPS Fixed Point Origin","2.749121","2.2418876","1.5911016","0","1763783968373"
"313.09","36757301","-45.858724089","170.546582831","0.0","-45.858703023062034","170.54656246991493","GPS Fixed Point Origin","2.825371","2.3414485","1.5812461","0","1763783968538"
"313.09","36757301","-45.858724089","170.546582831","0.0","-45.85870203383974","170.54656251889242","GPS Fixed Point Origin","2.9150789","2.4513993","1.5774425","0","1763783968761"
"313.09","36757301","-45.858724089","170.546582831","0.0","-45.858701190500014","170.54656264391573","GPS Fixed Point Origin","2.989231","2.5451353","1.5677332","0","1763783968977"
"313.09","36757301","-45.858724089","170.546582831","0.0","-45.85870057660608","170.54656279088042","GPS Fixed Point Origin","3.0416818","2.6133687","1.55632","0","1763783969145"
"313.09","36757301","-45.858724089","170.546582831","0.0","-45.85869994071294","170.5465629818892","GPS Fixed Point Origin","3.0952044","2.6840472","1.5414861","0","1763783969368"
"313.09","36757301","-45.858724089","170.546582831","0.0","-45.85869949518466","170.54656316945767","GPS Fixed Point Origin","3.1311138","2.733567","1.5269195","0","1763783969529"
"313.09","36757301","-45.858724089","170.546582831","0.0","-45.85869905460733","170.54656326858577","GPS Fixed Point Origin","3.1702592","2.7825367","1.5192212","0","1763783969748"
"313.09","36757301","-45.858724089","170.546582831","0.0","-45.85869856754085","170.54656354684712","GPS Fixed Point Origin","3.2077339","2.8366735","1.4976114","0","1763783969965"
"313.09","36757301","-45.858724089","170.546582831","0.0","-45.85869798403465","170.54656361755448","GPS Fixed Point Origin","3.262713","2.9015293","1.4921203","0","1763783970141"
"313.09","36757301","-45.858724089","170.546582831","0.0","-45.858697409158744","170.5465636752001","GPS Fixed Point Origin","3.317655","2.965426","1.4876435","0","1763783970354"
"313.09","36757301","-45.858724089","170.546582831","0.0","-45.85869716396333","170.54656385319936","GPS Fixed Point Origin","3.3359067","2.992679","1.47382","0","1763783970583"
"313.09","36757301","-45.858724089","170.546582831","0.0","-45.85869713349527","170.54656401122926","GPS Fixed Point Origin","3.3335462","2.9960654","1.4615474","0","1763783970739"
"313.09","36757301","-45.858724089","170.546582831","0.0","-45.85869707630703","170.54656415738518","GPS Fixed Point Origin","3.334308","3.0024219","1.4501969","0","1763783970959"
"313.09","36757301","-45.858724089","170.546582831","0.0","-45.858696842486935","170.5465644052462","GPS Fixed Point Origin","3.3494604","3.0284107","1.4309479","0","1763783971128"
"313.09","36757301","-45.858724089","170.546582831","0.0","-45.8586965293972","170.5465648479461","GPS Fixed Point Origin","3.36655","3.06321","1.3965677","0","1763783971350"
"313.09","36757301","-45.858724089","170.546582831","0.0","-45.85869593992977","170.54656503436595","GPS Fixed Point Origin","3.4203973","3.1287286","1.3820903","0","1763783971564"
"313.09","36757301","-45.858724089","170.546582831","0.0","-45.85869540649889","170.54656525958987","GPS Fixed Point Origin","3.467794","3.1880186","1.3645995","0","1763783971737"
"313.09","36757301","-45.858724089","170.546582831","0.0","-45.8586947617589","170.54656541625744","GPS Fixed Point Origin","3.5291064","3.2596805","1.3524326","0","1763783971962"
"313.09","36757301","-45.858724089","170.546582831","0.0","-45.85869420068212","170.5465657048664","GPS Fixed Point Origin","3.5783968","3.3220434","1.3300191","0","1763783972130"
"313.09","36757301","-45.858724089","170.546582831","0.0","-45.858693536967195","170.54656594305862","GPS Fixed Point Origin","3.6402807","3.3958144","1.311521","0","1763783972353"
"313.09","36757301","-45.858724089","170.546582831","0.0","-45.85869281406159","170.54656616826065","GPS Fixed Point Origin","3.70921","3.4761643","1.2940319","0","1763783972559"
"313.09","36757301","-45.858724089","170.546582831","0.0","-45.85869199988994","170.54656633266805","GPS Fixed Point Origin","3.789814","3.5666583","1.281264","0","1763783972729"
"313.09","36757301","-45.858724089","170.546582831","0.0","-45.858691262143836","170.5465664397109","GPS Fixed Point Origin","3.864338","3.6486578","1.272951","0","1763783972948"
"313.09","36757301","-45.858724089","170.546582831","0.0","-45.85869056645313","170.54656652068624","GPS Fixed Point Origin","3.9354012","3.7259827","1.2666624","0","1763783973168"
"313.09","36757301","-45.858724089","170.546582831","0.0","-45.85868991570156","170.54656679657933","GPS Fixed Point Origin","3.9972234","3.798313","1.2452365","0","1763783973332"
"313.09","36757301","-45.858724089","170.546582831","0.0","-45.858689299892994","170.54656736018802","GPS Fixed Point Origin","4.049117","3.866759","1.2014666","0","1763783973549"
"313.09","36757301","-45.858724089","170.546582831","0.0","-45.85868868673365","170.54656775719013","GPS Fixed Point Origin","4.1053514","3.9349108","1.1706352","0","1763783973760"
"313.09","36757301","-45.858724089","170.546582831","0.0","-45.85868798448952","170.54656825258883","GPS Fixed Point Origin","4.1696134","4.0129642","1.1321625","0","1763783973981"
"313.09","36757301","-45.858724089","170.546582831","0.0","-45.858687411046915","170.54656856557844","GPS Fixed Point Origin","4.224552","4.0767016","1.1078557","0","1763783974161"
"313.09","36757301","-45.858724089","170.546582831","0.0","-45.85868696123053","170.54656881500375","GPS Fixed Point Origin","4.2678375","4.126698","1.0884852","0","1763783974379"
"313.09","36757301","-45.858724089","170.546582831","0.0","-45.85868651827596","170.54656876690987","GPS Fixed Point Origin","4.316405","4.175932","1.0922202","0","1763783974538"
"313.09","36757301","-45.858724089","170.546582831","0.0","-45.8586861392526","170.54656870734016","GPS Fixed Point Origin","4.358337","4.2180595","1.0968463","0","1763783974761"
"313.09","36757301","-45.858724089","170.546582831","0.0","-45.858685673081574","170.54656868548705","GPS Fixed Point Origin","4.408925","4.269874","1.0985435","0","1763783974965"
"313.09","36757301","-45.858724089","170.546582831","0.0","-45.858685102582655","170.5465686813292","GPS Fixed Point Origin","4.470443","4.333284","1.0988665","0","1763783975137"
"313.09","36757301","-45.858724089","170.546582831","0.0","-45.85868460097175","170.5465686681492","GPS Fixed Point Origin","4.524755","4.3890376","1.09989","0","1763783975361"
"313.09","36757301","-45.858724089","170.546582831","0.0","-45.85868432014049","170.54656887553753","GPS Fixed Point Origin","4.551177","4.4202514","1.0837841","0","1763783975573"
"313.09","36757301","-45.858724089","170.546582831","0.0","-45.858684158159605","170.54656891053853","GPS Fixed Point Origin","4.568021","4.4382553","1.081066","0","1763783975729"
"313.09","36757301","-45.858724089","170.546582831","0.0","-45.85868398772781","170.54656902562868","GPS Fixed Point Origin","4.5843296","4.4571986","1.072128","0","1763783975949"
"313.09","36757301","-45.858724089","170.546582831","0.0","-45.8586836436753","170.54656921269319","GPS Fixed Point Origin","4.6181703","4.4954395","1.0576006","0","1763783976138"
"313.09","36757301","-45.858724089","170.546582831","0.0","-45.85868330221204","170.54656922186064","GPS Fixed Point Origin","4.654961","4.5333924","1.0568886","0","1763783976349"
"313.09","36757301","-45.858724089","170.546582831","0.0","-45.85868299454174","170.54656926822693","GPS Fixed Point Origin","4.6874614","4.5675898","1.0532879","0","1763783976567"
"313.09","36757301","-45.858724089","170.546582831","0.0","-45.85868279692823","170.54656927991985","GPS Fixed Point Origin","4.7086635","4.5895543","1.0523797","0","1763783976779"
"313.09","36757301","-45.858724089","170.546582831","0.0","-45.858682655228684","170.54656938740393","GPS Fixed Point Origin","4.7221637","4.605304","1.0440325","0","1763783976948"
"313.09","36757301","-45.858724089","170.546582831","0.0","-45.85868255583298","170.5465694404274","GPS Fixed Point Origin","4.732032","4.6163516","1.0399147","0","1763783977168"
"313.09","36757301","-45.858724089","170.546582831","0.0","-45.85868247798004","170.54656945159718","GPS Fixed Point Origin","4.740284","4.625005","1.0390472","0","1763783977334"
"313.09","36757301","-45.858724089","170.546582831","0.0","-45.858682391883924","170.5465694546779","GPS Fixed Point Origin","4.7495685","4.6345744","1.038808","0","1763783977548"
"313.09","36757301","-45.858724089","170.546582831","0.0","-45.85868227944134","170.5465693149591","GPS Fixed Point Origin","4.7641435","4.6470723","1.0496585","0","1763783977773"
"313.09","36757301","-45.858724089","170.546582831","0.0","-45.858682078801685","170.5465694114908","GPS Fixed Point Origin","4.7842603","4.669373","1.042162","0","1763783977939"
"313.09","36757301","-45.858724089","170.546582831","0.0","-45.858682095692814","170.54656948603235","GPS Fixed Point Origin","4.78117","4.6674957","1.036373","0","1763783978160"
"313.09","36757301","-45.858724089","170.546582831","0.0","-45.85868201742654","170.5465695679587","GPS Fixed Point Origin","4.78829","4.6761947","1.0300106","0","1763783978371"
"313.09","36757301","-45.858724089","170.546582831","0.0","-45.85868210979553","170.54656958249848","GPS Fixed Point Origin","4.778021","4.665928","1.0288814","0","1763783978538"
"313.09","36757301","-45.858724089","170.546582831","0.0","-45.85868218259205","170.54656952315003","GPS Fixed Point Origin","4.771116","4.657837","1.0334904","0","1763783978760"
"313.09","36757301","-45.858724089","170.546582831","0.0","-45.85868208227972","170.54656939087508","GPS Fixed Point Origin","4.784232","4.6689863","1.0437629","0","1763783978974"
"313.09","36757301","-45.858724089","170.546582831","0.0","-45.8586817996195","170.54656957942984","GPS Fixed Point Origin","4.811744","4.7004037","1.0291197","0","1763783979151"
"313.09","36757301","-45.858724089","170.546582831","0.0","-45.858681590901575","170.54656954929433","GPS Fixed Point Origin","4.8349075","4.7236023","1.03146","0","1763783979362"
"313.09","36757301","-45.858724089","170.546582831","0.0","-45.85868145568264","170.54656931461815","GPS Fixed Point Origin","4.853501","4.7386317","1.0496851","0","1763783979576"
"313.09","36757301","-45.858724089","170.546582831","0.0","-45.85868129740252","170.5465691383106","GPS Fixed Point Origin","4.8736477","4.756224","1.0633771","0","1763783979750"
"313.09","36757301","-45.858724089","170.546582831","0.0","-45.85868107369525","170.54656900248378","GPS Fixed Point Origin","4.9002175","4.7810893","1.0739255","0","1763783979969"
"313.09","36757301","-45.858724089","170.546582831","0.0","-45.85868084568114","170.54656897489625","GPS Fixed Point Origin","4.9254155","4.8064327","1.0760679","0","1763783980141"
"313.09","36757301","-45.858724089","170.546582831","0.0","-45.85868069171","170.54656904041659","GPS Fixed Point Origin","4.9410114","4.8235464","1.0709796","0","1763783980363"
"313.09","36757301","-45.858724089","170.546582831","0.0","-45.858680514245044","170.54656912431645","GPS Fixed Point Origin","4.9588666","4.8432713","1.064464","0","1763783980576"
"313.09","36757301","-45.858724089","170.546582831","0.0","-45.85868036007258","170.5465692269881","GPS Fixed Point Origin","4.973905","4.8604074","1.0564904","0","1763783980742"
"313.09","36757301","-45.858724089","170.546582831","0.0","-45.85868029026365","170.54656934322028","GPS Fixed Point Origin","4.979581","4.8681664","1.0474638","0","1763783980961"
"313.09","36757301","-45.858724089","170.546582831","0.0","-45.85868024916556","170.54656929402123","GPS Fixed Point Origin","4.984851","4.8727345","1.0512847","0","1763783981184"
"313.09","36757301","-45.858724089","170.546582831","0.0","-45.85868023782343","170.5465691482818","GPS Fixed Point Origin","4.988482","4.873995","1.0626028","0","1763783981341"
"313.09","36757301","-45.858724089","170.546582831","0.0","-45.85868036394682","170.5465694794811","GPS Fixed Point Origin","4.9693556","4.859977","1.0368818","0","1763783981562"
"313.09","36757301","-45.858724089","170.546582831","0.0","-45.858680388952614","170.5465696415187","GPS Fixed Point Origin","4.964026","4.8571973","1.024298","0","1763783981773"
"313.09","36757301","-45.858724089","170.546582831","0.0","-45.85868054224058","170.5465699354594","GPS Fixed Point Origin","4.9426804","4.8401594","1.0014704","0","1763783981944"
"313.09","36757301","-45.858724089","170.546582831","0.0","-45.85868061701169","170.5465701745567","GPS Fixed Point Origin","4.930807","4.8318486","0.98290205","0","1763783982160"
"313.09","36757301","-45.858724089","170.546582831","0.0","-45.85868056490771","170.54657046668765","GPS Fixed Point Origin","4.9320154","4.8376403","0.9602151","0","1763783982332"
"313.09","36757301","-45.858724089","170.546582831","0.0","-45.85868050206339","170.54657079797164","GPS Fixed Point Origin","4.9339294","4.844625","0.9344875","0","1763783982553"
"313.09","36757301","-45.858724089","170.546582831","0.0","-45.85868042777843","170.546571136865","GPS Fixed Point Origin","4.937128","4.852882","0.908169","0","1763783982770"
"313.09","36757301","-45.858724089","170.546582831","0.0","-45.858680280825446","170.54657152365616","GPS Fixed Point Origin","4.9477644","4.8692155","0.87813073","0","1763783982942"
"313.09","36757301","-45.858724089","170.546582831","0.0","-45.85868010063418","170.54657188463753","GPS Fixed Point Origin","4.962597","4.8892436","0.8500968","0","1763783983160"
"313.09","36757301","-45.858724089","170.546582831","0.0","-45.85867993327349","170.546572127968","GPS Fixed Point Origin","4.9777346","4.9078455","0.8311997","0","1763783983398"
"313.09","36757301","-45.858724089","170.546582831","0.0","-45.858679831511274","170.54657220910207","GPS Fixed Point Origin","4.9878407","4.919156","0.82489884","0","1763783983542"
"313.09","36757301","-45.858724089","170.546582831","0.0","-45.85867975687079","170.54657231326115","GPS Fixed Point Origin","4.9946938","4.927452","0.81680983","0","1763783983760"
"313.09","36757301","-45.858724089","170.546582831","0.0","-45.85867964574746","170.54657243018377","GPS Fixed Point Origin","5.0054054","4.9398036","0.8077296","0","1763783983985"
"313.09","36757301","-45.858724089","170.546582831","0.0","-45.85867953284871","170.54657253017285","GPS Fixed Point Origin","5.016546","4.952352","0.7999644","0","1763783984152"
"313.09","36757301","-45.858724089","170.546582831","0.0","-45.85867939377696","170.54657262314345","GPS Fixed Point Origin","5.0306635","4.9678097","0.7927443","0","1763783984375"
"313.09","36757301","-45.858724089","170.546582831","0.0","-45.858679194053934","170.54657273422455","GPS Fixed Point Origin","5.05124","4.9900084","0.7841177","0","1763783984536"
"313.09","36757301","-45.858724089","170.546582831","0.0","-45.85867895633605","170.54657286798553","GPS Fixed Point Origin","5.0757494","5.0164304","0.7737298","0","1763783984753"
"313.09","36757301","-45.858724089","170.546582831","0.0","-45.85867873773018","170.5465729565898","GPS Fixed Point Origin","5.0987253","5.040728","0.7668488","0","1763783984985"
"313.09","36757301","-45.858724089","170.546582831","0.0","-45.85867847551192","170.54657300943094","GPS Fixed Point Origin","5.126929","5.0698733","0.76274514","0","1763783985152"
"313.09","36757301","-45.858724089","170.546582831","0.0","-45.85867821833938","170.5465731277651","GPS Fixed Point Origin","5.153845","5.098458","0.75355524","0","1763783985361"
"313.09","36757301","-45.858724089","170.546582831","0.0","-45.85867795502032","170.54657323698493","GPS Fixed Point Origin","5.1815734","5.127725","0.74507326","0","1763783985585"
"313.09","36757301","-45.858724089","170.546582831","0.0","-45.858677698674434","170.54657334363068","GPS Fixed Point Origin","5.2085934","5.1562176","0.7367911","0","1763783985743"
"313.09","36757301","-45.858724089","170.546582831","0.0","-45.85867744355786","170.54657347479437","GPS Fixed Point Origin","5.235242","5.1845737","0.7266049","0","1763783985964"
"313.09","36757301","-45.858724089","170.546582831","0.0","-45.85867722315086","170.54657362956462","GPS Fixed Point Origin","5.257857","5.2090716","0.7145854","0","1763783986134"
"313.09","36757301","-45.858724089","170.546582831","0.0","-45.85867703417888","170.5465738316071","GPS Fixed Point Origin","5.2765656","5.2300754","0.69889474","0","1763783986367"
"313.09","36757301","-45.858724089","170.546582831","0.0","-45.85867687262846","170.5465741100543","","5.291553","5.2480316","0.6772705","0","1763783986570"
"313.09","36757301","-45.858724089","170.546582831","0.0","-45.858676731271586","170.54657441003675","","5.304213","5.2637434","0.65397376","0","1763783986733"
"313.09","36757301","-45.858724089","170.546582831","0.0","-45.85867661022602","170.54657470408176","","5.3148046","5.2771974","0.6311382","0","1763783986962"
"313.09","36757301","-45.858724089","170.546582831","0.0","-45.85867647367285","170.54657499086176","","5.327284","5.292375","0.6088668","0","1763783987183"
"313.09","36757301","-45.858724089","170.546582831","0.0","-45.85867635113671","170.54657526471024","","5.338432","5.3059945","0.58759964","0","1763783987346"
"313.09","36757301","-45.858724089","170.546582831","0.0","-45.85867624515117","170.5465754672955","","5.3484354","5.317775","0.57186687","0","1763783987553"
"313.09","36757301","-45.858724089","170.546582831","0.0","-45.858676146824145","170.54657564219963","","5.357869","5.328704","0.55828375","0","1763783987785"
"313.09","36757301","-45.858724089","170.546582831","0.0","-45.85867605905755","170.54657578913702","","5.3663964","5.338459","0.54687256","0","1763783987948"
"313.09","36757301","-45.858724089","170.546582831","0.0","-45.858675977917194","170.54657591332239","","5.374396","5.3474774","0.5372283","0","1763783988165"
"313.09","36757301","-45.858724089","170.546582831","0.0","-45.8586758972737","170.54657602691682","","5.382441","5.356441","0.52840656","0","1763783988333"
"313.09","36757301","-45.858724089","170.546582831","0.0","-45.858675852509116","170.54657612060686","","5.386684","5.3614163","0.52113056","0","1763783988555"
"313.09","36757301","-45.858724089","170.546582831","0.0","-45.85867582886753","170.54657621025922","","5.3886304","5.364044","0.51416814","0","1763783988774"
"313.09","36757301","-45.858724089","170.546582831","0.0","-45.85867583016538","170.54657625833875","","5.388132","5.3638997","0.51043427","0","1763783988933"
"313.09","36757301","-45.858724089","170.546582831","0.0","-45.85867585093501","170.5465763029041","","5.3855066","5.3615913","0.5069733","0","1763783989162"
"313.09","36757301","-45.858724089","170.546582831","0.0","-45.858675877947526","170.54657632611088","","5.3823485","5.358589","0.50517106","0","1763783989385"
"313.09","36757301","-45.858724089","170.546582831","0.0","-45.858675920399136","170.54657634994035","","5.377477","5.3538704","0.50332046","0","1763783989545"
"313.09","36757301","-45.858724089","170.546582831","0.0","-45.85867596326408","170.5465763882143","","5.372456","5.3491063","0.5003481","0","1763783989762"
"313.09","36757301","-45.858724089","170.546582831","0.0","-45.858675981594395","170.5465763994025","","5.3703465","5.347069","0.4994792","0","1763783989983"
"313.09","36757301","-45.858724089","170.546582831","0.0","-45.85867600651024","170.54657642095486","","5.367434","5.3442993","0.49780545","0","1763783990155"
"313.09","36757301","-45.858724089","170.546582831","0.0","-45.85867603180517","170.54657643088805","","5.364563","5.341488","0.49703404","0","1763783990368"
"313.09","36757301","-45.858724089","170.546582831","0.0","-45.85867606185239","170.5465764201219","","5.3613153","5.338148","0.49787015","0","1763783990525"
"313.09","36757301","-45.858724089","170.546582831","0.0","-45.85867608923541","170.54657640430898","","5.358399","5.3351045","0.49909818","0","1763783990753"
"313.09","36757301","-45.858724089","170.546582831","0.0","-45.858676117042485","170.54657637548232","","5.3555307","5.332014","0.5013369","0","1763783990967"
"313.09","36757301","-45.858724089","170.546582831","0.0","-45.8586761446718","170.54657633931333","","5.3527374","5.328943","0.50414574","0","1763783991134"
"313.09","36757301","-45.858724089","170.546582831","0.0","-45.85867616898585","170.54657633564466","","5.350074","5.3262405","0.50443065","0","1763783991355"
"313.09","36757301","-45.858724089","170.546582831","0.0","-45.858676162438854","170.54657632091767","","5.350906","5.326968","0.50557435","0","1763783991575"
"313.09","36757301","-45.858724089","170.546582831","0.0","-45.85867618801219","170.5465763060588","","5.3481855","5.324126","0.5067283","0","1763783991735"
"313.09","36757301","-45.858724089","170.546582831","0.0","-45.85867621212279","170.5465763158517","","5.3454456","5.321446","0.5059678","0","1763783991963"
"313.09","36757301","-45.858724089","170.546582831","0.0","-45.85867626705588","170.54657634952636","","5.3391204","5.31534","0.5033526","0","1763783992149"
"313.09","36757301","-45.858724089","170.546582831","0.0","-45.858676342548726","170.54657640451998","","5.330365","5.306949","0.4990818","0","1763783992355"
"313.09","36757301","-45.858724089","170.546582831","0.0","-45.85867644046884","170.5465764766147","","5.319007","5.2960653","0.4934829","0","1763783992577"
"313.09","36757301","-45.858724089","170.546582831","0.0","-45.858676549266356","170.54657653280418","","5.3065624","5.2839727","0.4891192","0","1763783992754"
"313.09","36757301","-45.858724089","170.546582831","0.0","-45.85867667153479","170.54657657367508","","5.2927384","5.270383","0.48594517","0","1763783992963"
"313.09","36757301","-45.858724089","170.546582831","0.0","-45.85867677194777","170.54657659999512","","5.281437","5.259222","0.48390114","0","1763783993138"
"313.09","36757301","-45.858724089","170.546582831","0.0","-45.858676878937736","170.5465765888349","","5.2696753","5.24733","0.48476785","0","1763783993356"
"313.09","36757301","-45.858724089","170.546582831","0.0","-45.858677026235526","170.54657657059533","","5.253504","5.2309585","0.48618436","0","1763783993566"
"313.09","36757301","-45.858724089","170.546582831","0.0","-45.858677140836896","170.5465765828095","","5.2407327","5.2182207","0.48523578","0","1763783993738"
"313.09","36757301","-45.858724089","170.546582831","0.0","-45.85867725952236","170.54657658706284","","5.227567","5.205029","0.48490548","0","1763783993958"
"313.09","36757301","-45.858724089","170.546582831","0.0","-45.85867734985464","170.5465765542062","","5.2178082","5.1949887","0.48745713","0","1763783994127"
"313.09","36757301","-45.858724089","170.546582831","0.0","-45.85867744561812","170.54657652668075","","5.2074113","5.184345","0.48959476","0","1763783994347"
"313.09","36757301","-45.858724089","170.546582831","0.0","-45.85867751511652","170.54657652826907","","5.1997094","5.17662","0.4894714","0","1763783994555"
"313.09","36757301","-45.858724089","170.546582831","0.0","-45.85867759420304","170.5465765288276","","5.1909537","5.1678295","0.48942804","0","1763783994780"
"313.09","36757301","-45.858724089","170.546582831","0.0","-45.858677680393384","170.5465765256571","","5.18144","5.15825","0.48967427","0","1763783994949"
"313.09","36757301","-45.858724089","170.546582831","0.0","-45.85867774193559","170.54657651947215","","5.174676","5.151409","0.4901546","0","1763783995177"
"313.09","36757301","-45.858724089","170.546582831","0.0","-45.85867781393757","170.54657651480366","","5.1667433","5.1434064","0.49051714","0","1763783995334"
"313.09","36757301","-45.858724089","170.546582831","0.0","-45.85867789340743","170.54657650731332","","5.1580057","5.1345735","0.49109885","0","1763783995560"
"313.09","36757301","-45.858724089","170.546582831","0.0","-45.858677980107494","170.5465764737359","","5.1486626","5.124937","0.49370646","0","1763783995777"
"313.09","36757301","-45.858724089","170.546582831","0.0","-45.85867807199889","170.54657644433462","","5.1387157","5.114723","0.49598977","0","1763783995946"
"313.09","36757301","-45.858724089","170.546582831","0.0","-45.858678167800925","170.5465764191355","","5.128307","5.104075","0.49794674","0","1763783996168"
"313.09","36757301","-45.858724089","170.546582831","0.0","-45.858678237209375","170.54657640194648","","5.120759","5.09636","0.49928164","0","1763783996331"
"313.09","36757301","-45.858724089","170.546582831","0.0","-45.858678281023074","170.54657635684063","","5.1162553","5.0914907","0.5027846","0","1763783996549"
"313.09","36757301","-45.858724089","170.546582831","0.0","-45.85867830943622","170.54657632376527","","5.1133657","5.0883327","0.5053532","0","1763783996758"
"313.09","36757301","-45.858724089","170.546582831","0.0","-45.85867835150448","170.54657629714623","GPS Fixed Point Origin","5.1089177","5.083657","0.5074205","0","1763783996986"
"313.09","36757301","-45.858724089","170.546582831","0.0","-45.85867837533879","170.54657630749955","GPS Fixed Point Origin","5.106202","5.0810075","0.5066164","0","1763783997161"
"313.09","36757301","-45.858724089","170.546582831","0.0","-45.85867838856129","170.54657631847255","GPS Fixed Point Origin","5.104655","5.079538","0.50576425","0","1763783997376"
"313.09","36757301","-45.858724089","170.546582831","0.0","-45.85867841837722","170.54657632947703","GPS Fixed Point Origin","5.1012726","5.076224","0.50490963","0","1763783997541"
"313.09","36757301","-45.858724089","170.546582831","0.0","-45.85867843723009","170.54657634104274","GPS Fixed Point Origin","5.0990987","5.0741286","0.50401145","0","1763783997747"
"313.09","36757301","-45.858724089","170.546582831","0.0","-45.858678443869174","170.54657635125884","GPS Fixed Point Origin","5.098286","5.0733905","0.50321805","0","1763783997965"
"313.09","36757301","-45.858724089","170.546582831","0.0","-45.858678471376415","170.54657632952737","GPS Fixed Point Origin","5.0954103","5.070333","0.50490576","0","1763783998138"
"313.09","36757301","-45.858724089","170.546582831","0.0","-45.85867848899141","170.54657631402736","GPS Fixed Point Origin","5.0935817","5.068375","0.5061095","0","1763783998358"
"313.09","36757301","-45.858724089","170.546582831","0.0","-45.85867852571413","170.54657630077375","GPS Fixed Point Origin","5.0896225","5.0642934","0.5071387","0","1763783998567"
"313.09","36757301","-45.858724089","170.546582831","0.0","-45.858678551955656","170.54657629293942","GPS Fixed Point Origin","5.086781","5.061377","0.5077472","0","1763783998741"
"313.09","36757301","-45.858724089","170.546582831","0.0","-45.858678566619474","170.5465762558894","GPS Fixed Point Origin","5.0854473","5.0597467","0.51062447","0","1763783998947"
"313.09","36757301","-45.858724089","170.546582831","0.0","-45.85867860404252","170.54657622500463","GPS Fixed Point Origin","5.0815506","5.0555873","0.513023","0","1763783999178"
"313.09","36757301","-45.858724089","170.546582831","0.0","-45.85867866077458","170.5465762304016","GPS Fixed Point Origin","5.075235","5.0492816","0.5126039","0","1763783999345"
"313.09","36757301","-45.858724089","170.546582831","0.0","-45.858678704187795","170.54657620372603","GPS Fixed Point Origin","5.070644","5.0444565","0.5146755","0","1763783999558"
"313.09","36757301","-45.858724089","170.546582831","0.0","-45.85867876589276","170.54657618438895","GPS Fixed Point Origin","5.063974","5.037598","0.51617724","0","1763783999777"
"313.09","36757301","-45.858724089","170.546582831","0.0","-45.858678813139505","170.5465761690938","GPS Fixed Point Origin","5.0588713","5.0323467","0.51736504","0","1763783999939"
"313.09","36757301","-45.858724089","170.546582831","0.0","-45.85867884734579","170.54657615738245","GPS Fixed Point Origin","5.0551825","5.0285444","0.51827455","0","1763784000174"
"313.09","36757301","-45.858724089","170.546582831","0.0","-45.8586788724801","170.54657617880292","GPS Fixed Point Origin","5.052233","5.025751","0.51661104","0","1763784000329"
"313.09","36757301","-45.858724089","170.546582831","0.0","-45.85867888675199","170.54657619743998","GPS Fixed Point Origin","5.0505075","5.0241647","0.51516366","0","1763784000548"
"313.09","36757301","-45.858724089","170.546582831","0.0","-45.85867889604243","170.5465762135673","GPS Fixed Point Origin","5.0493526","5.023132","0.51391125","0","1763784000775"
"313.09","36757301","-45.858724089","170.546582831","0.0","-45.85867889861883","170.54657622725145","GPS Fixed Point Origin","5.0489597","5.0228457","0.5128485","0","1763784000945"
"313.09","36757301","-45.858724089","170.546582831","0.0","-45.8586789284476","170.54657620772375","GPS Fixed Point Origin","5.0458155","5.0195303","0.514365","0","1763784001168"
"313.09","36757301","-45.858724089","170.546582831","0.0","-45.85867894977406","170.54657619404998","GPS Fixed Point Origin","5.043566","5.01716","0.51542693","0","1763784001329"
"313.09","36757301","-45.858724089","170.546582831","0.0","-45.8586789646649","170.54657617901856","GPS Fixed Point Origin","5.042039","5.015505","0.5165943","0","1763784001551"
"313.09","36757301","-45.858724089","170.546582831","0.0","-45.858679009984165","170.54657616706425","GPS Fixed Point Origin","5.0371237","5.0104675","0.51752263","0","1763784001768"
"313.09","36757301","-45.858724089","170.546582831","0.0","-45.85867904375784","170.54657612476106","GPS Fixed Point Origin","5.0337286","5.006714","0.5208079","0","1763784001937"
"313.09","36757301","-45.858724089","170.546582831","0.0","-45.85867906183758","170.54657609153114","GPS Fixed Point Origin","5.0319977","5.004704","0.52338856","0","1763784002164"
"313.09","36757301","-45.858724089","170.546582831","0.0","-45.85867907686333","170.54657603599895","GPS Fixed Point Origin","5.030787","5.003034","0.5277012","0","1763784002369"
"313.09","36757301","-45.858724089","170.546582831","0.0","-45.85867911480037","170.5465759869792","GPS Fixed Point Origin","5.0269947","4.9988174","0.5315081","0","1763784002539"
"313.09","36757301","-45.858724089","170.546582831","0.0","-45.85867917274889","170.5465759210737","GPS Fixed Point Origin","5.0211344","4.9923763","0.53662634","0","1763784002761"
"313.09","36757301","-45.858724089","170.546582831","0.0","-45.85867921711726","170.5465758358273","GPS Fixed Point Origin","5.016944","4.987445","0.54324657","0","1763784002978"
"313.09","36757301","-45.858724089","170.546582831","0.0","-45.858679249149795","170.54657579827028","GPS Fixed Point Origin","5.0137215","4.983885","0.54616326","0","1763784003153"
"313.09","36757301","-45.858724089","170.546582831","0.0","-45.85867927372084","170.5465758009449","GPS Fixed Point Origin","5.010984","4.9811535","0.54595554","0","1763784003374"
"313.09","36757301","-45.858724089","170.546582831","0.0","-45.85867925686184","170.5465758083203","GPS Fixed Point Origin","5.012784","4.9830275","0.5453828","0","1763784003534"
"313.09","36757301","-45.858724089","170.546582831","0.0","-45.858679242240854","170.54657581774146","GPS Fixed Point Origin","5.0143204","4.9846525","0.54465115","0","1763784003740"
"313.09","36757301","-45.858724089","170.546582831","0.0","-45.85867925501147","170.54657582928718","GPS Fixed Point Origin","5.0128117","4.983233","0.5437545","0","1763784003969"
"313.09","36757301","-45.858724089","170.546582831","0.0","-45.858679261731936","170.5465758418389","GPS Fixed Point Origin","5.0119634","4.9824862","0.54277974","0","1763784004140"
"313.09","36757301","-45.858724089","170.546582831","0.0","-45.85867926630863","170.54657585442976","GPS Fixed Point Origin","5.011352","4.9819775","0.5418019","0","1763784004363"
"313.09","36757301","-45.858724089","170.546582831","0.0","-45.85867929683129","170.54657583663763","GPS Fixed Point Origin","5.008129","4.978585","0.5431837","0","1763784004571"
"313.09","36757301","-45.858724089","170.546582831","0.0","-45.85867932162721","170.54657582473365","GPS Fixed Point Origin","5.00549","4.975829","0.5441081","0","1763784004734"
"313.09","36757301","-45.858724089","170.546582831","0.0","-45.858679339516335","170.54657584562017","GPS Fixed Point Origin","5.003337","4.9738407","0.5424861","0","1763784004950"
"313.09","36757301","-45.858724089","170.546582831","0.0","-45.858679382002215","170.54657586524323","GPS Fixed Point Origin","4.9984775","4.969118","0.54096216","0","1763784005179"
"313.09","36757301","-45.858724089","170.546582831","0.0","-45.858679415304735","170.54657591085606","GPS Fixed Point Origin","4.9944153","4.965417","0.53741986","0","1763784005351"
"313.09","36757301","-45.858724089","170.546582831","0.0","-45.85867943885208","170.54657597963032","GPS Fixed Point Origin","4.991241","4.9627995","0.5320788","0","1763784005560"
"313.09","36757301","-45.858724089","170.546582831","0.0","-45.858679456077304","170.54657600512846","GPS Fixed Point Origin","4.9891267","4.960885","0.5300986","0","1763784005782"
"313.09","36757301","-45.858724089","170.546582831","0.0","-45.85867946673411","170.54657605487205","GPS Fixed Point Origin","4.98754","4.9597006","0.5262355","0","1763784005952"
"313.09","36757301","-45.858724089","170.546582831","0.0","-45.85867944095304","170.54657612511238","GPS Fixed Point Origin","4.989817","4.962566","0.5207806","0","1763784006170"
"313.09","36757301","-45.858724089","170.546582831","0.0","-45.85867942020696","170.54657617977045","GPS Fixed Point Origin","4.991669","4.964872","0.5165359","0","1763784006346"
"313.09","36757301","-45.858724089","170.546582831","0.0","-45.85867939861706","170.54657625310557","GPS Fixed Point Origin","4.99347","4.967272","0.51084065","0","1763784006561"
"313.09","36757301","-45.858724089","170.546582831","0.0","-45.85867941137697","170.5465763102645","GPS Fixed Point Origin","4.991607","4.965853","0.5064017","0","1763784006780"
"313.09","36757301","-45.858724089","170.546582831","0.0","-45.858679420757355","170.54657635422714","GPS Fixed Point Origin","4.990225","4.964811","0.50298756","0","1763784006939"
"313.09","36757301","-45.858724089","170.546582831","0.0","-45.85867942778408","170.54657635421447","GPS Fixed Point Origin","4.9894476","4.96403","0.5029885","0","1763784007161"
"313.09","36757301","-45.858724089","170.546582831","0.0","-45.85867946338244","170.5465763506211","GPS Fixed Point Origin","4.9855394","4.960073","0.5032676","0","1763784007387"
"313.09","36757301","-45.858724089","170.546582831","0.0","-45.858679489861686","170.54657634093587","GPS Fixed Point Origin","4.9826875","4.95713","0.50401974","0","1763784007547"
"313.09","36757301","-45.858724089","170.546582831","0.0","-45.85867951082836","170.5465763304061","","4.9804516","4.9547997","0.5048375","0","1763784007767"
"313.09","36757301","-45.858724089","170.546582831","0.0","-45.858679525689205","170.54657631595742","","4.9789224","4.953148","0.5059596","0","1763784007964"
"313.09","36757301","-45.858724089","170.546582831","0.0","-45.85867953586628","170.54657629981125","","4.977925","4.9520164","0.5072135","0","1763784008153"
"313.09","36757301","-45.858724089","170.546582831","0.0","-45.85867954472624","170.54657631419994","","4.9768314","4.9510317","0.50609607","0","1763784008363"
"313.09","36757301","-45.858724089","170.546582831","0.0","-45.858679549187286","170.54657632265935","","4.976271","4.950536","0.5054391","0","1763784008534"
"313.09","36757301","-45.858724089","170.546582831","0.0","-45.85867958166956","170.5465763273313","","4.972643","4.9469256","0.5050763","0","1763784008745"
"313.09","36757301","-45.858724089","170.546582831","0.0","-45.858679606371254","170.54657632867978","","4.9699006","4.94418","0.50497156","0","1763784008965"
"313.09","36757301","-45.858724089","170.546582831","0.0","-45.85867962354507","170.54657632665288","","4.9680176","4.942271","0.505129","0","1763784009133"
"313.09","36757301","-45.858724089","170.546582831","0.0","-45.858679637140206","170.54657632193673","","4.966552","4.94076","0.50549525","0","1763784009353"
"313.09","36757301","-45.858724089","170.546582831","0.0","-45.85867961280046","170.54657634580846","","4.9690547","4.943465","0.50364137","0","1763784009567"
"313.09","36757301","-45.858724089","170.546582831","0.0","-45.858679592784675","170.5465763627319","","4.971135","4.94569","0.5023271","0","1763784009733"
"313.09","36757301","-45.858724089","170.546582831","0.0","-45.8586796020537","170.54657634348402","","4.9702616","4.9446597","0.50382185","0","1763784009952"
"313.09","36757301","-45.858724089","170.546582831","0.0","-45.85867960639266","170.546576324536","","4.969931","4.9441776","0.50529337","0","1763784010173"
"313.09","36757301","-45.858724089","170.546582831","0.0","-45.85867958106134","170.54657630771018","","4.972865","4.9469934","0.5066001","0","1763784010346"
"313.09","36757301","-45.858724089","170.546582831","0.0","-45.85867955553511","170.54657629282755","","4.9758053","4.9498305","0.5077559","0","1763784010552"
"313.09","36757301","-45.858724089","170.546582831","0.0","-45.858679535649976","170.54657628110076","","4.978097","4.9520407","0.5086666","0","1763784010776"
"313.09","36757301","-45.858724089","170.546582831","0.0","-45.85867951744388","170.546576269999","","4.980198","4.9540644","0.5095287","0","1763784010942"
"313.09","36757301","-45.858724089","170.546582831","0.0","-45.858679501008936","170.5465762917297","","4.981843","4.955891","0.5078411","0","1763784011162"
"313.09","36757301","-45.858724089","170.546582831","0.0","-45.85867948899004","170.54657630986358","","4.9830284","4.9572268","0.50643283","0","1763784011331"
"313.09","36757301","-45.858724089","170.546582831","0.0","-45.85867947723886","170.54657629391346","","4.9844537","4.958533","0.50767154","0","1763784011551"
"313.09","36757301","-45.858724089","170.546582831","0.0","-45.85867946915416","170.5465762517248","","4.9856825","4.9594316","0.5109479","0","1763784011765"
"313.09","36757301","-45.858724089","170.546582831","0.0","-45.85867946126221","170.5465762157457","","4.986842","4.9603086","0.513742","0","1763784011933"
"313.09","36757301","-45.858724089","170.546582831","0.0","-45.85867945283057","170.54657618557252","","4.988016","4.961246","0.5160853","0","1763784012163"
"313.09","36757301","-45.858724089","170.546582831","0.0","-45.85867944626859","170.5465761329883","","4.989166","4.961975","0.520169","0","1763784012375"
"313.09","36757301","-45.858724089","170.546582831","0.0","-45.85867946977524","170.54657609066203","","4.9869113","4.9593625","0.52345604","0","1763784012542"
"313.09","36757301","-45.858724089","170.546582831","0.0","-45.85867946008646","170.54657608832488","","4.9880013","4.960439","0.5236376","0","1763784012767"
"313.09","36757301","-45.858724089","170.546582831","0.0","-45.858679481549984","170.54657605965699","","4.985863","4.9580536","0.52586395","0","1763784012975"
"313.09","36757301","-45.858724089","170.546582831","0.0","-45.858679468942135","170.54657607049197","","4.987168","4.959455","0.52502245","0","1763784013145"
"313.09","36757301","-45.858724089","170.546582831","0.0","-45.85867946021495","170.54657608283608","","4.988032","4.960425","0.5240638","0","1763784013371"
"313.09","36757301","-45.858724089","170.546582831","0.0","-45.8586794518347","170.54657609899806","","4.9888263","4.9613566","0.5228087","0","1763784013585"
"313.09","36757301","-45.858724089","170.546582831","0.0","-45.858679417060884","170.54657614447675","","4.9923015","4.9652214","0.5192768","0","1763784013742"
"313.09","36757301","-45.858724089","170.546582831","0.0","-45.85867938722354","170.54657618623907","","4.995264","4.968538","0.51603353","0","1763784013971"
"313.09","36757301","-45.858724089","170.546582831","0.0","-45.85867936288593","170.54657619353796","","4.9978957","4.971243","0.5154667","0","1763784014132"
"313.09","36757301","-45.858724089","170.546582831","0.0","-45.858679344146566","170.54657623151132","","4.9996643","4.9733257","0.5125177","0","1763784014358"
"313.09","36757301","-45.858724089","170.546582831","0.0","-45.85867932783797","170.54657626548237","","5.001198","4.9751387","0.50987947","0","1763784014566"
"313.09","36757301","-45.858724089","170.546582831","0.0","-45.85867928721961","170.54657626595554","","5.0056853","4.9796534","0.50984275","0","1763784014735"
"313.09","36757301","-45.858724089","170.546582831","0.0","-45.85867925339453","170.54657626619118","","5.0094237","4.9834127","0.50982445","0","1763784014956"
"313.09","36757301","-45.858724089","170.546582831","0.0","-45.85867922632632","170.54657623547138","","5.01266","4.9864216","0.51221013","0","1763784015185"
"313.09","36757301","-45.858724089","170.546582831","0.0","-45.858679206173484","170.54657621258175","","5.01507","4.9886613","0.5139878","0","1763784015347"
"313.09","36757301","-45.858724089","170.546582831","0.0","-45.858679189535074","170.54657619342115","","5.017062","4.990511","0.51547575","0","1763784015575"
"313.09","36757301","-45.858724089","170.546582831","0.0","-45.85867917797877","170.5465762092794","","5.0182137","4.991795","0.5142442","0","1763784015795"
"313.09","36757301","-45.858724089","170.546582831","0.0","-45.85867916975916","170.54657622423048","","5.0190034","4.9927087","0.5130831","0","1763784015953"
"313.09","36757301","-45.858724089","170.546582831","0.0","-45.85867916468133","170.54657620662053","","5.019705","4.9932733","0.5144507","0","1763784016174"
"313.09","36757301","-45.858724089","170.546582831","0.0","-45.85867916244973","170.54657619384778","","5.0200534","4.993521","0.5154426","0","1763784016333"
"313.09","36757301","-45.858724089","170.546582831","0.0","-45.858679162173466","170.54657618459115","","5.020158","4.993552","0.5161615","0","1763784016549"
"313.09","36757301","-45.858724089","170.546582831","0.0","-45.85867916291234","170.54657617636815","","5.0201416","4.9934697","0.5168001","0","1763784016765"
"313.09","36757301","-45.858724089","170.546582831","0.0","-45.858679132631664","170.54657617052376","","5.023536","4.9968357","0.517254","0","1763784016983"
"313.09","36757301","-45.858724089","170.546582831","0.0","-45.85867907916774","170.5465761962334","","5.029242","5.002778","0.51525736","0","1763784017169"
"313.09","36757301","-45.858724089","170.546582831","0.0","-45.85867903414402","170.5465762190223","","5.0340395","5.0077825","0.5134876","0","1763784017357"
"313.09","36757301","-45.858724089","170.546582831","0.0","-45.85867896869974","170.5465762391535","","5.0411167","5.015056","0.5119242","0","1763784017539"
"313.09","36757301","-45.858724089","170.546582831","0.0","-45.8586789167264","170.5465762562822","","5.0467286","5.020833","0.51059395","0","1763784017761"
"313.09","36757301","-45.858724089","170.546582831","0.0","-45.8586788443218","170.54657630053507","","5.054389","5.0288806","0.50715727","0","1763784017964"
"313.09","36757301","-45.858724089","170.546582831","0.0","-45.858678785246774","170.5465763682476","","5.060398","5.0354466","0.5018987","0","1763784018145"
"313.09","36757301","-45.858724089","170.546582831","0.0","-45.858678710621284","170.54657642257777","","5.0682354","5.043741","0.4976794","0","1763784018359"
"313.09","36757301","-45.858724089","170.546582831","0.0","-45.858678652013126","170.54657646630827","","5.0743866","5.050256","0.4942833","0","1763784018579"
"313.09","36757301","-45.858724089","170.546582831","0.0","-45.85867860757836","170.5465765003869","","5.079045","5.0551944","0.49163675","0","1763784018735"
"313.09","36757301","-45.858724089","170.546582831","0.0","-45.85867854512811","170.54657652532802","","5.085767","5.0621357","0.4896998","0","1763784018957"
"313.09","36757301","-45.858724089","170.546582831","0.0","-45.858678498136214","170.54657651205946","","5.091065","5.067359","0.49073026","0","1763784019175"
"313.09","36757301","-45.858724089","170.546582831","0.0","-45.85867843222293","170.54657652930118","","5.0982285","5.074685","0.48939127","0","1763784019346"
"313.09","36757301","-45.858724089","170.546582831","0.0","-45.85867835366111","170.54657660095225","","5.10639","5.083417","0.48382682","0","1763784019566"
"313.09","36757301","-45.858724089","170.546582831","0.0","-45.85867823168822","170.54657662856","","5.1196837","5.096974","0.4816828","0","1763784019778"
"313.09","36757301","-45.858724089","170.546582831","0.0","-45.85867807481087","170.54657664865658","","5.1368976","5.114411","0.4801221","0","1763784019945"
"313.09","36757301","-45.858724089","170.546582831","0.0","-45.85867792010299","170.54657672367114","","5.1534786","5.131606","0.47429645","0","1763784020167"
"313.09","36757301","-45.858724089","170.546582831","0.0","-45.8586778296572","170.54657681272727","","5.162858","5.1416593","0.46738032","0","1763784020377"
"313.09","36757301","-45.858724089","170.546582831","0.0","-45.85867776241182","170.54657682497836","","5.1702156","5.1491337","0.4664289","0","1763784020543"
"313.09","36757301","-45.858724089","170.546582831","0.0","-45.85867765718657","170.54657686154943","","5.181609","5.160829","0.46358877","0","1763784020759"
"313.09","36757301","-45.858724089","170.546582831","0.0","-45.858677548631064","170.54657694901726","","5.1930246","5.172895","0.45679602","0","1763784020931"
"313.09","36757301","-45.858724089","170.546582831","0.0","-45.85867748321034","170.5465771351815","","5.199018","5.1801662","0.44233847","0","1763784021146"
"313.09","36757301","-45.858724089","170.546582831","0.0","-45.85867749239371","170.5465769885101","","5.1989827","5.179146","0.453729","0","1763784021366"
"313.09","36757301","-45.858724089","170.546582831","0.0","-45.8586776344509","170.54657643590522","","5.1871862","5.1633563","0.4966444","0","1763784021525"
"313.09","36757301","-45.858724089","170.546582831","0.0","-45.85867782424099","170.54657582506078","","5.1709647","5.142261","0.5440827","0","1763784021747"
"313.09","36757301","-45.858724089","170.546582831","0.0","-45.858678007850315","170.54657526154205","","5.155477","5.1218534","0.5878457","0","1763784021976"
"313.09","36757301","-45.858724089","170.546582831","0.0","-45.85867821033392","170.54657493754465","","5.136061","5.0993476","0.6130074","0","1763784022136"
"313.09","36757301","-45.858724089","170.546582831","0.0","-45.858678310659094","170.54657490887925","","5.125257","5.0881968","0.61523354","0","1763784022359"
"313.09","36757301","-45.858724089","170.546582831","0.0","-45.85867828189257","170.54657514170344","","5.126293","5.091394","0.5971524","0","1763784022567"
"313.09","36757301","-45.858724089","170.546582831","0.0","-45.858678252959","170.54657538367084","","5.1273336","5.0946097","0.57836115","0","1763784022737"
"313.09","36757301","-45.858724089","170.546582831","0.0","-45.85867816498895","170.54657574516207","","5.1339645","5.1043878","0.55028766","0","1763784022959"
"313.09","36757301","-45.858724089","170.546582831","0.0","-45.858678090691136","170.54657601245816","","5.139995","5.1126456","0.5295294","0","1763784023126"
"313.09","36757301","-45.858724089","170.546582831","0.0","-45.858678012771804","170.54657631922746","","5.146214","5.1213064","0.50570565","0","1763784023342"
"313.09","36757301","-45.858724089","170.546582831","0.0","-45.85867784959803","170.54657691767824","","5.1599193","5.139443","0.45922983","0","1763784023562"
"313.09","36757301","-45.858724089","170.546582831","0.0","-45.85867772839185","170.54657735047837","","5.1704626","5.1529145","0.42561847","0","1763784023773"
"313.09","36757301","-45.858724089","170.546582831","0.0","-45.85867754802712","170.54657774921833","","5.1879945","5.172962","0.39465225","0","1763784023942"
"313.09","36757301","-45.858724089","170.546582831","0.0","-45.85867744130057","170.54657799987157","","5.1983814","5.1848245","0.37518644","0","1763784024157"
"313.09","36757301","-45.858724089","170.546582831","0.0","-45.85867740108698","170.54657797997334","","5.2029514","5.1892943","0.37673175","0","1763784024373"
"313.09","36757301","-45.858724089","170.546582831","0.0","-45.858677580554364","170.54657811310818","","5.182315","5.169347","0.36639246","0","1763784024527"
"313.09","36757301","-45.858724089","170.546582831","0.0","-45.85867755825988","170.54657862384664","","5.182135","5.1718245","0.3267284","0","1763784024743"
"313.09","36757301","-45.858724089","170.546582831","0.0","-45.85867768640711","170.54657896597","","5.1663084","5.1575813","0.30015904","0","1763784024979"
"313.09","36757301","-45.858724089","170.546582831","0.0","-45.858678039195375","170.54657898016194","","5.1270986","5.1183696","0.2990569","0","1763784025149"
"313.09","36757301","-45.858724089","170.546582831","0.0","-45.858678415903626","170.54657928239882","","5.0839734","5.076499","0.27558511","0","1763784025358"
"313.09","36757301","-45.858724089","170.546582831","0.0","-45.858678888608786","170.5465797637037","","5.0296025","5.023958","0.23820688","0","1763784025576"
"313.09","36757301","-45.858724089","170.546582831","0.0","-45.858679657378715","170.54658003814797","","4.943271","4.9385104","0.21689348","0","1763784025736"
"313.09","36757301","-45.858724089","170.546582831","0.0","-45.858680648695135","170.5465801732448","","4.832737","4.828327","0.20640182","0","1763784025961"
"313.09","36757301","-45.858724089","170.546582831","0.0","-45.85868199908124","170.5465802249676","","4.6826096","4.6782336","0.20238502","0","1763784026137"
"313.09","36757301","-45.858724089","170.546582831","0.0","-45.858683472042046","170.5465801504178","","4.5193133","4.5145164","0.20817457","0","1763784026348"
"313.09","36757301","-45.858724089","170.546582831","0.0","-45.85868494523628","170.54657994304992","","4.3565497","4.350773","0.22427881","0","1763784026575"
"313.09","36757301","-45.858724089","170.546582831","0.0","-45.858686146821164","170.54657996812483","","4.223075","4.2172184","0.2223315","0","1763784026728"
"313.09","36757301","-45.858724089","170.546582831","0.0","-45.858687066312285","170.5465802899913","","4.119747","4.1150184","0.19733527","0","1763784026952"
"313.09","36757301","-45.858724089","170.546582831","0.0","-45.85868792421946","170.5465807165212","","4.023016","4.0196633","0.16421087","0","1763784027183"
"313.09","36757301","-45.858724089","170.546582831","0.0","-45.85868898880141","170.54658114004664","","3.9035459","3.9013364","0.13131979","0","1763784027340"
"313.09","36757301","-45.858724089","170.546582831","0.0","-45.85869015470763","170.54658165838268","","3.772847","3.7717476","0.09106571","0","1763784027558"
"313.09","36757301","-45.858724089","170.546582831","0.0","-45.85869130663856","170.54658189815444","","3.6444323","3.6437123","0.07244498","0","1763784027780"
"313.09","36757301","-45.858724089","170.546582831","0.0","-45.85869241137416","170.54658209884388","","3.5213816","3.5209224","0.0568594","0","1763784027939"
"313.09","36757301","-45.858724089","170.546582831","0.0","-45.85869346155573","170.5465825490472","","3.4042666","3.4041963","0.021896515","0","1763784028159"
"313.09","36757301","-45.858724089","170.546582831","0.0","-45.85869473622412","170.546582833442","","3.2625186","3.2625186","1.896446E-4","0","1763784028332"
"313.09","36757301","-45.858724089","170.546582831","0.0","-45.858696087098515","170.54658325762014","","3.1125474","3.112371","0.03313141","0","1763784028539"
"313.09","36757301","-45.858724089","170.546582831","0.0","-45.85869738587322","170.54658353219517","","2.9685135","2.968014","0.054454964","0","1763784028759"
"313.09","36757301","-45.858724089","170.546582831","0.0","-45.85869843769528","170.54658369042954","","2.8518867","2.8511055","0.06674348","0","1763784028979"
"313.09","36757301","-45.858724089","170.546582831","0.0","-45.85869931802704","170.54658394450158","","2.7546155","2.753258","0.08647477","0","1763784029153"
"313.09","36757301","-45.858724089","170.546582831","0.0","-45.85870034612829","170.54658409711766","","2.6408172","2.6389859","0.098326966","0","1763784029375"
"313.09","36757301","-45.858724089","170.546582831","0.0","-45.85870149853091","170.54658432410747","","2.5135741","2.510898","0.11595504","0","1763784029529"
"313.09","36757301","-45.858724089","170.546582831","0.0","-45.85870259995566","170.54658439523465","","2.3915634","2.3884764","0.121478796","0","1763784029761"
"313.09","36757301","-45.858724089","170.546582831","0.0","-45.858703451009845","170.54658431881586","","2.296791","2.2938828","0.115544096","0","1763784029977"
"313.09","36757301","-45.858724089","170.546582831","0.0","-45.85870422604996","170.5465844137341","","2.2111573","2.2077382","0.12291546","0","1763784030157"
"313.09","36757301","-45.858724089","170.546582831","0.0","-45.858705105858945","170.54658457698022","","2.1143012","2.1099489","0.13559319","0","1763784030359"
"313.09","36757301","-45.858724089","170.546582831","0.0","-45.858706145118745","170.54658466983653","","1.9995425","1.9944365","0.14280443","0","1763784030584"
"313.09","36757301","-45.858724089","170.546582831","0.0","-45.8587073966028","170.54658484655502","","1.861927","1.8553358","0.15652843","0","1763784030756"
"313.09","36757301","-45.858724089","170.546582831","0.0","-45.85870860926399","170.54658468191653","","1.7265444","1.7205503","0.14374256","0","1763784030970"
"313.09","36757301","-45.858724089","170.546582831","0.0","-45.85870957017339","170.54658438491666","","1.6182525","1.6137466","0.12067749","0","1763784031138"
"313.09","36757301","-45.858724089","170.546582831","0.0","-45.8587105024196","170.54658432742792","","1.5145938","1.5101289","0.116212904","0","1763784031358"
"313.09","36757301","-45.858724089","170.546582831","0.0","-45.85871159339996","170.54658426542093","","1.3933282","1.388868","0.11139743","0","1763784031572"
"313.09","36757301","-45.858724089","170.546582831","0.0","-45.85871275722129","170.5465840597582","","1.2631207","1.2595109","0.09542562","0","1763784031744"
"313.09","36757301","-45.858724089","170.546582831","0.0","-45.85871387632247","170.5465837407962","","1.1373212","1.1351243","0.070654966","0","1763784031964"
"313.09","36757301","-45.858724089","170.546582831","0.0","-45.85871492363638","170.54658339779562","","1.0196675","1.0187169","0.044017468","0","1763784032179"
"313.09","36757301","-45.858724089","170.546582831","0.0","-45.85871595391889","170.54658305729512","","0.9043733","0.9042025","0.017574126","0","1763784032341"
"313.09","36757301","-45.858724089","170.546582831","0.0","-45.858717130532234","170.5465828124947","","0.773425","0.7734237","0.0014371261","0","1763784032560"
"313.09","36757301","-45.858724089","170.546582831","0.0","-45.858718231197635","170.54658259649244","","0.65134096","0.6510863","0.018211907","0","1763784032731"
"313.09","36757301","-45.858724089","170.546582831","0.0","-45.85871915785683","170.54658276363256","","0.5481144","0.54808944","0.0052317707","0","1763784032951"
"313.09","36757301","-45.858724089","170.546582831","0.0","-45.85872020030493","170.5465827166493","","0.43231407","0.43222284","0.008880499","0","1763784033186"
"313.09","36757301","-45.858724089","170.546582831","0.0","-45.85872102274438","170.54658251307154","","0.3417031","0.34080988","0.024690391","0","1763784033340"
"313.09","36757301","-45.858724089","170.546582831","0.0","-45.858721639462075","170.54658250520606","","0.2734357","0.2722626","0.025301225","0","1763784033560"
"313.09","36757301","-45.858724089","170.546582831","0.0","-45.85872214528665","170.54658270003958","","0.21628019","0.21604094","0.010170415","0","1763784033781"
"313.09","36757301","-45.858724089","170.546582831","0.0","-45.85872245096202","170.54658295098113","","0.18230383","0.18206556","0.00931776","0","1763784033953"
"313.09","36757301","-45.858724089","170.546582831","0.0","-45.85872261139878","170.54658325976277","","0.16757476","0.16423325","0.033297807","0","1763784034188"
"313.09","36757301","-45.858724089","170.546582831","0.0","-45.85872254779204","170.54658350870542","","0.17920582","0.17130305","0.052630745","0","1763784034346"
"313.09","36757301","-45.858724089","170.546582831","0.0","-45.8587224245695","170.54658386658912","","0.20172426","0.18499905","0.08042407","0","1763784034554"
"313.09","36757301","-45.858724089","170.546582831","0.0","-45.8587221040697","170.54658418721706","","0.2444735","0.22062214","0.105324104","0","1763784034770"
"313.09","36757301","-45.858724089","170.546582831","0.0","-45.85872180177062","170.54658451398615","","0.2858526","0.25422224","0.13070105","0","1763784034940"
"313.09","36757301","-45.858724089","170.546582831","0.0","-45.858721452208755","170.5465847279734","","0.3280187","0.29307553","0.14731935","0","1763784035160"
"313.09","36757301","-45.858724089","170.546582831","0.0","-45.85872119847139","170.54658468198883","","0.35197037","0.3212781","0.14374818","0","1763784035379"
"313.09","36757301","-45.858724089","170.546582831","0.0","-45.8587209869158","170.54658455050685","","0.36974835","0.3447922","0.13353726","0","1763784035552"
"313.09","36757301","-45.858724089","170.546582831","0.0","-45.85872076063","170.54658433619676","","0.38797218","0.36994353","0.116893895","0","1763784035764"
"313.09","36757301","-45.858724089","170.546582831","0.0","-45.85872063129629","170.54658411588775","","0.3970616","0.38431877","0.09978466","0","1763784035928"
"313.09","36757301","-45.858724089","170.546582831","0.0","-45.85872054693169","170.54658386194407","","0.4017543","0.39369577","0.080063336","0","1763784036150"
"313.09","36757301","-45.858724089","170.546582831","0.0","-45.85872046550222","170.54658355346223","","0.40663588","0.40274656","0.056106567","0","1763784036371"
"313.09","36757301","-45.858724089","170.546582831","0.0","-45.85872042506375","170.54658317422","","0.4081126","0.40724123","0.026654536","0","1763784036530"
"313.09","36757301","-45.858724089","170.546582831","0.0","-45.85872046087306","170.54658278004857","","0.4032805","0.40326107","0.0039569","0","1763784036751"
"313.09","36757301","-45.858724089","170.546582831","0.0","-45.85872050754263","170.54658239078896","","0.3995391","0.39807382","0.034186885","0","1763784036974"
"313.09","36757301","-45.858724089","170.546582831","0.0","-45.858720563173904","170.5465821039894","","0.3959367","0.3918905","0.056459796","0","1763784037143"
"313.09","36757301","-45.858724089","170.546582831","0.0","-45.85872062658361","170.5465818534576","","0.39225894","0.3848426","0.07591615","0","1763784037352"
"313.09","36757301","-45.858724089","170.546582831","0.0","-45.85872063647907","170.54658162503324","","0.39500615","0.38374272","0.09365563","0","1763784037573"
"313.09","36757301","-45.858724089","170.546582831","0.0","-45.858720548492954","170.54658155491092","","0.40580887","0.39352226","0.09910135","0","1763784037743"
"313.09","36757301","-45.858724089","170.546582831","0.0","-45.858720502248495","170.54658151184162","","0.41161487","0.39866227","0.10244612","0","1763784037956"
"313.09","36757301","-45.858724089","170.546582831","0.0","-45.858720426394775","170.5465815178144","","0.41967288","0.4070933","0.10198227","0","1763784038132"
"313.09","36757301","-45.858724089","170.546582831","0.0","-45.85872034278617","170.54658155613254","","0.4279951","0.41638628","0.099006474","0","1763784038345"
"313.09","36757301","-45.858724089","170.546582831","0.0","-45.85872034102468","170.5465814178406","","0.4307956","0.41658205","0.109746255","0","1763784038560"
"313.09","36757301","-45.858724089","170.546582831","0.0","-45.85872031854066","170.5465813388072","","0.4348081","0.41908112","0.115884006","0","1763784038735"
"313.09","36757301","-45.858724089","170.546582831","0.0","-45.85872030760437","170.54658129094292","","0.43698254","0.42029667","0.11960115","0","1763784038952"
"313.09","36757301","-45.858724089","170.546582831","0.0","-45.858720216695986","170.5465812282925","","0.4480368","0.430401","0.124466605","0","1763784039187"
"313.09","36757301","-45.858724089","170.546582831","0.0","-45.85872014886379","170.54658115887364","","0.45678756","0.43794045","0.12985769","0","1763784039349"
"313.09","36757301","-45.858724089","170.546582831","0.0","-45.85872009958676","170.546581053782","","0.4644011","0.44341752","0.13801913","0","1763784039565"
"313.09","36757301","-45.858724089","170.546582831","0.0","-45.85872000418522","170.54658098392414","","0.4761424","0.45402128","0.1434443","0","1763784039788"
"313.09","36757301","-45.858724089","170.546582831","0.0","-45.85871993148186","170.5465809446873","","0.48476607","0.46210214","0.14649144","0","1763784039942"
"313.09","36757301","-45.858724089","170.546582831","0.0","-45.85871987792905","170.54658089483343","","0.49161372","0.46805447","0.1503631","0","1763784040172"
"313.09","36757301","-45.858724089","170.546582831","0.0","-45.85871981173628","170.5465808403829","","0.49991488","0.47541168","0.15459174","0","1763784040334"
"313.09","36757301","-45.858724089","170.546582831","0.0","-45.85871976404408","170.54658078220757","","0.50636005","0.48071262","0.15910965","0","1763784040546"
"313.09","36757301","-45.858724089","170.546582831","0.0","-45.8587197037997","170.54658074701072","","0.5135761","0.4874087","0.16184305","0","1763784040763"
"313.09","36757301","-45.858724089","170.546582831","0.0","-45.858719661321324","170.5465807071704","","0.51903397","0.4921301","0.16493705","0","1763784040982"
"313.09","36757301","-45.858724089","170.546582831","0.0","-45.85871960293055","170.54658065977202","","0.52635926","0.49862015","0.16861802","0","1763784041152"
"313.09","36757301","-45.858724089","170.546582831","0.0","-45.85871956239357","170.5465805750903","","0.53275573","0.5031258","0.17519443","0","1763784041365"
"313.09","36757301","-45.858724089","170.546582831","0.0","-45.858719536561104","170.54658045894192","","0.5384868","0.505997","0.18421453","0","1763784041588"
"313.09","36757301","-45.858724089","170.546582831","0.0","-45.858719522835315","170.54658034691806","","0.5429504","0.50752264","0.19291432","0","1763784041754"
"313.09","36757301","-45.858724089","170.546582831","0.0","-45.858719519553254","170.54658023992295","","0.54629713","0.5078874","0.2012236","0","1763784041977"
"313.09","36757301","-45.858724089","170.546582831","0.0","-45.85871949318216","170.54658016739583","","0.55111253","0.51081854","0.20685606","0","1763784042153"
"313.09","36757301","-45.858724089","170.546582831","0.0","-45.85871947782338","170.54658006184445","","0.5558151","0.5125256","0.2150532","0","1763784042366"
"313.09","36757301","-45.858724089","170.546582831","0.0","-45.858719470819146","170.54657998601846","","0.5588349","0.5133042","0.22094187","0","1763784042583"
"313.09","36757301","-45.858724089","170.546582831","0.0","-45.85871947063496","170.54657990760393","","0.56128913","0.5133246","0.22703156","0","1763784042745"
"313.09","36757301","-45.858724089","170.546582831","0.0","-45.85871944665501","170.54657985882326","","0.56526405","0.51598996","0.23081987","0","1763784042962"
"313.09","36757301","-45.858724089","170.546582831","0.0","-45.85871940100699","170.54657980179502","","0.57170737","0.5210637","0.2352487","0","1763784043154"
"313.09","36757301","-45.858724089","170.546582831","0.0","-45.858719367236525","170.54657973756244","","0.5771888","0.5248172","0.24023701","0","1763784043354"
"313.09","36757301","-45.858724089","170.546582831","0.0","-45.85871934387122","170.54657966487235","","0.5819139","0.5274142","0.24588214","0","1763784043576"
"313.09","36757301","-45.858724089","170.546582831","0.0","-45.85871929850697","170.54657955661634","","0.5900618","0.5324564","0.25428933","0","1763784043745"
"313.09","36757301","-45.858724089","170.546582831","0.0","-45.85871926504919","170.5465794480252","","0.597082","0.5361752","0.26272252","0","1763784043957"
"313.09","36757301","-45.858724089","170.546582831","0.0","-45.85871924206189","170.54657933912807","","0.60313225","0.5387302","0.2711795","0","1763784044183"
"313.09","36757301","-45.858724089","170.546582831","0.0","-45.85871922790135","170.54657919956915","","0.6094772","0.5403041","0.28201768","0","1763784044345"
"313.09","36757301","-45.858724089","170.546582831","0.0","-45.85871922022785","170.54657906617598","","0.6150896","0.541157","0.29237702","0","1763784044567"
"313.09","36757301","-45.858724089","170.546582831","0.0","-45.858719188766074","170.5465789110252","","0.62395763","0.54465395","0.30442607","0","1763784044787"
"313.09","36757301","-45.858724089","170.546582831","0.0","-45.8587191963175","170.54657870464746","","0.63120896","0.5438146","0.3204534","0","1763784044959"
"313.09","36757301","-45.858724089","170.546582831","0.0","-45.858719176080065","170.54657851828372","","0.6405947","0.54606396","0.33492646","0","1763784045176"
"313.09","36757301","-45.858724089","170.546582831","0.0","-45.858719161566164","170.54657834922702","","0.6489167","0.54767716","0.34805542","0","1763784045348"
"313.09","36757301","-45.858724089","170.546582831","0.0","-45.85871912329396","170.54657822516316","","0.6577007","0.5519311","0.35769027","0","1763784045555"
"313.09","36757301","-45.858724089","170.546582831","0.0","-45.85871909345983","170.5465780795262","","0.66667885","0.55524707","0.36900046","0","1763784045774"
"313.09","36757301","-45.858724089","170.546582831","0.0","-45.85871904093608","170.5465779436617","","0.6774038","0.56108505","0.3795517","0","1763784045944"
"313.09","36757301","-45.858724089","170.546582831","0.0","-45.85871899996863","170.5465778454358","","0.6854599","0.5656385","0.38717997","0","1763784046165"
"313.09","36757301","-45.858724089","170.546582831","0.0","-45.858718936288","170.54657771518777","","0.6970277","0.57271653","0.39729506","0","1763784046384"
"313.09","36757301","-45.858724089","170.546582831","0.0","-45.8587188590979","170.54657758870948","","0.7096828","0.5812961","0.4071174","0","1763784046548"
"313.09","36757301","-45.858724089","170.546582831","0.0","-45.85871876688526","170.54657746714955","","0.7234959","0.5915454","0.41655776","0","1763784046768"
"313.09","36757301","-45.858724089","170.546582831","0.0","-45.85871869345909","170.54657734795404","","0.7355039","0.5997066","0.4258145","0","1763784046992"
"313.09","36757301","-45.858724089","170.546582831","0.0","-45.858718605763165","170.546577203403","","0.7499589","0.60945386","0.43704036","0","1763784047156"
"313.09","36757301","-45.858724089","170.546582831","0.0","-45.858718504388584","170.5465770670592","","0.7652887","0.6207215","0.44762886","0","1763784047370"
"313.09","36757301","-45.858724089","170.546582831","0.0","-45.858718394751556","170.54657696530336","","0.7797952","0.6329075","0.45553124","0","1763784047585"
"313.09","36757301","-45.858724089","170.546582831","0.0","-45.858718278391905","170.54657686264417","","0.7949503","0.6458407","0.46350378","0","1763784047754"
"313.09","36757301","-45.858724089","170.546582831","0.0","-45.85871815413925","170.5465767676745","","0.81047326","0.6596512","0.47087914","0","1763784047973"
"313.09","36757301","-45.858724089","170.546582831","0.0","-45.85871803024423","170.54657670333233","","0.8245939","0.673422","0.47587597","0","1763784048135"
"313.09","36757301","-45.858724089","170.546582831","0.0","-45.858717903917395","170.54657663755557","","0.839018","0.68746305","0.4809842","0","1763784048348"
"313.09","36757301","-45.858724089","170.546582831","0.0","-45.85871781382176","170.54657659382244","","0.84917533","0.69747704","0.4843805","0","1763784048568"
"313.09","36757301","-45.858724089","170.546582831","0.0","-45.858717751002075","170.54657653818495","","0.857375","0.7044593","0.48870134","0","1763784048740"
"313.09","36757301","-45.858724089","170.546582831","0.0","-45.85871771192997","170.54657650890934","","0.8622394","0.70880216","0.4909749","0","1763784048966"
"313.09","36757301","-45.858724089","170.546582831","0.0","-45.85871768999207","170.54657646777434","","0.86606383","0.71124053","0.49416944","0","1763784049126"
"313.09","36757301","-45.858724089","170.546582831","0.0","-45.858717652085026","170.54657644856144","","0.8703761","0.7154538","0.49566153","0","1763784049352"
"313.09","36757301","-45.858724089","170.546582831","0.0","-45.8587175998836","170.5465764392998","","0.8755593","0.72125596","0.49638078","0","1763784049563"
"313.09","36757301","-45.858724089","170.546582831","0.0","-45.85871753431083","170.54657644421928","","0.8813578","0.72854424","0.49599874","0","1763784049733"
"313.09","36757301","-45.858724089","170.546582831","0.0","-45.85871745804485","170.54657642867969","","0.88905203","0.7370211","0.49720556","0","1763784049968"
"313.09","36757301","-45.858724089","170.546582831","0.0","-45.85871737386229","170.546576392252","","0.89839554","0.7463779","0.5000345","0","1763784050179"
"313.09","36757301","-45.858724089","170.546582831","0.0","-45.858717280840104","170.54657637556193","","0.9077188","0.75671715","0.5013307","0","1763784050338"
"313.09","36757301","-45.858724089","170.546582831","0.0","-45.8587172133752","170.54657633940946","","0.9155224","0.76421577","0.5041383","0","1763784050562"
"313.09","36757301","-45.858724089","170.546582831","0.0","-45.858717168183354","170.54657628674832","","0.92196745","0.76923877","0.50822794","0","1763784050784"
"313.09","36757301","-45.858724089","170.546582831","0.0","-45.85871710944885","170.54657621924758","","0.9303043","0.775767","0.5134701","0","1763784050937"
"313.09","36757301","-45.858724089","170.546582831","0.0","-45.85871703930796","170.54657617465608","","0.9387177","0.78356314","0.5169331","0","1763784051164"
"313.09","36757301","-45.858724089","170.546582831","0.0","-45.858716955931726","170.54657614804663","","0.94759715","0.7928302","0.5189996","0","1763784051334"
"313.09","36757301","-45.858724089","170.546582831","0.0","-45.85871689741995","170.5465760984272","","0.95514905","0.79933375","0.522853","0","1763784051550"
"313.09","36757301","-45.858724089","170.546582831","0.0","-45.85871682979013","170.54657603769567","","0.96402156","0.80685073","0.5275695","0","1763784051767"
"313.09","36757301","-45.858724089","170.546582831","0.0","-45.858716783881924","170.5465759983243","","0.96996564","0.81195337","0.530627","0","1763784051940"
"313.09","36757301","-45.858724089","170.546582831","0.0","-45.85871675519571","170.54657597056783","","0.9738139","0.8151418","0.5327826","0","1763784052157"
"313.09","36757301","-45.858724089","170.546582831","0.0","-45.858716712661646","170.5465759575983","","0.97832376","0.8198694","0.5337898","0","1763784052368"
"313.09","36757301","-45.858724089","170.546582831","0.0","-45.8587166850409","170.5465759207654","","0.9824575","0.8229394","0.5366503","0","1763784052538"
"313.09","36757301","-45.858724089","170.546582831","0.0","-45.85871667455221","170.5465758977878","","0.98440915","0.8241052","0.53843474","0","1763784052748"
"313.09","36757301","-45.858724089","170.546582831","0.0","-45.85871664509501","170.5465758870731","","0.9876058","0.8273793","0.5392668","0","1763784052976"
"313.09","36757301","-45.858724089","170.546582831","0.0","-45.8587166270474","170.54657588433926","","0.9894027","0.8293853","0.53947914","0","1763784053143"
"313.09","36757301","-45.858724089","170.546582831","0.0","-45.85871662239683","170.54657585887688","","0.9909152","0.8299022","0.5414565","0","1763784053360"
"313.09","36757301","-45.858724089","170.546582831","0.0","-45.85871662789442","170.5465758431639","","0.9910711","0.8292911","0.5426768","0","1763784053532"
"313.09","36757301","-45.858724089","170.546582831","0.0","-45.85871663922691","170.54657583873873","","0.99020576","0.82803154","0.5430205","0","1763784053752"
"313.09","36757301","-45.858724089","170.546582831","0.0","-45.858716658099056","170.54657580447983","","0.9899165","0.82593393","0.54568106","0","1763784053966"
"313.09","36757301","-45.858724089","170.546582831","0.0","-45.858716648411345","170.54657581874665","","0.99020535","0.8270107","0.54457307","0","1763784054132"
"313.09","36757301","-45.858724089","170.546582831","0.0","-45.8587166465117","170.5465757982326","","0.99125856","0.8272219","0.5461662","0","1763784054352"
"313.09","36757301","-45.858724089","170.546582831","0.0","-45.85871664978841","170.5465757600109","","0.9925937","0.8268576","0.5491345","0","1763784054571"
"313.09","36757301","-45.858724089","170.546582831","0.0","-45.8587166269703","170.54657570549278","","0.99705106","0.82939386","0.5533684","0","1763784054733"
"313.09","36757301","-45.858724089","170.546582831","0.0","-45.858716582026894","170.5465756363449","","1.0041883","0.8343892","0.5587384","0","1763784054949"
"313.09","36757301","-45.858724089","170.546582831","0.0","-45.85871651766522","170.54657564955198","","1.0095732","0.84154296","0.5577128","0","1763784055172"
"313.09","36757301","-45.858724089","170.546582831","0.0","-45.858716499058644","170.54657566705467","","1.0105488","0.84361106","0.5563535","0","1763784055334"
"313.09","36757301","-45.858724089","170.546582831","0.0","-45.85871649181668","170.54657572326033","","1.0088259","0.84441596","0.55198854","0","1763784055549"
"313.09","36757301","-45.858724089","170.546582831","0.0","-45.858716437491815","170.54657603211808","","1.001029","0.8504541","0.5280026","0","1763784055768"
"313.09","36757301","-45.858724089","170.546582831","0.0","-45.858716542981554","170.54657677668322","","0.9615276","0.8387291","0.47017953","0","1763784055943"
"313.09","36757301","-45.858724089","170.546582831","0.0","-45.85871678555347","170.54657810086863","","0.8910149","0.8117676","0.367343","0","1763784056165"
"313.09","36757301","-45.858724089","170.546582831","0.0","-45.85871705186226","170.54657956055874","","0.8223708","0.78216773","0.25398317","0","1763784056378"
"313.09","36757301","-45.858724089","170.546582831","0.0","-45.85871721652876","170.54658114726334","","0.77497625","0.7638653","0.13075934","0","1763784056542"
"313.09","36757301","-45.858724089","170.546582831","0.0","-45.85871733279632","170.54658251379422","","0.75134623","0.7509423","0.024634268","0","1763784056765"
"313.09","36757301","-45.858724089","170.546582831","0.0","-45.85871732456813","170.54658361820458","","0.7543382","0.75185686","0.061134472","0","1763784056977"
"313.09","36757301","-45.858724089","170.546582831","0.0","-45.8587171347245","170.5465848697264","","0.78900653","0.7729577","0.15832792","0","1763784057150"
"313.09","36757301","-45.858724089","170.546582831","0.0","-45.85871690021693","170.54658656200314","","0.849937","0.79902285","0.2897505","0","1763784057371"
"313.09","36757301","-45.858724089","170.546582831","0.0","-45.8587168060993","170.54658846821943","","0.9202838","0.8094839","0.43778765","0","1763784057541"
"313.09","36757301","-45.858724089","170.546582831","0.0","-45.858716763908966","170.5465904586923","","1.0068656","0.8141733","0.5923682","0","1763784057761"
"313.09","36757301","-45.858724089","170.546582831","0.0","-45.85871694872618","170.54659239152107","","1.0867913","0.79363114","0.74247205","0","1763784057978"
"313.09","36757301","-45.858724089","170.546582831","0.0","-45.85871714724881","170.54659433759156","","1.180611","0.7715656","0.89360434","0","1763784058151"
"313.09","36757301","-45.858724089","170.546582831","0.0","-45.85871730184103","170.54659643669018","","1.2982839","0.7543829","1.0566207","0","1763784058361"
"313.09","36757301","-45.858724089","170.546582831","0.0","-45.85871739802643","170.54659877595188","","1.44445","0.74369204","1.2382883","0","1763784058587"
"313.09","36757301","-45.858724089","170.546582831","0.0","-45.858717475381425","170.54660132753713","","1.6136101","0.7350942","1.436445","0","1763784058749"
"313.09","36757301","-45.858724089","170.546582831","0.0","-45.85871752551511","170.54660394533695","","1.794704","0.7295219","1.6397438","0","1763784058968"
"313.09","36757301","-45.858724089","170.546582831","0.0","-45.85871738447091","170.54660659154825","","1.9900417","0.7451987","1.8452492","0","1763784059141"
"313.09","36757301","-45.858724089","170.546582831","0.0","-45.858717264681424","170.54660894122708","","2.1649513","0.75851315","2.0277257","0","1763784059362"
"313.09","36757301","-45.858724089","170.546582831","0.0","-45.85871722412195","170.54661111412364","","2.3252306","0.7630213","2.1964734","0","1763784059581"
"313.09","36757301","-45.858724089","170.546582831","0.0","-45.858717046299354","170.54661310572968","","2.478028","0.782786","2.351142","0","1763784059745"
"313.09","36757301","-45.858724089","170.546582831","0.0","-45.85871688930206","170.5466151339026","","2.6331928","0.80023605","2.5086503","0","1763784059963"
"313.09","36757301","-45.858724089","170.546582831","0.0","-45.85871669010373","170.54661721710264","","2.7941923","0.82237667","2.6704319","0","1763784060132"
"313.09","36757301","-45.858724089","170.546582831","0.0","-45.85871660163897","170.54661920571039","","2.9449024","0.8322094","2.8248677","0","1763784060362"
"313.09","36757301","-45.858724089","170.546582831","0.0","-45.85871652433322","170.5466211939399","","3.0956457","0.84080184","2.979274","0","1763784060581"
"313.09","36757301","-45.858724089","170.546582831","0.0","-45.8587164567184","170.546623475719","","3.2684848","0.8483171","3.1564775","0","1763784060735"
"313.09","36757301","-45.858724089","170.546582831","0.0","-45.858716216447675","170.54662591586623","","3.4585037","0.8750228","3.3459797","0","1763784060955"
"313.09","36757301","-45.858724089","170.546582831","0.0","-45.85871597345387","170.54662815324912","","3.6334832","0.90203124","3.5197353","0","1763784061171"
"313.09","36757301","-45.858724089","170.546582831","0.0","-45.858715624661905","170.54662981587043","","3.7681887","0.940799","3.648855","0","1763784061345"
"313.09","36757301","-45.858724089","170.546582831","0.0","-45.858715289102086","170.54663099137252","","3.8659225","0.97809595","3.7401447","0","1763784061552"
"313.09","36757301","-45.858724089","170.546582831","0.0","-45.85871506866938","170.54663215548422","","3.9595852","1.0025967","3.8305497","0","1763784061771"
"313.09","36757301","-45.858724089","170.546582831","0.0","-45.858714925173004","170.54663351563798","","4.065827","1.0185461","3.9361796","0","1763784061942"
"313.09","36757301","-45.858724089","170.546582831","0.0","-45.858714776936104","170.54663489749012","","4.173862","1.0350225","4.0434947","0","1763784062166"
"313.09","36757301","-45.858724089","170.546582831","0.0","-45.858714547356456","170.54663613063326","","4.2729645","1.06054","4.139261","0","1763784062384"
"313.09","36757301","-45.858724089","170.546582831","0.0","-45.85871445481507","170.5466368359542","","4.3285804","1.0708258","4.194036","0","1763784062542"
"313.09","36757301","-45.858724089","170.546582831","0.0","-45.858714416095275","170.54663704441995","","4.3453317","1.0751294","4.2102256","0","1763784062763"
"313.09","36757301","-45.858724089","170.546582831","0.0","-45.85871430080431","170.54663687459066","","4.3357515","1.0879438","4.1970367","0","1763784062982"
"313.09","36757301","-45.858724089","170.546582831","0.0","-45.85871418905562","170.5466365234431","","4.312512","1.1003646","4.1697664","0","1763784063153"
"313.09","36757301","-45.858724089","170.546582831","0.0","-45.85871411814267","170.54663611602618","","4.283959","1.1082464","4.1381264","0","1763784063375"
"313.09","36757301","-45.858724089","170.546582831","0.0","-45.85871410814655","170.54663581076636","","4.2613525","1.1093575","4.11442","0","1763784063548"
"313.09","36757301","-45.858724089","170.546582831","0.0","-45.858714244433095","170.54663555020107","","4.2378817","1.0942094","4.0941844","0","1763784063753"
"313.09","36757301","-45.858724089","170.546582831","0.0","-45.8587145020661","170.5466353663982","","4.2167664","1.0655739","4.0799103","0","1763784063970"
"313.09","36757301","-45.858724089","170.546582831","0.0","-45.85871477292373","170.54663524322532","","4.1999884","1.0354685","4.0703444","0","1763784064143"
"313.09","36757301","-45.858724089","170.546582831","0.0","-45.85871496465631","170.54663518851194","","4.1906624","1.0141577","4.0660954","0","1763784064362"
"313.09","36757301","-45.858724089","170.546582831","0.0","-45.858715139491316","170.54663522072124","","4.1884317","0.994725","4.068597","0","1763784064587"
"313.09","36757301","-45.858724089","170.546582831","0.0","-45.858715412169346","170.54663518734336","","4.1788154","0.9644172","4.0660048","0","1763784064747"
"313.09","36757301","-45.858724089","170.546582831","0.0","-45.8587157647595","170.54663520091103","","4.1709723","0.92522734","4.067058","0","1763784064966"
"313.09","36757301","-45.858724089","170.546582831","0.0","-45.85871617039811","170.5466351377593","","4.15641","0.8801412","4.062154","0","1763784065143"
"313.09","36757301","-45.858724089","170.546582831","0.0","-45.85871648371164","170.54663505795867","","4.1431084","0.8453168","4.055957","0","1763784065361"
"313.09","36757301","-45.858724089","170.546582831","0.0","-45.85871673510925","170.5466349834104","","4.1318226","0.81737435","4.050167","0","1763784065572"
"313.09","36757301","-45.858724089","170.546582831","0.0","-45.85871694175942","170.54663493039445","","4.1233","0.79440546","4.04605","0","1763784065743"
"313.09","36757301","-45.858724089","170.546582831","0.0","-45.85871715216816","170.54663494253523","","4.1197844","0.77101886","4.046993","0","1763784065964"
"313.09","36757301","-45.858724089","170.546582831","0.0","-45.85871735889757","170.54663493430607","","4.1149173","0.74804115","4.046354","0","1763784066191"
"313.09","36757301","-45.858724089","170.546582831","0.0","-45.858717558511366","170.5466349207569","","4.109906","0.7258544","4.0453014","0","1763784066344"
"313.09","36757301","-45.858724089","170.546582831","0.0","-45.85871782789342","170.5466349593195","","4.1076756","0.69591296","4.0482965","0","1763784066566"
"313.09","36757301","-45.858724089","170.546582831","0.0","-45.85871803988376","170.54663496863114","","4.1044626","0.6723505","4.0490193","0","1763784066791"
"313.09","36757301","-45.858724089","170.546582831","0.0","-45.858718141832306","170.54663499343545","","4.104523","0.6610191","4.0509458","0","1763784066945"
"313.09","36757301","-45.858724089","170.546582831","0.0","-45.85871820262065","170.5466350635124","","4.108813","0.6542626","4.056388","0","1763784067165"
"313.09","36757301","-45.858724089","170.546582831","0.0","-45.858718175482835","170.5466351517083","","4.1160555","0.6572789","4.063237","0","1763784067383"
"313.09","36757301","-45.858724089","170.546582831","0.0","-45.85871817310455","170.5466352330957","","4.1223373","0.65754324","4.0695577","0","1763784067547"
"313.09","36757301","-45.858724089","170.546582831","0.0","-45.85871811509285","170.54663533904764","","4.1314917","0.66399115","4.077786","0","1763784067765"
"313.09","36757301","-45.858724089","170.546582831","0.0","-45.85871801869329","170.54663540025584","","4.137917","0.67470586","4.0825396","0","1763784067989"
"313.09","36757301","-45.858724089","170.546582831","0.0","-45.85871792319752","170.54663545376994","","4.1437597","0.6853201","4.086695","0","1763784068156"
"313.09","36757301","-45.858724089","170.546582831","0.0","-45.85871779124565","170.54663553256194","","4.1522417","0.69998634","4.0928144","0","1763784068378"
"313.09","36757301","-45.858724089","170.546582831","0.0","-45.85871762504788","170.5466356281382","","4.162707","0.71845895","4.100237","0","1763784068584"
"313.09","36757301","-45.858724089","170.546582831","0.0","-45.858717376271635","170.54663580139325","","4.1808066","0.7461101","4.113692","0","1763784068745"
"313.09","36757301","-45.858724089","170.546582831","0.0","-45.85871713076889","170.54663597672715","","4.1991453","0.7733974","4.1273084","0","1763784068962"
"313.09","36757301","-45.858724089","170.546582831","0.0","-45.85871686097886","170.5466361205959","","4.215739","0.8033841","4.138481","0","1763784069148"
"313.09","36757301","-45.858724089","170.546582831","0.0","-45.8587165667345","170.54663629829153","","4.235621","0.83608896","4.1522813","0","1763784069356"
"313.09","36757301","-45.858724089","170.546582831","0.0","-45.858716307910754","170.54663643942337","","4.2521243","0.86485684","4.1632414","0","1763784069581"
"313.09","36757301","-45.858724089","170.546582831","0.0","-45.858716059476095","170.54663654862262","","4.2661185","0.89247","4.171722","0","1763784069736"
"313.09","36757301","-45.858724089","170.546582831","0.0","-45.85871579948622","170.5466366910891","","4.283062","0.9213675","4.182786","0","1763784069973"
"313.09","36757301","-45.858724089","170.546582831","0.0","-45.85871559275574","170.54663683048656","","4.298624","0.9443453","4.1936116","0","1763784070185"
"313.09","36757301","-45.858724089","170.546582831","0.0","-45.85871539872306","170.54663693464872","","4.3112965","0.96591175","4.2017007","0","1763784070342"
"313.09","36757301","-45.858724089","170.546582831","0.0","-45.85871522324233","170.54663701035938","","4.3214326","0.9854162","4.2075806","0","1763784070570"
"313.09","36757301","-45.858724089","170.546582831","0.0","-45.85871506321034","170.5466370620161","","4.329426","1.0032035","4.211592","0","1763784070787"
"313.09","36757301","-45.858724089","170.546582831","0.0","-45.85871491237027","170.54663711903586","","4.3376455","1.0199691","4.21602","0","1763784070946"
"313.09","36757301","-45.858724089","170.546582831","0.0","-45.85871477211205","170.54663718431556","","4.346261","1.0355587","4.22109","0","1763784071168"
"313.09","36757301","-45.858724089","170.546582831","0.0","-45.85871463872101","170.54663722504927","","4.352887","1.0503849","4.224253","0","1763784071389"
"313.09","36757301","-45.858724089","170.546582831","0.0","-45.858714513761605","170.54663727982424","","4.360385","1.064274","4.228507","0","1763784071546"
"313.09","36757301","-45.858724089","170.546582831","0.0","-45.858714393601616","170.54663734477793","","4.368552","1.0776296","4.2335515","0","1763784071767"
"313.09","36757301","-45.858724089","170.546582831","0.0","-45.858714249565544","170.54663741852667","","4.378074","1.0936389","4.239279","0","1763784071980"
"313.09","36757301","-45.858724089","170.546582831","0.0","-45.85871411074972","170.5466374966483","","4.3878236","1.1090682","4.2453456","0","1763784072159"
"313.09","36757301","-45.858724089","170.546582831","0.0","-45.858713979602044","170.5466375527025","","4.395739","1.1236451","4.249699","0","1763784072378"
"313.09","36757301","-45.858724089","170.546582831","0.0","-45.858713825857905","170.54663758992433","","4.4029303","1.1407335","4.2525897","0","1763784072540"
"313.09","36757301","-45.858724089","170.546582831","0.0","-45.858713712325766","170.54663764239902","","4.4101496","1.1533524","4.2566648","0","1763784072756"
"313.09","36757301","-45.858724089","170.546582831","0.0","-45.85871357152464","170.54663767479286","","4.416694","1.1690022","4.2591805","0","1763784072974"
"313.09","36757301","-45.858724089","170.546582831","0.0","-45.85871343746379","170.54663772171384","","4.4241724","1.1839029","4.2628245","0","1763784073151"
"313.09","36757301","-45.858724089","170.546582831","0.0","-45.858713311628456","170.54663775426755","","4.4303694","1.1978893","4.2653527","0","1763784073357"
"313.09","36757301","-45.858724089","170.546582831","0.0","-45.8587132217138","170.54663777600902","","4.4347067","1.2078832","4.267041","0","1763784073576"
"313.09","36757301","-45.858724089","170.546582831","0.0","-45.85871313230082","170.5466377838384","","4.438009","1.2178214","4.267649","0","1763784073739"
"313.09","36757301","-45.858724089","170.546582831","0.0","-45.85871307320009","170.54663778098464","","4.439603","1.2243903","4.2674274","0","1763784073959"
"313.09","36757301","-45.858724089","170.546582831","0.0","-45.858713007020164","170.5466378045404","GPS Fixed Point Origin","4.4433947","1.2317461","4.2692566","0","1763784074189"
"313.09","36757301","-45.858724089","170.546582831","0.0","-45.85871293663995","170.54663781896912","GPS Fixed Point Origin","4.4466457","1.2395687","4.270377","0","1763784074349"
"313.09","36757301","-45.858724089","170.546582831","0.0","-45.85871289042226","170.54663785600647","GPS Fixed Point Origin","4.450842","1.2447058","4.2732534","0","1763784074571"
"313.09","36757301","-45.858724089","170.546582831","0.0","-45.85871283605349","170.5466378780247","GPS Fixed Point Origin","4.4541764","1.2507488","4.2749634","0","1763784074788"
"313.09","36757301","-45.858724089","170.546582831","0.0","-45.85871277275301","170.54663789426775","GPS Fixed Point Origin","4.4573674","1.2577845","4.276225","0","1763784074967"
"313.09","36757301","-45.858724089","170.546582831","0.0","-45.85871273299826","170.54663792841444","GPS Fixed Point Origin","4.4611597","1.2622032","4.278877","0","1763784075167"
"313.09","36757301","-45.858724089","170.546582831","0.0","-45.85871268148001","170.546637951675","GPS Fixed Point Origin","4.464515","1.2679294","4.280683","0","1763784075390"
"313.09","36757301","-45.858724089","170.546582831","0.0","-45.85871264935432","170.54663799361418","GPS Fixed Point Origin","4.468653","1.2715001","4.2839403","0","1763784075551"
"313.09","36757301","-45.858724089","170.546582831","0.0","-45.85871260431722","170.54663801945173","GPS Fixed Point Origin","4.472003","1.276506","4.285947","0","1763784075767"
"313.09","36757301","-45.858724089","170.546582831","0.0","-45.85871254825975","170.54663803693717","GPS Fixed Point Origin","4.475086","1.2827367","4.287305","0","1763784075989"
"313.09","36757301","-45.858724089","170.546582831","0.0","-45.858712511628596","170.54663807270754","GPS Fixed Point Origin","4.478916","1.2868081","4.2900825","0","1763784076161"
"313.09","36757301","-45.858724089","170.546582831","0.0","-45.8587124599631","170.54663809788704","GPS Fixed Point Origin","4.4824414","1.2925507","4.292038","0","1763784076378"
"313.09","36757301","-45.858724089","170.546582831","0.0","-45.85871239629693","170.5466381110057","GPS Fixed Point Origin","4.485462","1.2996271","4.293057","0","1763784076533"
"313.09","36757301","-45.858724089","170.546582831","0.0","-45.85871235413766","170.54663814716358","GPS Fixed Point Origin","4.489509","1.3043131","4.295865","0","1763784076761"
"313.09","36757301","-45.858724089","170.546582831","0.0","-45.858712324975464","170.54663817054717","GPS Fixed Point Origin","4.492189","1.3075544","4.297681","0","1763784076991"
"313.09","36757301","-45.858724089","170.546582831","0.0","-45.85871230908663","170.54663821466352","GPS Fixed Point Origin","4.4959807","1.3093203","4.301107","0","1763784077158"
"313.09","36757301","-45.858724089","170.546582831","0.0","-45.858712273601775","170.54663824594417","GPS Fixed Point Origin","4.4994545","1.3132645","4.3035364","0","1763784077359"
"313.09","36757301","-45.858724089","170.546582831","0.0","-45.858712222542906","170.54663829600176","GPS Fixed Point Origin","4.5048313","1.3189396","4.3074236","0","1763784077540"
"313.09","36757301","-45.858724089","170.546582831","0.0","-45.85871215626073","170.5466383315815","GPS Fixed Point Origin","4.5096345","1.3263068","4.310187","0","1763784077749"
"313.09","36757301","-45.858724089","170.546582831","0.0","-45.85871210974428","170.54663838524937","GPS Fixed Point Origin","4.51514","1.331477","4.314355","0","1763784077968"
"313.09","36757301","-45.858724089","170.546582831","0.0","-45.85871208089745","170.54663842284023","GPS Fixed Point Origin","4.5188756","1.3346833","4.317274","0","1763784078137"
"313.09","36757301","-45.858724089","170.546582831","0.0","-45.85871206573516","170.5466384500739","GPS Fixed Point Origin","4.5213943","1.3363686","4.319389","0","1763784078354"
"313.09","36757301","-45.858724089","170.546582831","0.0","-45.858712060294856","170.54663849635523","GPS Fixed Point Origin","4.525007","1.3369732","4.3229833","0","1763784078570"
"313.09","36757301","-45.858724089","170.546582831","0.0","-45.85871203181371","170.54663852680554","GPS Fixed Point Origin","4.5282016","1.3401389","4.325348","0","1763784078732"
"313.09","36757301","-45.858724089","170.546582831","0.0","-45.85871201326334","170.54663854392814","GPS Fixed Point Origin","4.530082","1.3422008","4.326678","0","1763784078948"
"313.09","36757301","-45.858724089","170.546582831","0.0","-45.85871197588636","170.54663855250172","GPS Fixed Point Origin","4.531951","1.3463551","4.3273435","0","1763784079181"
"313.09","36757301","-45.858724089","170.546582831","0.0","-45.858711950823256","170.54663855395933","GPS Fixed Point Origin","4.5328875","1.3491409","4.327457","0","1763784079339"
"313.09","36757301","-45.858724089","170.546582831","0.0","-45.858711935155554","170.54663857868368","GPS Fixed Point Origin","4.5352387","1.3508823","4.3293767","0","1763784079563"
"313.09","36757301","-45.858724089","170.546582831","0.0","-45.85871189853831","170.54663859362284","GPS Fixed Point Origin","4.53756","1.3549522","4.330537","0","1763784079781"
"313.09","36757301","-45.858724089","170.546582831","0.0","-45.85871187321608","170.54663860121852","GPS Fixed Point Origin","4.5389643","1.3577667","4.3311267","0","1763784079945"
"313.09","36757301","-45.858724089","170.546582831","0.0","-45.85871185783642","170.54663863198866","GPS Fixed Point Origin","4.5417557","1.3594762","4.3335166","0","1763784080168"
"313.09","36757301","-45.858724089","170.546582831","0.0","-45.85871185018808","170.54663865176815","GPS Fixed Point Origin","4.5434756","1.3603263","4.3350525","0","1763784080328"
"313.09","36757301","-45.858724089","170.546582831","0.0","-45.858711819934726","170.5466386347071","GPS Fixed Point Origin","4.54322","1.363689","4.333728","0","1763784080549"
"313.09","36757301","-45.858724089","170.546582831","0.0","-45.858711830016496","170.54663861259664","GPS Fixed Point Origin","4.5412455","1.3625684","4.3320107","0","1763784080769"
"313.09","36757301","-45.858724089","170.546582831","0.0","-45.85871184214087","170.54663859042466","GPS Fixed Point Origin","4.539199","1.3612207","4.330289","0","1763784080931"
"313.09","36757301","-45.858724089","170.546582831","0.0","-45.8587118267398","170.54663856755158","GPS Fixed Point Origin","4.538018","1.3629326","4.328512","0","1763784081165"
"313.09","36757301","-45.858724089","170.546582831","0.0","-45.858711817750255","170.54663854397117","GPS Fixed Point Origin","4.5365715","1.3639318","4.326681","0","1763784081373"
"313.09","36757301","-45.858724089","170.546582831","0.0","-45.858711814555996","170.54663852039693","GPS Fixed Point Origin","4.5349326","1.3642868","4.32485","0","1763784081539"
"313.09","36757301","-45.858724089","170.546582831","0.0","-45.85871181527291","170.54663849608463","GPS Fixed Point Origin","4.5331078","1.364207","4.3229623","0","1763784081750"
"313.09","36757301","-45.858724089","170.546582831","0.0","-45.858711819146066","170.5466384720983","GPS Fixed Point Origin","4.531202","1.3637766","4.3210993","0","1763784081978"
"313.09","36757301","-45.858724089","170.546582831","0.0","-45.85871182484872","170.54663844930516","GPS Fixed Point Origin","4.529323","1.3631427","4.3193293","0","1763784082143"
"313.09","36757301","-45.858724089","170.546582831","0.0","-45.85871183222346","170.54663842849237","GPS Fixed Point Origin","4.527535","1.362323","4.317713","0","1763784082361"
"313.09","36757301","-45.858724089","170.546582831","0.0","-45.858711840389006","170.5466384097769","GPS Fixed Point Origin","4.525876","1.3614155","4.3162594","0","1763784082580"
"313.09","36757301","-45.858724089","170.546582831","0.0","-45.85871184797631","170.5466383928389","GPS Fixed Point Origin","4.524368","1.3605721","4.3149443","0","1763784082750"
"313.09","36757301","-45.858724089","170.546582831","0.0","-45.85871185578794","170.54663840739056","GPS Fixed Point Origin","4.5251846","1.3597039","4.3160744","0","1763784082973"
"313.09","36757301","-45.858724089","170.546582831","0.0","-45.858711834059925","170.54663844739238","GPS Fixed Point Origin","4.5288734","1.362119","4.319181","0","1763784083139"
"313.09","36757301","-45.858724089","170.546582831","0.0","-45.858711816206124","170.54663844979717","GPS Fixed Point Origin","4.529649","1.3641033","4.3193674","0","1763784083357"
"313.09","36757301","-45.858724089","170.546582831","0.0","-45.85871177405435","170.54663845028304","GPS Fixed Point Origin","4.531098","1.3687885","4.319405","0","1763784083570"
"313.09","36757301","-45.858724089","170.546582831","0.0","-45.85871173752116","170.54663848162517","GPS Fixed Point Origin","4.534646","1.3728491","4.3218393","0","1763784083746"
"313.09","36757301","-45.858724089","170.546582831","0.0","-45.85871171004605","170.5466385055008","GPS Fixed Point Origin","4.5373383","1.3759029","4.3236933","0","1763784083965"
"313.09","36757301","-45.858724089","170.546582831","0.0","-45.85871168914792","170.5466385245238","GPS Fixed Point Origin","4.5394506","1.3782257","4.325171","0","1763784084178"
"313.09","36757301","-45.858724089","170.546582831","0.0","-45.85871167261766","170.54663853933383","GPS Fixed Point Origin","4.541105","1.3800629","4.326321","0","1763784084344"
"313.09","36757301","-45.858724089","170.546582831","0.0","-45.85871163185794","170.546638579065","GPS Fixed Point Origin","4.545422","1.3845934","4.3294063","0","1763784084562"
"313.09","36757301","-45.858724089","170.546582831","0.0","-45.858711597247954","170.54663861139736","GPS Fixed Point Origin","4.5489864","1.3884403","4.3319173","0","1763784084781"
"313.09","36757301","-45.858724089","170.546582831","0.0","-45.85871157129287","170.54663863502694","GPS Fixed Point Origin","4.551615","1.3913251","4.3337526","0","1763784084956"
"313.09","36757301","-45.858724089","170.546582831","0.0","-45.85871155124068","170.54663868108068","GPS Fixed Point Origin","4.5557017","1.3935539","4.337329","0","1763784085181"
"313.09","36757301","-45.858724089","170.546582831","0.0","-45.85871150700669","170.546638687188","GPS Fixed Point Origin","4.5576596","1.3984704","4.3378034","0","1763784085344"
"313.09","36757301","-45.858724089","170.546582831","0.0","-45.85871144418165","170.54663868830121","GPS Fixed Point Origin","4.5598893","1.4054533","4.3378897","0","1763784085561"
"313.09","36757301","-45.858724089","170.546582831","0.0","-45.85871139181103","170.54663868542283","GPS Fixed Point Origin","4.5614743","1.4112742","4.337666","0","1763784085780"
"313.09","36757301","-45.858724089","170.546582831","0.0","-45.8587113527234","170.5466386802627","GPS Fixed Point Origin","4.5624394","1.4156188","4.3372655","0","1763784085941"
"313.09","36757301","-45.858724089","170.546582831","0.0","-45.85871132293425","170.54663870179502","GPS Fixed Point Origin","4.5650573","1.4189298","4.3389378","0","1763784086171"
"313.09","36757301","-45.858724089","170.546582831","0.0","-45.85871127198354","170.54663871633443","GPS Fixed Point Origin","4.5678935","1.4245929","4.340067","0","1763784086335"
"313.09","36757301","-45.858724089","170.546582831","0.0","-45.858711233195734","170.54663872474194","GPS Fixed Point Origin","4.56986","1.428904","4.3407197","0","1763784086550"
"313.09","36757301","-45.858724089","170.546582831","0.0","-45.85871120307837","170.5466387299513","GPS Fixed Point Origin","4.571292","1.4322516","4.3411245","0","1763784086766"
"313.09","36757301","-45.858724089","170.546582831","0.0","-45.85871118119669","170.54663876072757","GPS Fixed Point Origin","4.574324","1.4346837","4.3435144","0","1763784086930"
"313.09","36757301","-45.858724089","170.546582831","0.0","-45.85871113667197","170.5466388124335","GPS Fixed Point Origin","4.5796905","1.4396325","4.34753","0","1763784087152"
"313.09","36757301","-45.858724089","170.546582831","0.0","-45.85871110194204","170.5466388520786","GPS Fixed Point Origin","4.5838275","1.4434928","4.350609","0","1763784087381"
"313.09","36757301","-45.858724089","170.546582831","0.0","-45.85871104804818","170.54663888092983","GPS Fixed Point Origin","4.587843","1.449483","4.3528495","0","1763784087542"
"313.09","36757301","-45.858724089","170.546582831","0.0","-45.85871100530263","170.54663893388428","GPS Fixed Point Origin","4.593247","1.4542341","4.3569617","0","1763784087754"
"313.09","36757301","-45.858724089","170.546582831","0.0","-45.85871097389492","170.54663897268674","GPS Fixed Point Origin","4.5972114","1.457725","4.3599753","0","1763784087973"
"313.09","36757301","-45.858724089","170.546582831","0.0","-45.85871092223747","170.54663900088605","GPS Fixed Point Origin","4.6011114","1.4634666","4.362165","0","1763784088146"
"313.09","36757301","-45.858724089","170.546582831","0.0","-45.85871088276435","170.54663901956462","GPS Fixed Point Origin","4.6038833","1.467854","4.363616","0","1763784088362"
"313.09","36757301","-45.858724089","170.546582831","0.0","-45.85871082550222","170.5466390304323","GPS Fixed Point Origin","4.606716","1.4742186","4.3644595","0","1763784088580"
"313.09","36757301","-45.858724089","170.546582831","0.0","-45.85871078067982","170.54663903619516","GPS Fixed Point Origin","4.608737","1.4792006","4.3649073","0","1763784088756"
"313.09","36757301","-45.858724089","170.546582831","0.0","-45.85871071942031","170.54663903629356","GPS Fixed Point Origin","4.610934","1.4860095","4.364915","0","1763784088962"
"313.09","36757301","-45.858724089","170.546582831","0.0","-45.858710672684886","170.5466390325603","GPS Fixed Point Origin","4.612336","1.491204","4.364625","0","1763784089141"
"313.09","36757301","-45.858724089","170.546582831","0.0","-45.85871060936565","170.54663902593637","GPS Fixed Point Origin","4.61413","1.4982419","4.3641105","0","1763784089351"
"313.09","36757301","-45.858724089","170.546582831","0.0","-45.85871056229453","170.5466390167232","GPS Fixed Point Origin","4.6151547","1.5034738","4.363395","0","1763784089575"
"313.09","36757301","-45.858724089","170.546582831","0.0","-45.85871049580728","170.54663900746078","GPS Fixed Point Origin","4.616888","1.5108638","4.3626757","0","1763784089742"
"313.09","36757301","-45.858724089","170.546582831","0.0","-45.858710415890336","170.5466390268405","GPS Fixed Point Origin","4.6212234","1.5197464","4.364181","0","1763784089951"
"313.09","36757301","-45.858724089","170.546582831","0.0","-45.858710325474526","170.5466390411585","","4.6255875","1.529796","4.3652925","0","1763784090183"
"313.09","36757301","-45.858724089","170.546582831","0.0","-45.858710256024324","170.54663905212453","","4.6289496","1.5375153","4.366144","0","1763784090341"
"313.09","36757301","-45.858724089","170.546582831","0.0","-45.85871020519729","170.54663908787646","","4.633447","1.5431646","4.368921","0","1763784090560"
"313.09","36757301","-45.858724089","170.546582831","0.0","-45.85871013843002","170.5466391189234","","4.638196","1.5505857","4.371332","0","1763784090773"
"313.09","36757301","-45.858724089","170.546582831","0.0","-45.858710060846384","170.54663914232543","","4.642798","1.5592091","4.3731494","0","1763784090944"
"313.09","36757301","-45.858724089","170.546582831","0.0","-45.85871000269762","170.5466391893386","","4.6484103","1.5656722","4.3768005","0","1763784091176"
"313.09","36757301","-45.858724089","170.546582831","0.0","-45.85870993165349","170.5466392268188","","4.653815","1.5735687","4.379711","0","1763784091341"
"313.09","36757301","-45.858724089","170.546582831","0.0","-45.858709879906094","170.54663925496274","","4.657819","1.5793203","4.381897","0","1763784091558"
"313.09","36757301","-45.858724089","170.546582831","0.0","-45.85870981408918","170.54663927728848","","4.661935","1.5866357","4.3836308","0","1763784091775"
"313.09","36757301","-45.858724089","170.546582831","0.0","-45.85870976695647","170.54663929366066","","4.6649156","1.5918745","4.384902","0","1763784091933"
"313.09","36757301","-45.858724089","170.546582831","0.0","-45.85870973575919","170.54663930300305","","4.6667814","1.595342","4.3856277","0","1763784092152"
"313.09","36757301","-45.858724089","170.546582831","0.0","-45.858709718574666","170.5466392782787","","4.665631","1.597252","4.3837075","0","1763784092386"
"313.09","36757301","-45.858724089","170.546582831","0.0","-45.85870971207585","170.54663925459988","","4.6641507","1.5979744","4.381869","0","1763784092549"
"313.09","36757301","-45.858724089","170.546582831","0.0","-45.858709684998544","170.54663923166524","","4.6635094","1.600984","4.3800874","0","1763784092769"
"313.09","36757301","-45.858724089","170.546582831","0.0","-45.858709669917644","170.54663921136913","","4.6626053","1.6026602","4.3785114","0","1763784092978"
"313.09","36757301","-45.858724089","170.546582831","0.0","-45.858709662669256","170.54663919237072","","4.6614966","1.6034659","4.377036","0","1763784093155"
"313.09","36757301","-45.858724089","170.546582831","0.0","-45.85870963360076","170.54663917590625","","4.661409","1.6066968","4.375757","0","1763784093367"
"313.09","36757301","-45.858724089","170.546582831","0.0","-45.85870961469489","170.54663919063017","","4.6632066","1.6087981","4.3769007","0","1763784093534"
"313.09","36757301","-45.858724089","170.546582831","0.0","-45.858709574345305","170.5466392044254","","4.665761","1.6132829","4.377972","0","1763784093757"
"313.09","36757301","-45.858724089","170.546582831","0.0","-45.85870951497526","170.54663921563133","","4.6688633","1.6198819","4.3788424","0","1763784093980"
"313.09","36757301","-45.858724089","170.546582831","0.0","-45.85870947091528","170.54663919269055","","4.6688943","1.624779","4.377061","0","1763784094148"
"313.09","36757301","-45.858724089","170.546582831","0.0","-45.858709410164415","170.54663917152723","","4.6697083","1.6315314","4.375417","0","1763784094355"
"313.09","36757301","-45.858724089","170.546582831","0.0","-45.85870936555832","170.54663915164318","","4.6699967","1.6364893","4.373873","0","1763784094574"
"313.09","36757301","-45.858724089","170.546582831","0.0","-45.85870930237134","170.54663916695137","","4.673575","1.6435125","4.375062","0","1763784094752"
"313.09","36757301","-45.858724089","170.546582831","0.0","-45.858709227311905","170.54663917833565","","4.6773424","1.6518552","4.375946","0","1763784094972"
"313.09","36757301","-45.858724089","170.546582831","0.0","-45.8587091703405","170.5466391884099","","4.680314","1.6581875","4.3767285","0","1763784095134"
"313.09","36757301","-45.858724089","170.546582831","0.0","-45.85870910020042","170.54663919712496","","4.6837144","1.6659834","4.377405","0","1763784095359"
"313.09","36757301","-45.858724089","170.546582831","0.0","-45.858709049090955","170.54663920289394","","4.6861567","1.6716642","4.377853","0","1763784095580"
"313.09","36757301","-45.858724089","170.546582831","0.0","-45.85870898262593","170.54663920892744","","4.6892347","1.6790518","4.3783216","0","1763784095745"
"313.09","36757301","-45.858724089","170.546582831","0.0","-45.85870890270255","170.54663921412447","","4.692799","1.6879351","4.3787255","0","1763784095955"
"313.09","36757301","-45.858724089","170.546582831","0.0","-45.85870881490839","170.54663921714427","","4.6965365","1.6976932","4.3789597","0","1763784096186"
"313.09","36757301","-45.858724089","170.546582831","0.0","-45.85870874877772","170.54663922003496","","4.699408","1.7050436","4.3791842","0","1763784096346"
"313.09","36757301","-45.858724089","170.546582831","0.0","-45.85870867303939","170.54663922116046","","4.70255","1.7134618","4.3792715","0","1763784096567"
"313.09","36757301","-45.858724089","170.546582831","0.0","-45.85870858645417","170.54663922422947","","4.706287","1.7230856","4.37951","0","1763784096778"
"313.09","36757301","-45.858724089","170.546582831","0.0","-45.858708522931764","170.54663922630215","","4.7090263","1.730146","4.379671","0","1763784096953"
"313.09","36757301","-45.858724089","170.546582831","0.0","-45.858708448795376","170.54663922882992","","4.7122426","1.7383862","4.3798676","0","1763784097175"
"313.09","36757301","-45.858724089","170.546582831","0.0","-45.85870839527469","170.54663923129624","","4.714618","1.7443349","4.380059","0","1763784097336"
"313.09","36757301","-45.858724089","170.546582831","0.0","-45.858708358359486","170.54663923270468","","4.7162395","1.748438","4.3801684","0","1763784097562"
"313.09","36757301","-45.858724089","170.546582831","0.0","-45.858708305087234","170.5466392357675","","4.7186584","1.7543591","4.380406","0","1763784097776"
"313.09","36757301","-45.858724089","170.546582831","0.0","-45.85870823947993","170.54663923650554","","4.721428","1.7616513","4.3804636","0","1763784097938"
"313.09","36757301","-45.858724089","170.546582831","0.0","-45.858708192278165","170.5466392372559","","4.723442","1.7668977","4.380522","0","1763784098157"
"313.09","36757301","-45.858724089","170.546582831","0.0","-45.85870813100153","170.54663926730643","","4.728157","1.7737086","4.3828554","0","1763784098375"
"313.09","36757301","-45.858724089","170.546582831","0.0","-45.858708059088436","170.54663929099755","","4.732866","1.7817016","4.3846955","0","1763784098538"
"313.09","36757301","-45.858724089","170.546582831","0.0","-45.85870797557326","170.54663931296045","","4.737947","1.7909842","4.386401","0","1763784098759"
"313.09","36757301","-45.858724089","170.546582831","0.0","-45.858707915174165","170.5466393281026","","4.741577","1.7976974","4.387577","0","1763784098981"
"313.09","36757301","-45.858724089","170.546582831","0.0","-45.85870787341751","170.54663934170097","","4.7443156","1.8023386","4.388633","0","1763784099147"
"313.09","36757301","-45.858724089","170.546582831","0.0","-45.85870784611025","170.54663935149844","","4.746173","1.8053738","4.389394","0","1763784099369"
"313.09","36757301","-45.858724089","170.546582831","0.0","-45.858707801765966","170.54663938665382","","4.750574","1.8103026","4.392124","0","1763784099586"
"313.09","36757301","-45.858724089","170.546582831","0.0","-45.85870774161878","170.54663941754083","","4.7553425","1.8169879","4.3945227","0","1763784099751"
"313.09","36757301","-45.858724089","170.546582831","0.0","-45.85870769902823","170.54663941032646","","4.7566357","1.8217217","4.3939624","0","1763784099966"
"313.09","36757301","-45.858724089","170.546582831","0.0","-45.858707671228125","170.54663940514789","","4.757448","1.8248117","4.3935604","0","1763784100182"
"313.09","36757301","-45.858724089","170.546582831","0.0","-45.85870765455678","170.54663942112032","","4.759305","1.8266647","4.3948007","0","1763784100346"
"313.09","36757301","-45.858724089","170.546582831","0.0","-45.85870767246332","170.54663904403066","","4.7315083","1.8246744","4.3655157","0","1763784100570"
"313.09","36757301","-45.858724089","170.546582831","0.0","-45.85870752715885","170.54663812362622","","4.67198","1.8408247","4.294037","0","1763784100735"
"313.09","36757301","-45.858724089","170.546582831","0.0","-45.858707310630095","170.5466368680282","","4.59224","1.8648916","4.196527","0","1763784100953"
"313.09","36757301","-45.858724089","170.546582831","0.0","-45.85870717342453","170.54663509993475","","4.473497","1.8801419","4.0592165","0","1763784101186"
"313.09","36757301","-45.858724089","170.546582831","0.0","-45.85870703150908","170.5466330079828","","4.3334975","1.8959155","3.896755","0","1763784101347"
"313.09","36757301","-45.858724089","170.546582831","0.0","-45.85870699150015","170.54663090796163","","4.189469","1.9003625","3.733667","0","1763784101569"
"313.09","36757301","-45.858724089","170.546582831","0.0","-45.85870698987772","170.54662885816413","","4.0483294","1.9005427","3.5744793","0","1763784101792"
"313.09","36757301","-45.858724089","170.546582831","0.0","-45.85870702263318","170.54662693883995","","3.9155805","1.8969021","3.425424","0","1763784101942"
"313.09","36757301","-45.858724089","170.546582831","0.0","-45.85870712173468","170.54662510995033","","3.7864544","1.885887","3.2833922","0","1763784102168"
"313.09","36757301","-45.858724089","170.546582831","0.0","-45.85870728018319","170.54662315096877","","3.6462624","1.8682758","3.1312573","0","1763784102380"
"313.09","36757301","-45.858724089","170.546582831","0.0","-45.85870740863616","170.54662120047155","","3.5094743","1.8539984","2.9797812","0","1763784102553"
"313.09","36757301","-45.858724089","170.546582831","0.0","-45.858707691035086","170.54661932042958","","3.3693027","1.8226101","2.8337767","0","1763784102757"
"313.09","36757301","-45.858724089","170.546582831","0.0","-45.858707998687194","170.54661755919065","","3.2360828","1.7884151","2.6969986","0","1763784102990"
"313.09","36757301","-45.858724089","170.546582831","0.0","-45.858708254934285","170.54661588648275","","3.1124506","1.7599336","2.5670958","0","1763784103159"
"313.09","36757301","-45.858724089","170.546582831","0.0","-45.8587083934816","170.5466142104568","","2.9970076","1.7445343","2.4369352","0","1763784103377"
"313.09","36757301","-45.858724089","170.546582831","0.0","-45.85870851983093","170.5466122165536","","2.8640053","1.7304907","2.2820883","0","1763784103538"
"313.09","36757301","-45.858724089","170.546582831","0.0","-45.8587085144174","170.54661016956067","","2.7394001","1.7310925","2.1231184","0","1763784103757"
"313.09","36757301","-45.858724089","170.546582831","0.0","-45.85870860492743","170.54660834727034","","2.624631","1.7210324","1.981599","0","1763784103967"
"313.09","36757301","-45.858724089","170.546582831","0.0","-45.85870884694332","170.54660666274765","","2.509077","1.6941326","1.8507786","0","1763784104150"
"313.09","36757301","-45.858724089","170.546582831","0.0","-45.85870896186967","170.54660519422185","","2.4172728","1.6813587","1.7367325","0","1763784104372"
"313.09","36757301","-45.858724089","170.546582831","0.0","-45.858709040696255","170.54660358896473","","2.3230035","1.6725973","1.6120679","0","1763784104580"
"313.09","36757301","-45.858724089","170.546582831","0.0","-45.858709033345875","170.54660181654756","","2.2302992","1.6734142","1.4744216","0","1763784104747"
"313.09","36757301","-45.858724089","170.546582831","0.0","-45.85870900337655","170.54659982769994","","2.133961","1.6767453","1.3199673","0","1763784104964"
"313.09","36757301","-45.858724089","170.546582831","0.0","-45.858709037003536","170.54659779540017","","2.0370374","1.6730077","1.1621385","0","1763784105193"
"313.09","36757301","-45.858724089","170.546582831","0.0","-45.85870916034546","170.54659590915708","","1.9454618","1.6592984","1.0156524","0","1763784105348"
"313.09","36757301","-45.858724089","170.546582831","0.0","-45.858709163307076","170.546594387091","","1.8861582","1.6589693","0.8974485","0","1763784105570"
"313.09","36757301","-45.858724089","170.546582831","0.0","-45.85870906069544","170.54659273945194","","1.8390948","1.6703744","0.76949245","0","1763784105795"
"313.09","36757301","-45.858724089","170.546582831","0.0","-45.85870888819347","170.54659091485374","","1.8024142","1.6895478","0.6277938","0","1763784105963"
"313.09","36757301","-45.858724089","170.546582831","0.0","-45.858708838577805","170.54658886729035","","1.7586901","1.6950624","0.4687796","0","1763784106181"
"313.09","36757301","-45.858724089","170.546582831","0.0","-45.858708838719956","170.54658678787894","","1.7226757","1.6950467","0.30729204","0","1763784106341"
"313.09","36757301","-45.858724089","170.546582831","0.0","-45.858708802921086","170.5465850107768","","1.707438","1.6990256","0.16928193","0","1763784106560"
"313.09","36757301","-45.858724089","170.546582831","0.0","-45.85870882197794","170.5465834932135","","1.6976867","1.6969075","0.05142764","0","1763784106770"
"313.09","36757301","-45.858724089","170.546582831","0.0","-45.858708798431934","170.54658190665577","","1.7010399","1.6995246","0.071784765","0","1763784106940"
"313.09","36757301","-45.858724089","170.546582831","0.0","-45.85870894563362","170.54658035272402","","1.6941314","1.6831633","0.19246344","0","1763784107173"
"313.09","36757301","-45.858724089","170.546582831","0.0","-45.85870927657045","170.5465787927042","","1.6759839","1.6463802","0.3136149","0","1763784107385"
"313.09","36757301","-45.858724089","170.546582831","0.0","-45.85870947803731","170.54657752778883","","1.6753968","1.6239874","0.4118485","0","1763784107540"
"313.09","36757301","-45.858724089","170.546582831","0.0","-45.8587095676848","170.54657691030164","","1.6782401","1.6140232","0.4598027","0","1763784107761"
"313.09","36757301","-45.858724089","170.546582831","0.0","-45.85870966788202","170.54657697581274","","1.6661365","1.6028864","0.45471507","0","1763784107985"
"313.09","36757301","-45.858724089","170.546582831","0.0","-45.85870969715076","170.54657738283493","","1.6546435","1.5996333","0.42310566","0","1763784108147"
"313.09","36757301","-45.858724089","170.546582831","0.0","-45.85870980350411","170.54657775860647","","1.6359472","1.5878123","0.39392316","0","1763784108374"
"313.09","36757301","-45.858724089","170.546582831","0.0","-45.85870983292224","170.5465780452238","","1.627547","1.5845425","0.37166438","0","1763784108533"
"313.09","36757301","-45.858724089","170.546582831","0.0","-45.85870982607434","170.5465782314238","","1.6250484","1.5853037","0.35720405","0","1763784108750"
"313.09","36757301","-45.858724089","170.546582831","0.0","-45.858709752802376","170.5465783416252","","1.6311436","1.5934477","0.3486458","0","1763784108985"
"313.09","36757301","-45.858724089","170.546582831","0.0","-45.8587096112581","170.54657836849222","","1.6460754","1.6091801","0.3465593","0","1763784109139"
"313.09","36757301","-45.858724089","170.546582831","0.0","-45.858709480080435","170.54657831907497","","1.6611369","1.6237603","0.35039705","0","1763784109360"
"313.09","36757301","-45.858724089","170.546582831","0.0","-45.85870938250833","170.54657829716365","","1.672097","1.6346053","0.35209867","0","1763784109579"
"313.09","36757301","-45.858724089","170.546582831","0.0","-45.85870930591602","170.54657841608585","","1.6785094","1.6431185","0.34286317","0","1763784109758"
"313.09","36757301","-45.858724089","170.546582831","0.0","-45.85870927385833","170.5465784133428","","1.6820409","1.6466817","0.3430762","0","1763784109967"
"313.09","36757301","-45.858724089","170.546582831","0.0","-45.85870926164482","170.54657838681177","","1.683791","1.6480391","0.34513658","0","1763784110139"
"313.09","36757301","-45.858724089","170.546582831","0.0","-45.85870920308271","170.54657844319422","","1.6892737","1.6545483","0.3407579","0","1763784110363"
"313.09","36757301","-45.858724089","170.546582831","0.0","-45.85870914337885","170.54657849777544","","1.6949272","1.6611842","0.33651912","0","1763784110569"
"313.09","36757301","-45.858724089","170.546582831","0.0","-45.8587091144782","170.54657855967088","","1.6971296","1.6643965","0.3317123","0","1763784110740"
"313.09","36757301","-45.858724089","170.546582831","0.0","-45.85870909951804","170.54657868583973","","1.6968743","1.6660593","0.32191402","0","1763784110953"
"313.09","36757301","-45.858724089","170.546582831","0.0","-45.85870910919183","170.5465787767848","","1.6944921","1.6649841","0.3148512","0","1763784111181"
"313.09","36757301","-45.858724089","170.546582831","0.0","-45.858709078019444","170.5465788674516","","1.696605","1.6684488","0.30781","0","1763784111358"
"313.09","36757301","-45.858724089","170.546582831","0.0","-45.858709043919156","170.54657890015218","","1.6998745","1.6722391","0.30527046","0","1763784111571"
"313.09","36757301","-45.858724089","170.546582831","0.0","-45.85870903709268","170.54657894327374","","1.700023","1.6729978","0.30192164","0","1763784111730"
"313.09","36757301","-45.858724089","170.546582831","0.0","-45.85870902583889","170.54657896833405","","1.7009097","1.6742487","0.29997545","0","1763784111950"
"313.09","36757301","-45.858724089","170.546582831","0.0","-45.8587090130707","170.54657897935778","","1.702156","1.6756678","0.29911935","0","1763784112174"
"313.09","36757301","-45.858724089","170.546582831","0.0","-45.858709029394284","170.54657894833005","","1.7007954","1.6738535","0.30152896","0","1763784112341"
"313.09","36757301","-45.858724089","170.546582831","0.0","-45.85870904251103","170.54657894522262","","1.6994035","1.6723956","0.3017703","0","1763784112563"
"313.09","36757301","-45.858724089","170.546582831","0.0","-45.85870905179156","170.54657890193346","","1.6989889","1.6713641","0.30513212","0","1763784112775"
"313.09","36757301","-45.858724089","170.546582831","0.0","-45.85870908739099","170.54657882990375","","1.6961125","1.6674072","0.310726","0","1763784112940"
"313.09","36757301","-45.858724089","170.546582831","0.0","-45.85870911642763","170.5465787620563","","1.6939148","1.6641798","0.31599504","0","1763784113167"
"313.09","36757301","-45.858724089","170.546582831","0.0","-45.85870914018378","170.54657869848253","","1.6922501","1.6615393","0.32093218","0","1763784113382"
"313.09","36757301","-45.858724089","170.546582831","0.0","-45.858709159878316","170.54657863911638","","1.6909825","1.6593504","0.32554257","0","1763784113542"
"313.09","36757301","-45.858724089","170.546582831","0.0","-45.85870917530723","170.54657855436548","","1.6905804","1.6576355","0.33212435","0","1763784113764"
"313.09","36757301","-45.858724089","170.546582831","0.0","-45.85870918904318","170.54657847941513","","1.6902375","1.6561087","0.33794498","0","1763784113978"
"313.09","36757301","-45.858724089","170.546582831","0.0","-45.85870920133138","170.54657841669473","","1.6898807","1.654743","0.34281588","0","1763784114151"
"313.09","36757301","-45.858724089","170.546582831","0.0","-45.85870921076505","170.54657836585525","","1.6896598","1.6536944","0.3467641","0","1763784114367"
"313.09","36757301","-45.858724089","170.546582831","0.0","-45.85870921945128","170.54657832103698","","1.6894331","1.6527289","0.35024467","0","1763784114585"
"313.09","36757301","-45.858724089","170.546582831","0.0","-45.858709222528546","170.5465782915265","","1.6895752","1.6523869","0.35253647","0","1763784114767"
"313.09","36757301","-45.858724089","170.546582831","0.0","-45.85870919701143","170.54657829916403","","1.6922256","1.655223","0.35194334","0","1763784114959"
"313.09","36757301","-45.858724089","170.546582831","0.0","-45.858709205399165","170.54657830888348","","1.6911569","1.6542908","0.3511885","0","1763784115133"
"313.09","36757301","-45.858724089","170.546582831","0.0","-45.858709213058475","170.54657832010096","","1.6901432","1.6534394","0.35031736","0","1763784115351"
"313.09","36757301","-45.858724089","170.546582831","0.0","-45.85870922229029","170.54657832928376","","1.6889917","1.6524134","0.34960422","0","1763784115573"
"313.09","36757301","-45.858724089","170.546582831","0.0","-45.85870923162142","170.54657834283915","","1.6877593","1.6513762","0.3485515","0","1763784115735"
"313.09","36757301","-45.858724089","170.546582831","0.0","-45.85870924238825","170.5465783521523","","1.6864392","1.6501795","0.34782827","0","1763784115953"
"313.09","36757301","-45.858724089","170.546582831","0.0","-45.85870925372208","170.5465783574585","","1.6851214","1.6489197","0.34741616","0","1763784116172"
"313.09","36757301","-45.858724089","170.546582831","0.0","-45.85870926628254","170.5465783310082","","1.6841805","1.6475236","0.34947032","0","1763784116333"
"313.09","36757301","-45.858724089","170.546582831","0.0","-45.8587092794108","170.5465783090069","","1.6831087","1.6460645","0.35117894","0","1763784116554"
"313.09","36757301","-45.858724089","170.546582831","0.0","-45.858709290046995","170.54657829623494","","1.6821599","1.6448823","0.35217083","0","1763784116772"
"313.09","36757301","-45.858724089","170.546582831","0.0","-45.85870930085667","170.54657831756856","","1.6806388","1.6436808","0.35051402","0","1763784116944"
"313.09","36757301","-45.858724089","170.546582831","0.0","-45.85870928297449","170.54657836324674","","1.6818473","1.6456684","0.34696665","0","1763784117168"
"313.09","36757301","-45.858724089","170.546582831","0.0","-45.85870926670391","170.54657837274286","","1.6834651","1.6474768","0.3462292","0","1763784117383"
"313.09","36757301","-45.858724089","170.546582831","0.0","-45.85870925560833","170.54657838411174","","1.6844908","1.6487101","0.34534627","0","1763784117549"
"313.09","36757301","-45.858724089","170.546582831","0.0","-45.858709241153065","170.54657840105364","","1.6857944","1.6503168","0.34403056","0","1763784117764"
"313.09","36757301","-45.858724089","170.546582831","0.0","-45.85870923441573","170.5465784124625","","1.6863469","1.6510656","0.34314457","0","1763784117977"
"313.09","36757301","-45.858724089","170.546582831","0.0","-45.85870922856904","170.54657842725254","","1.6867499","1.6517155","0.34199595","0","1763784118151"
"313.09","36757301","-45.858724089","170.546582831","0.0","-45.85870922371582","170.5465784667631","","1.6866589","1.6522549","0.33892757","0","1763784118376"
"313.09","36757301","-45.858724089","170.546582831","0.0","-45.8587092486405","170.5465785001533","","1.6834252","1.6494845","0.33633447","0","1763784118548"
"313.09","36757301","-45.858724089","170.546582831","0.0","-45.858709265260174","170.54657853348195","","1.6810994","1.6476374","0.33374617","0","1763784118751"
"313.09","36757301","-45.858724089","170.546582831","0.0","-45.85870924949502","170.54657861862114","","1.681518","1.6493896","0.32713422","0","1763784118984"
"313.09","36757301","-45.858724089","170.546582831","0.0","-45.85870923642833","170.54657868927777","","1.6818846","1.650842","0.32164702","0","1763784119152"
"313.09","36757301","-45.858724089","170.546582831","0.0","-45.85870925425804","170.54657874709943","","1.6790855","1.6488602","0.31715658","0","1763784119375"
"313.09","36757301","-45.858724089","170.546582831","0.0","-45.85870926956086","170.5465788224603","","1.6763185","1.6471593","0.31130403","0","1763784119534"
"313.09","36757301","-45.858724089","170.546582831","0.0","-45.858709249325564","170.54657891797046","","1.6771688","1.6494085","0.3038867","0","1763784119757"
"313.09","36757301","-45.858724089","170.546582831","0.0","-45.85870923646715","170.5465789894082","","1.6775789","1.6508377","0.29833883","0","1763784119976"
"313.09","36757301","-45.858724089","170.546582831","0.0","-45.85870922588852","170.54657904576987","","1.6779636","1.6520134","0.29396176","0","1763784120145"
"313.09","36757301","-45.858724089","170.546582831","0.0","-45.858709219064174","170.54657908286262","","1.6782084","1.652772","0.29108113","0","1763784120365"
"313.09","36757301","-45.858724089","170.546582831","0.0","-45.858709188153064","170.5465791104438","","1.6812227","1.6562077","0.28893918","0","1763784120588"
"313.09","36757301","-45.858724089","170.546582831","0.0","-45.85870919404419","170.54657912371854","","1.6804007","1.6555529","0.28790826","0","1763784120744"
"313.09","36757301","-45.858724089","170.546582831","0.0","-45.85870920222204","170.54657912884102","","1.679437","1.6546439","0.28751045","0","1763784120977"
"313.09","36757301","-45.858724089","170.546582831","0.0","-45.858709214029446","170.54657912828597","","1.6781515","1.6533315","0.28755355","0","1763784121146"
"313.09","36757301","-45.858724089","170.546582831","0.0","-45.85870922436286","170.5465791247449","","1.677067","1.6521829","0.28782856","0","1763784121369"
"313.09","36757301","-45.858724089","170.546582831","0.0","-45.858709265405544","170.54657911355434","","1.6727228","1.6476212","0.2886976","0","1763784121587"
"313.09","36757301","-45.858724089","170.546582831","0.0","-45.858709267190335","170.54657910715264","","1.6726134","1.6474228","0.28919476","0","1763784121756"
"313.09","36757301","-45.858724089","170.546582831","0.0","-45.85870926795169","170.54657909978835","","1.672629","1.6473382","0.28976667","0","1763784121967"
"313.09","36757301","-45.858724089","170.546582831","0.0","-45.85870923527051","170.54657906499435","","1.6766759","1.6509706","0.2924688","0","1763784122145"
"313.09","36757301","-45.858724089","170.546582831","0.0","-45.85870921003234","170.5465790667272","","1.6794147","1.6537758","0.29233423","0","1763784122357"
"313.09","36757301","-45.858724089","170.546582831","0.0","-45.85870916126797","170.5465790987651","","1.6843224","1.6591959","0.28984615","0","1763784122582"
"313.09","36757301","-45.858724089","170.546582831","0.0","-45.858709115957545","170.54657912980892","GPS Fixed Point Origin","1.6888716","1.6642321","0.2874353","0","1763784122739"
"313.09","36757301","-45.858724089","170.546582831","0.0","-45.8587090516454","170.54657918845473","GPS Fixed Point Origin","1.69515","1.6713803","0.28288084","0","1763784122961"
"313.09","36757301","-45.858724089","170.546582831","0.0","-45.858708999836686","170.54657926501798","GPS Fixed Point Origin","1.6998492","1.6771388","0.27693492","0","1763784123189"
"313.09","36757301","-45.858724089","170.546582831","0.0","-45.85870896139477","170.546579330556","GPS Fixed Point Origin","1.7032453","1.6814115","0.27184522","0","1763784123348"
"313.09","36757301","-45.858724089","170.546582831","0.0","-45.858708960993475","170.54657937936588","GPS Fixed Point Origin","1.7026885","1.6814561","0.26805463","0","1763784123566"
"313.09","36757301","-45.858724089","170.546582831","0.0","-45.858708962688056","170.54657941725122","GPS Fixed Point Origin","1.7020417","1.6812677","0.26511246","0","1763784123739"
"313.09","36757301","-45.858724089","170.546582831","0.0","-45.85870893576012","170.54657947453316","GPS Fixed Point Origin","1.7043122","1.6842607","0.26066393","0","1763784123962"
"313.09","36757301","-45.858724089","170.546582831","0.0","-45.85870888317882","170.5465795525787","GPS Fixed Point Origin","1.7091746","1.6901051","0.25460288","0","1763784124175"
"313.09","36757301","-45.858724089","170.546582831","0.0","-45.85870887409879","170.54657973215703","GPS Fixed Point Origin","1.708152","1.6911143","0.2406568","0","1763784124348"
"313.09","36757301","-45.858724089","170.546582831","0.0","-45.85870892679334","170.5465799339597","GPS Fixed Point Origin","1.700209","1.6852574","0.22498477","0","1763784124566"
"313.09","36757301","-45.858724089","170.546582831","0.0","-45.85870897220899","170.5465801035153","GPS Fixed Point Origin","1.6935084","1.6802095","0.21181704","0","1763784124788"
"313.09","36757301","-45.858724089","170.546582831","0.0","-45.8587090116109","170.54658026504015","GPS Fixed Point Origin","1.6876363","1.67583","0.19927299","0","1763784124948"
"313.09","36757301","-45.858724089","170.546582831","0.0","-45.858709074231406","170.5465803906739","GPS Fixed Point Origin","1.6795961","1.6688699","0.18951623","0","1763784125166"
"313.09","36757301","-45.858724089","170.546582831","0.0","-45.85870912503649","170.5465804567693","GPS Fixed Point Origin","1.6734121","1.663223","0.18438326","0","1763784125388"
"313.09","36757301","-45.858724089","170.546582831","0.0","-45.85870913521786","170.54658053326648","GPS Fixed Point Origin","1.6716427","1.6620914","0.17844246","0","1763784125547"
"313.09","36757301","-45.858724089","170.546582831","0.0","-45.85870913625896","170.54658062853522","GPS Fixed Point Origin","1.670754","1.6619756","0.17104387","0","1763784125768"
"313.09","36757301","-45.858724089","170.546582831","0.0","-45.85870918725009","170.54658094296056","GPS Fixed Point Origin","1.6627854","1.656308","0.14662553","0","1763784125987"
"313.09","36757301","-45.858724089","170.546582831","0.0","-45.85870920468814","170.54658149292854","GPS Fixed Point Origin","1.6576302","1.6543698","0.10391491","0","1763784126159"
"313.09","36757301","-45.858724089","170.546582831","0.0","-45.8587093419328","170.54658231434178","GPS Fixed Point Origin","1.6396062","1.6391152","0.040123787","0","1763784126377"
"313.09","36757301","-45.858724089","170.546582831","0.0","-45.85870958383813","170.54658329898578","GPS Fixed Point Origin","1.6126374","1.6122278","0.036343873","0","1763784126544"
"313.09","36757301","-45.858724089","170.546582831","0.0","-45.85870983683447","170.54658441815928","GPS Fixed Point Origin","1.5888958","1.5841076","0.12325913","0","1763784126754"
"313.09","36757301","-45.858724089","170.546582831","0.0","-45.858709956156545","170.54658558505704","GPS Fixed Point Origin","1.585339","1.5708451","0.21388064","0","1763784126967"
"313.09","36757301","-45.858724089","170.546582831","0.0","-45.858710054126995","170.54658671071218","GPS Fixed Point Origin","1.5887868","1.559956","0.30129927","0","1763784127149"
"313.09","36757301","-45.858724089","170.546582831","0.0","-45.858710184729624","170.54658792995704","GPS Fixed Point Origin","1.5953647","1.5454396","0.39598608","0","1763784127372"
"313.09","36757301","-45.858724089","170.546582831","0.0","-45.858710166491946","170.5465892463988","GPS Fixed Point Origin","1.625693","1.5474668","0.49822122","0","1763784127593"
"313.09","36757301","-45.858724089","170.546582831","0.0","-45.85871019890782","170.54659057722313","GPS Fixed Point Origin","1.6569266","1.5438638","0.60157335","0","1763784127748"
"313.09","36757301","-45.858724089","170.546582831","0.0","-45.85871025347416","170.54659202426737","GPS Fixed Point Origin","1.6954502","1.5377988","0.71395105","0","1763784127964"
"313.09","36757301","-45.858724089","170.546582831","0.0","-45.858710345008966","170.5465932763981","GPS Fixed Point Origin","1.7296444","1.5276248","0.8111918","0","1763784128137"
"313.09","36757301","-45.858724089","170.546582831","0.0","-45.85871049248238","170.54659460250664","GPS Fixed Point Origin","1.766224","1.5112333","0.91417766","0","1763784128360"
"313.09","36757301","-45.858724089","170.546582831","0.0","-45.8587106843852","170.54659569848948","GPS Fixed Point Origin","1.7939892","1.4899036","0.99929196","0","1763784128569"
"313.09","36757301","-45.858724089","170.546582831","0.0","-45.858710855034914","170.5465969475128","GPS Fixed Point Origin","1.8345321","1.4709362","1.0962913","0","1763784128796"
"313.09","36757301","-45.858724089","170.546582831","0.0","-45.85871083501699","170.54659839480303","GPS Fixed Point Origin","1.9055527","1.4731611","1.2086883","0","1763784128951"
"313.09","36757301","-45.858724089","170.546582831","0.0","-45.858710865444365","170.54659961532258","GPS Fixed Point Origin","1.964509","1.4697791","1.3034741","0","1763784129182"
"313.09","36757301","-45.858724089","170.546582831","0.0","-45.85871077352405","170.54660076942457","GPS Fixed Point Origin","2.032516","1.479996","1.3931018","0","1763784129342"
"313.09","36757301","-45.858724089","170.546582831","0.0","-45.858710575608036","170.5466018908775","GPS Fixed Point Origin","2.1087818","1.501994","1.4801941","0","1763784129559"
"313.09","36757301","-45.858724089","170.546582831","0.0","-45.85871052200972","170.54660323109803","GPS Fixed Point Origin","2.187201","1.5079514","1.584276","0","1763784129770"
"313.09","36757301","-45.858724089","170.546582831","0.0","-45.858710566602966","170.5466046880704","GPS Fixed Point Origin","2.267211","1.5029949","1.6974247","0","1763784129939"
"313.09","36757301","-45.858724089","170.546582831","0.0","-45.85871053574353","170.5466060657803","GPS Fixed Point Origin","2.350583","1.5064249","1.804418","0","1763784130162"
"313.09","36757301","-45.858724089","170.546582831","0.0","-45.85871050225629","170.5466076908446","GPS Fixed Point Origin","2.4510899","1.510147","1.9306208","0","1763784130391"
"313.09","36757301","-45.858724089","170.546582831","0.0","-45.85871030325768","170.54660939516216","GPS Fixed Point Origin","2.56977","1.5322654","2.0629785","0","1763784130554"
"313.09","36757301","-45.858724089","170.546582831","0.0","-45.8587099667657","170.54661102907673","GPS Fixed Point Origin","2.694323","1.569666","2.1898687","0","1763784130772"
"313.09","36757301","-45.858724089","170.546582831","0.0","-45.85870982025336","170.54661244688685","GPS Fixed Point Origin","2.7937663","1.5859506","2.299976","0","1763784130997"
"313.09","36757301","-45.858724089","170.546582831","0.0","-45.85870967530065","170.54661383190646","GPS Fixed Point Origin","2.8918571","1.6020619","2.407537","0","1763784131151"
"313.09","36757301","-45.858724089","170.546582831","0.0","-45.85870957601311","170.5466150393965","GPS Fixed Point Origin","2.976347","1.6130975","2.5013108","0","1763784131366"
"313.09","36757301","-45.858724089","170.546582831","0.0","-45.858709555981264","170.54661614586718","GPS Fixed Point Origin","3.0500956","1.615324","2.5872395","0","1763784131584"
"313.09","36757301","-45.858724089","170.546582831","0.0","-45.85870951917663","170.54661741360596","GPS Fixed Point Origin","3.1361523","1.6194148","2.6856925","0","1763784131741"
"313.09","36757301","-45.858724089","170.546582831","0.0","-45.8587095233084","170.54661873520325","GPS Fixed Point Origin","3.2242506","1.6189556","2.788328","0","1763784131962"
"313.09","36757301","-45.858724089","170.546582831","0.0","-45.858709604393596","170.54662031491492","GPS Fixed Point Origin","3.3265433","1.6099432","2.9110088","0","1763784132145"
"313.09","36757301","-45.858724089","170.546582831","0.0","-45.858709622779045","170.5466218197093","GPS Fixed Point Origin","3.4283156","1.6078995","3.0278714","0","1763784132363"
"313.09","36757301","-45.858724089","170.546582831","0.0","-45.85870962212317","170.54662332466665","GPS Fixed Point Origin","3.531998","1.6079725","3.1447468","0","1763784132573"
"313.09","36757301","-45.858724089","170.546582831","0.0","-45.85870954542673","170.54662457218924","GPS Fixed Point Origin","3.6223235","1.6164972","3.2416296","0","1763784132750"
"313.09","36757301","-45.858724089","170.546582831","0.0","-45.85870959595339","170.54662577568155","GPS Fixed Point Origin","3.703753","1.6108812","3.335093","0","1763784132963"
"313.09","36757301","-45.858724089","170.546582831","0.0","-45.85870966938545","170.54662701659868","GPS Fixed Point Origin","3.787301","1.6027194","3.431463","0","1763784133139"
"313.09","36757301","-45.858724089","170.546582831","0.0","-45.85870978881299","170.54662829118894","GPS Fixed Point Origin","3.871744","1.5894451","3.530448","0","1763784133360"
"313.09","36757301","-45.858724089","170.546582831","0.0","-45.858709951364624","170.5466294548086","GPS Fixed Point Origin","3.9470916","1.5713778","3.6208148","0","1763784133564"
"313.09","36757301","-45.858724089","170.546582831","0.0","-45.85870996996049","170.54663053023853","GPS Fixed Point Origin","4.0230365","1.5693109","3.7043328","0","1763784133731"
"313.09","36757301","-45.858724089","170.546582831","0.0","-45.85871002070294","170.54663167657574","GPS Fixed Point Origin","4.103003","1.563671","3.7933576","0","1763784133954"
"313.09","36757301","-45.858724089","170.546582831","0.0","-45.85870999168477","170.54663297682518","GPS Fixed Point Origin","4.197739","1.5668963","3.8943353","0","1763784134176"
"313.09","36757301","-45.858724089","170.546582831","0.0","-45.85870997743589","170.546634350522","GPS Fixed Point Origin","4.2974725","1.56848","4.001017","0","1763784134335"
"313.09","36757301","-45.858724089","170.546582831","0.0","-45.8587099214475","170.54663573528325","GPS Fixed Point Origin","4.3999934","1.574703","4.1085577","0","1763784134552"
"313.09","36757301","-45.858724089","170.546582831","0.0","-45.858709751776516","170.546636888515","GPS Fixed Point Origin","4.490394","1.5935618","4.198118","0","1763784134761"
"313.09","36757301","-45.858724089","170.546582831","0.0","-45.858709563327636","170.5466376153314","GPS Fixed Point Origin","4.550598","1.6145076","4.254563","0","1763784134937"
"313.09","36757301","-45.858724089","170.546582831","0.0","-45.85870935293816","170.54663806629273","GPS Fixed Point Origin","4.5916476","1.637892","4.2895846","0","1763784135153"
"313.09","36757301","-45.858724089","170.546582831","0.0","-45.85870914818817","170.54663822918448","GPS Fixed Point Origin","4.611614","1.6606497","4.3022346","0","1763784135371"
"313.09","36757301","-45.858724089","170.546582831","0.0","-45.858709000740454","170.54663831472342","GPS Fixed Point Origin","4.623731","1.6770383","4.3088775","0","1763784135533"
"313.09","36757301","-45.858724089","170.546582831","0.0","-45.85870889137407","170.54663840012702","GPS Fixed Point Origin","4.6343293","1.6891942","4.3155103","0","1763784135755"
"313.09","36757301","-45.858724089","170.546582831","0.0","-45.858708838001164","170.5466384675409","GPS Fixed Point Origin","4.6413684","1.6951265","4.3207455","0","1763784135970"
"313.09","36757301","-45.858724089","170.546582831","0.0","-45.85870887865032","170.54663850555002","GPS Fixed Point Origin","4.6424694","1.6906084","4.323697","0","1763784136146"
"313.09","36757301","-45.858724089","170.546582831","0.0","-45.85870897060275","170.54663857466136","GPS Fixed Point Origin","4.64376","1.6803881","4.3290644","0","1763784136353"
"313.09","36757301","-45.858724089","170.546582831","0.0","-45.858709186113416","170.54663862510031","GPS Fixed Point Origin","4.638805","1.6564344","4.3329816","0","1763784136576"
"313.09","36757301","-45.858724089","170.546582831","0.0","-45.85870945300742","170.54663861374675","GPS Fixed Point Origin","4.6274695","1.6267694","4.3321","0","1763784136739"
"313.09","36757301","-45.858724089","170.546582831","0.0","-45.85870972931713","170.5466386086051","GPS Fixed Point Origin","4.616388","1.596058","4.3317003","0","1763784136951"
"313.09","36757301","-45.858724089","170.546582831","0.0","-45.8587099875182","170.54663856613084","GPS Fixed Point Origin","4.6034427","1.5673593","4.328402","0","1763784137131"
"313.09","36757301","-45.858724089","170.546582831","0.0","-45.85871026525747","170.54663847088668","GPS Fixed Point Origin","4.586054","1.536489","4.3210053","0","1763784137355"
"313.09","36757301","-45.858724089","170.546582831","0.0","-45.85871052889457","170.5466384345074","GPS Fixed Point Origin","4.5736523","1.5071862","4.31818","0","1763784137563"
"313.09","36757301","-45.858724089","170.546582831","0.0","-45.85871076257919","170.5466383723767","GPS Fixed Point Origin","4.560595","1.4812125","4.313355","0","1763784137733"
"313.09","36757301","-45.858724089","170.546582831","0.0","-45.85871095649892","170.5466382953068","GPS Fixed Point Origin","4.5479712","1.4596585","4.3073697","0","1763784137954"
"313.09","36757301","-45.858724089","170.546582831","0.0","-45.8587111156041","170.5466382068649","GPS Fixed Point Origin","4.535814","1.4419743","4.3005013","0","1763784138179"
"313.09","36757301","-45.858724089","170.546582831","0.0","-45.85871124116371","170.54663813941414","GPS Fixed Point Origin","4.5264254","1.4280185","4.2952633","0","1763784138348"
"313.09","36757301","-45.858724089","170.546582831","0.0","-45.85871130966624","170.5466380895287","GPS Fixed Point Origin","4.520351","1.4204046","4.291389","0","1763784138564"
"313.09","36757301","-45.858724089","170.546582831","0.0","-45.858711317940475","170.54663809071573","GPS Fixed Point Origin","4.5201497","1.4194849","4.291481","0","1763784138733"
"313.09","36757301","-45.858724089","170.546582831","0.0","-45.85871134651907","170.54663815840635","GPS Fixed Point Origin","4.5241456","1.4163084","4.296738","0","1763784138954"
"313.09","36757301","-45.858724089","170.546582831","0.0","-45.85871133591741","170.54663821107786","GPS Fixed Point Origin","4.528399","1.4174868","4.3008285","0","1763784139172"
"313.09","36757301","-45.858724089","170.546582831","0.0","-45.858711289295485","170.54663806365423","GPS Fixed Point Origin","4.5191555","1.4226687","4.2893796","0","1763784139333"
"313.09","36757301","-45.858724089","170.546582831","0.0","-45.85871117893297","170.54663743628885","GPS Fixed Point Origin","4.4768543","1.4349353","4.2406583","0","1763784139552"
"313.09","36757301","-45.858724089","170.546582831","0.0","-45.85871095520429","170.54663644505092","GPS Fixed Point Origin","4.4121704","1.4598025","4.1636786","0","1763784139762"
"313.09","36757301","-45.858724089","170.546582831","0.0","-45.85871078672942","170.54663510785022","GPS Fixed Point Origin","4.32068","1.4785281","4.059831","0","1763784139935"
"313.09","36757301","-45.858724089","170.546582831","0.0","-45.85871051901089","170.54663344009336","GPS Fixed Point Origin","4.2097845","1.5082847","3.9303129","0","1763784140158"
"313.09","36757301","-45.858724089","170.546582831","0.0","-45.85871030649638","170.54663180153833","GPS Fixed Point Origin","4.100003","1.5319054","3.8030622","0","1763784140374"
"313.09","36757301","-45.858724089","170.546582831","0.0","-45.85871018347784","170.54663033546342","GPS Fixed Point Origin","3.999883","1.5455787","3.6892066","0","1763784140544"
"313.09","36757301","-45.858724089","170.546582831","0.0","-45.858710104665434","170.5466288607165","GPS Fixed Point Origin","3.8979855","1.5543386","3.5746775","0","1763784140756"
"313.09","36757301","-45.858724089","170.546582831","0.0","-45.85870994018686","170.54662726564436","GPS Fixed Point Origin","3.7922533","1.5726202","3.4508038","0","1763784140979"
"313.09","36757301","-45.858724089","170.546582831","0.0","-45.85870979323119","170.54662563700984","GPS Fixed Point Origin","3.6845496","1.5889541","3.3243237","0","1763784141146"
"313.09","36757301","-45.858724089","170.546582831","0.0","-45.85870987324131","170.54662395497803","GPS Fixed Point Origin","3.5631862","1.5800611","3.1936967","0","1763784141366"
"313.09","36757301","-45.858724089","170.546582831","0.0","-45.85871002530907","170.54662244252341","GPS Fixed Point Origin","3.450611","1.563159","3.0762393","0","1763784141589"
"313.09","36757301","-45.858724089","170.546582831","0.0","-45.85871011767483","170.54662106836534","GPS Fixed Point Origin","3.3510501","1.5528927","2.9695218","0","1763784141744"
"313.09","36757301","-45.858724089","170.546582831","0.0","-45.85871017262078","170.546619637987","GPS Fixed Point Origin","3.2501104","1.5467855","2.8584383","0","1763784141958"
"313.09","36757301","-45.858724089","170.546582831","0.0","-45.8587101405208","170.546618061984","GPS Fixed Point Origin","3.1447644","1.5503534","2.7360456","0","1763784142185"
"313.09","36757301","-45.858724089","170.546582831","0.0","-45.8587101755211","170.54661654898814","GPS Fixed Point Origin","3.0411072","1.5464631","2.618546","0","1763784142350"
"313.09","36757301","-45.858724089","170.546582831","0.0","-45.85871030789219","170.5466151563237","GPS Fixed Point Origin","2.9408035","1.5317503","2.5103915","0","1763784142566"
"313.09","36757301","-45.858724089","170.546582831","0.0","-45.85871053387709","170.5466139776941","GPS Fixed Point Origin","2.8497055","1.5066323","2.4188588","0","1763784142791"
"313.09","36757301","-45.858724089","170.546582831","0.0","-45.8587107631553","170.5466128556415","GPS Fixed Point Origin","2.7623758","1.4811485","2.3317199","0","1763784142945"
"313.09","36757301","-45.858724089","170.546582831","0.0","-45.8587108817642","170.54661157848662","GPS Fixed Point Origin","2.6719167","1.4679652","2.2325358","0","1763784143178"
"313.09","36757301","-45.858724089","170.546582831","0.0","-45.85871095252671","170.54661004854347","GPS Fixed Point Origin","2.5689893","1.4601","2.1137202","0","1763784143349"
"313.09","36757301","-45.858724089","170.546582831","0.0","-45.85871101339214","170.54660846242007","GPS Fixed Point Origin","2.4646378","1.4533349","1.9905415","0","1763784143555"
"313.09","36757301","-45.858724089","170.546582831","0.0","-45.85871112619077","170.54660692509657","GPS Fixed Point Origin","2.3615906","1.4407976","1.8711526","0","1763784143783"
"313.09","36757301","-45.858724089","170.546582831","0.0","-45.858711325202776","170.5466054783737","GPS Fixed Point Origin","2.2596512","1.4186777","1.7587998","0","1763784143948"
"313.09","36757301","-45.858724089","170.546582831","0.0","-45.858711510554315","170.54660398721154","GPS Fixed Point Origin","2.1573253","1.398076","1.6429958","0","1763784144166"
"313.09","36757301","-45.858724089","170.546582831","0.0","-45.85871159129901","170.5466023628884","GPS Fixed Point Origin","2.056803","1.3891015","1.5168506","0","1763784144389"
"313.09","36757301","-45.858724089","170.546582831","0.0","-45.85871149254794","170.54660067769836","GPS Fixed Point Origin","1.9700643","1.4000775","1.3859783","0","1763784144553"
"313.09","36757301","-45.858724089","170.546582831","0.0","-45.858711343772946","170.54659906225328","GPS Fixed Point Origin","1.8962362","1.4166136","1.2605226","0","1763784144765"
"313.09","36757301","-45.858724089","170.546582831","0.0","-45.858711430368594","170.54659758564281","GPS Fixed Point Origin","1.8145486","1.4069886","1.1458486","0","1763784144990"
"313.09","36757301","-45.858724089","170.546582831","0.0","-45.85871167840277","170.5465960766862","GPS Fixed Point Origin","1.7207402","1.37942","1.0286628","0","1763784145155"
"313.09","36757301","-45.858724089","170.546582831","0.0","-45.85871172456369","170.54659469364856","GPS Fixed Point Origin","1.654504","1.3742893","0.92125577","0","1763784145381"
"313.09","36757301","-45.858724089","170.546582831","0.0","-45.858711698673396","170.54659355455183","GPS Fixed Point Origin","1.6093892","1.377167","0.8327933","0","1763784145538"
"313.09","36757301","-45.858724089","170.546582831","0.0","-45.85871164080305","170.54659247086045","GPS Fixed Point Origin","1.5731493","1.3835992","0.74863356","0","1763784145756"
"313.09","36757301","-45.858724089","170.546582831","0.0","-45.85871157343612","170.54659110156112","GPS Fixed Point Origin","1.5322088","1.3910869","0.6422935","0","1763784145979"
"313.09","36757301","-45.858724089","170.546582831","0.0","-45.85871153666147","170.54658949554602","GPS Fixed Point Origin","1.4880828","1.3951744","0.51757","0","1763784146145"
"313.09","36757301","-45.858724089","170.546582831","0.0","-45.85871166154324","170.5465878904227","GPS Fixed Point Origin","1.4360905","1.3812939","0.39291584","0","1763784146358"
"313.09","36757301","-45.858724089","170.546582831","0.0","-45.85871191410161","170.54658632181392","GPS Fixed Point Origin","1.3801104","1.3532224","0.27109733","0","1763784146581"
"313.09","36757301","-45.858724089","170.546582831","0.0","-45.858711963915646","170.5465849831218","GPS Fixed Point Origin","1.3580097","1.3476857","0.16713423","0","1763784146747"
"313.09","36757301","-45.858724089","170.546582831","0.0","-45.85871184827185","170.5465837830152","GPS Fixed Point Origin","1.3625467","1.3605393","0.0739337","0","1763784146967"
"313.09","36757301","-45.858724089","170.546582831","0.0","-45.85871168757166","170.5465824643424","GPS Fixed Point Origin","1.378695","1.3784009","0.028474707","0","1763784147193"
"313.09","36757301","-45.858724089","170.546582831","0.0","-45.85871157989423","170.54658104155206","GPS Fixed Point Origin","1.3972969","1.390369","0.1389689","0","1763784147347"
"313.09","36757301","-45.858724089","170.546582831","0.0","-45.858711582910196","170.5465797768462","GPS Fixed Point Origin","1.4101247","1.3900338","0.23718622","0","1763784147567"
"313.09","36757301","-45.858724089","170.546582831","0.0","-45.85871166270079","170.54657875249174","GPS Fixed Point Origin","1.417018","1.3811653","0.3167378","0","1763784147787"
"313.09","36757301","-45.858724089","170.546582831","0.0","-45.858711781579004","170.5465779715566","GPS Fixed Point Origin","1.4190534","1.3679521","0.3773854","0","1763784147947"
"313.09","36757301","-45.858724089","170.546582831","0.0","-45.8587118947278","170.5465777512034","GPS Fixed Point Origin","1.4116204","1.3553758","0.39449808","0","1763784148166"
"313.09","36757301","-45.858724089","170.546582831","0.0","-45.85871203278173","170.54657790629648","GPS Fixed Point Origin","1.3935403","1.3400313","0.3824535","0","1763784148394"
"313.09","36757301","-45.858724089","170.546582831","0.0","-45.85871209823296","170.54657825144392","GPS Fixed Point Origin","1.3793935","1.3327565","0.3556493","0","1763784148549"
"313.09","36757301","-45.858724089","170.546582831","0.0","-45.85871213890058","170.54657865054295","GPS Fixed Point Origin","1.3673378","1.3282363","0.32465518","0","1763784148769"
"313.09","36757301","-45.858724089","170.546582831","0.0","-45.858712120008626","170.54657897785708","GPS Fixed Point Origin","1.3635749","1.3303361","0.29923588","0","1763784148996"
"313.09","36757301","-45.858724089","170.546582831","0.0","-45.85871206646064","170.5465791895664","GPS Fixed Point Origin","1.3658837","1.336288","0.2827945","0","1763784149161"
"313.09","36757301","-45.858724089","170.546582831","0.0","-45.85871196768601","170.5465793627261","GPS Fixed Point Origin","1.3739269","1.3472666","0.2693469","0","1763784149372"
"313.09","36757301","-45.858724089","170.546582831","0.0","-45.85871180333219","170.54657958800078","GPS Fixed Point Origin","1.3885652","1.3655343","0.251852","0","1763784149551"
"313.09","36757301","-45.858724089","170.546582831","0.0","-45.85871165813267","170.5465797483678","GPS Fixed Point Origin","1.4022595","1.381673","0.23939787","0","1763784149757"
"313.09","36757301","-45.858724089","170.546582831","0.0","-45.858711536768006","170.54657982646478","GPS Fixed Point Origin","1.4145397","1.3951625","0.23333284","0","1763784149983"
"313.09","36757301","-45.858724089","170.546582831","0.0","-45.85871141116022","170.54657988193475","GPS Fixed Point Origin","1.4276141","1.4091237","0.22902504","0","1763784150149"
"313.09","36757301","-45.858724089","170.546582831","0.0","-45.85871131842073","170.54657989172375","GPS Fixed Point Origin","1.4376684","1.4194314","0.22826481","0","1763784150358"
"313.09","36757301","-45.858724089","170.546582831","0.0","-45.858711229388966","170.5465798921697","GPS Fixed Point Origin","1.4474341","1.4293272","0.22823018","0","1763784150580"
"313.09","36757301","-45.858724089","170.546582831","0.0","-45.858711201198545","170.5465798649475","GPS Fixed Point Origin","1.4508624","1.4324605","0.23034427","0","1763784150753"
"313.09","36757301","-45.858724089","170.546582831","0.0","-45.85871113830604","170.54657987393696","GPS Fixed Point Origin","1.4576545","1.439451","0.22964613","0","1763784150967"
"313.09","36757301","-45.858724089","170.546582831","0.0","-45.85871107902916","170.54657985740945","GPS Fixed Point Origin","1.464363","1.4460396","0.23092967","0","1763784151137"
"313.09","36757301","-45.858724089","170.546582831","0.0","-45.85871105329895","170.5465798192689","GPS Fixed Point Origin","1.4676563","1.4488994","0.23389167","0","1763784151348"
"313.09","36757301","-45.858724089","170.546582831","0.0","-45.85871102780593","170.54657976508676","GPS Fixed Point Origin","1.4711287","1.4517329","0.23809947","0","1763784151575"
"313.09","36757301","-45.858724089","170.546582831","0.0","-45.85871100401444","170.54657969944645","GPS Fixed Point Origin","1.4745705","1.4543773","0.24319711","0","1763784151777"
"313.09","36757301","-45.858724089","170.546582831","0.0","-45.85871098266012","170.54657962521955","","1.4778717","1.4567508","0.24896158","0","1763784151962"
"313.09","36757301","-45.858724089","170.546582831","0.0","-45.85871099098844","170.5465795452813","","1.4780184","1.4558251","0.2551696","0","1763784152176"
"313.09","36757301","-45.858724089","170.546582831","0.0","-45.85871096656623","170.5465794351656","","1.4821898","1.4585396","0.26372123","0","1763784152391"
"313.09","36757301","-45.858724089","170.546582831","0.0","-45.858710944332785","170.54657933089658","","1.4860815","1.4610108","0.27181876","0","1763784152550"
"313.09","36757301","-45.858724089","170.546582831","0.0","-45.85871092288104","170.54657923469526","","1.4898081","1.4633951","0.27928978","0","1763784152773"
"313.09","36757301","-45.858724089","170.546582831","0.0","-45.85871087387547","170.54657914739198","","1.49644","1.468842","0.28606978","0","1763784152988"
"313.09","36757301","-45.858724089","170.546582831","0.0","-45.858710860606934","170.54657907001683","","1.4990469","1.4703168","0.29207873","0","1763784153163"
"313.09","36757301","-45.858724089","170.546582831","0.0","-45.858710821513945","170.5465790021002","","1.5043427","1.474662","0.29735318","0","1763784153370"
"313.09","36757301","-45.858724089","170.546582831","0.0","-45.85871081982205","170.5465789141434","","1.5058919","1.4748499","0.3041839","0","1763784153587"
"313.09","36757301","-45.858724089","170.546582831","0.0","-45.858710819550595","170.54657884061456","","1.5070852","1.4748802","0.30989417","0","1763784153754"
"313.09","36757301","-45.858724089","170.546582831","0.0","-45.858710792348006","170.5465787791765","","1.5110307","1.4779037","0.31466547","0","1763784153973"
"313.09","36757301","-45.858724089","170.546582831","0.0","-45.85871077347051","170.54657869968182","","1.5143789","1.4800019","0.32083905","0","1763784154155"
"313.09","36757301","-45.858724089","170.546582831","0.0","-45.85871079149028","170.54657857659896","","1.5144781","1.4779991","0.33039767","0","1763784154360"
"313.09","36757301","-45.858724089","170.546582831","0.0","-45.85871080952343","170.54657844972894","","1.5147048","1.4759947","0.34025043","0","1763784154580"
"313.09","36757301","-45.858724089","170.546582831","0.0","-45.85871079946789","170.54657838002026","","1.5170183","1.4771123","0.34566402","0","1763784154748"
"313.09","36757301","-45.858724089","170.546582831","0.0","-45.85871082293118","170.54657829961647","","1.5159165","1.4745045","0.3519082","0","1763784154963"
"313.09","36757301","-45.858724089","170.546582831","0.0","-45.85871081664225","170.5465782379224","","1.5177152","1.4752034","0.35669938","0","1763784155193"
"313.09","36757301","-45.858724089","170.546582831","0.0","-45.85871084387429","170.54657810541488","","1.5172296","1.4721767","0.36698994","0","1763784155349"
"313.09","36757301","-45.858724089","170.546582831","0.0","-45.858710870614814","170.54657800265193","","1.5162996","1.4692044","0.37497053","0","1763784155570"
"313.09","36757301","-45.858724089","170.546582831","0.0","-45.85871095360234","170.54657792586147","","1.5088584","1.4599805","0.3809341","0","1763784155794"
"313.09","36757301","-45.858724089","170.546582831","0.0","-45.858710997774764","170.54657790098722","","1.5045987","1.4550709","0.38286582","0","1763784155951"
"313.09","36757301","-45.858724089","170.546582831","0.0","-45.858711125568625","170.54657786181684","","1.4916507","1.4408667","0.3859078","0","1763784156187"
"313.09","36757301","-45.858724089","170.546582831","0.0","-45.85871120140361","170.5465779272561","","1.4821965","1.4324378","0.3808258","0","1763784156340"
"313.09","36757301","-45.858724089","170.546582831","0.0","-45.85871133438613","170.54657817612497","","1.4630216","1.4176569","0.36149856","0","1763784156550"
"313.09","36757301","-45.858724089","170.546582831","0.0","-45.85871136261939","170.5465784092928","","1.4556032","1.4145188","0.3433907","0","1763784156772"
"313.09","36757301","-45.858724089","170.546582831","0.0","-45.85871141027037","170.54657787703084","","1.4607952","1.4092225","0.3847263","0","1763784156987"
"313.09","36757301","-45.858724089","170.546582831","0.0","-45.85871145782551","170.54657767112633","","1.4600043","1.4039369","0.40071687","0","1763784157151"
"313.09","36757301","-45.858724089","170.546582831","0.0","-45.85871164515271","170.5465771492631","","1.4517941","1.3831156","0.44124487","0","1763784157371"
"313.09","36757301","-45.858724089","170.546582831","0.0","-45.858711903524586","170.54657652721696","","1.4401585","1.354398","0.48955312","0","1763784157597"
"313.09","36757301","-45.858724089","170.546582831","0.0","-45.85871211125306","170.54657591508212","","1.4355668","1.3313093","0.5370916","0","1763784157746"
"313.09","36757301","-45.858724089","170.546582831","0.0","-45.85871235255177","170.54657529018996","","1.4299105","1.3044893","0.5856209","0","1763784157969"
"313.09","36757301","-45.858724089","170.546582831","0.0","-45.858712634307686","170.54657474446762","","1.4196318","1.2731725","0.6280018","0","1763784158192"
"313.09","36757301","-45.858724089","170.546582831","0.0","-45.85871289083185","170.54657426683144","","1.411216","1.2446603","0.66509515","0","1763784158351"
"313.09","36757301","-45.858724089","170.546582831","0.0","-45.858713086818256","170.54657387884458","","1.4066865","1.2228767","0.69522625","0","1763784158571"
"313.09","36757301","-45.858724089","170.546582831","0.0","-45.85871327922328","170.54657359928973","","1.3991351","1.2014911","0.7169366","0","1763784158798"
"313.09","36757301","-45.858724089","170.546582831","0.0","-45.858713487135944","170.54657338777812","","1.3879498","1.1783819","0.7333626","0","1763784158949"
"313.09","36757301","-45.858724089","170.546582831","0.0","-45.85871367473247","170.54657327177108","","1.375134","1.1575308","0.74237174","0","1763784159186"
"313.09","36757301","-45.858724089","170.546582831","0.0","-45.85871383296602","170.5465733553983","","1.3568295","1.1399434","0.7358772","0","1763784159344"
"313.09","36757301","-45.858724089","170.546582831","0.0","-45.858713862094476","170.546573517225","","1.3473222","1.1367058","0.72330976","0","1763784159561"
"313.09","36757301","-45.858724089","170.546582831","0.0","-45.85871388262318","170.54657381935448","","1.3329302","1.1344241","0.69984627","0","1763784159771"
"313.09","36757301","-45.858724089","170.546582831","0.0","-45.858713823864036","170.54657417682682","","1.3241891","1.1409551","0.6720849","0","1763784159952"
"313.09","36757301","-45.858724089","170.546582831","0.0","-45.85871377539067","170.54657450585384","","1.3160951","1.1463428","0.6465326","0","1763784160171"
"313.09","36757301","-45.858724089","170.546582831","0.0","-45.858713734841906","170.5465748730743","","1.3062912","1.1508497","0.6180142","0","1763784160381"
"313.09","36757301","-45.858724089","170.546582831","0.0","-45.85871367549596","170.54657522708857","","1.2993832","1.1574459","0.59052134","0","1763784160551"
"313.09","36757301","-45.858724089","170.546582831","0.0","-45.85871355883809","170.54657566299545","","1.2960498","1.1704123","0.55666876","0","1763784160763"
"313.09","36757301","-45.858724089","170.546582831","0.0","-45.8587135108755","170.5465760557254","","1.2881097","1.1757433","0.52616924","0","1763784160992"
"313.09","36757301","-45.858724089","170.546582831","0.0","-45.85871352636546","170.54657625850018","","1.2801785","1.1740216","0.5104217","0","1763784161154"
"313.09","36757301","-45.858724089","170.546582831","0.0","-45.85871352422221","170.54657641029402","","1.2757435","1.1742598","0.49863338","0","1763784161370"
"313.09","36757301","-45.858724089","170.546582831","0.0","-45.858713548459164","170.5465764703832","","1.2714441","1.1715659","0.49396685","0","1763784161581"
"313.09","36757301","-45.858724089","170.546582831","0.0","-45.8587135893779","170.54657653437403","","1.2653257","1.1670178","0.4889973","0","1763784161753"
"313.09","36757301","-45.858724089","170.546582831","0.0","-45.85871364964154","170.54657654368643","","1.2588699","1.1603197","0.4882741","0","1763784161961"
"313.09","36757301","-45.858724089","170.546582831","0.0","-45.85871372630426","170.54657654986022","","1.2508333","1.1517987","0.48779464","0","1763784162152"
"313.09","36757301","-45.858724089","170.546582831","0.0","-45.85871384316344","170.54657647771484","","1.2411","1.1388099","0.49339747","0","1763784162365"
"313.09","36757301","-45.858724089","170.546582831","0.0","-45.8587139332912","170.5465763885887","","1.234703","1.1287924","0.500319","0","1763784162588"
"313.09","36757301","-45.858724089","170.546582831","0.0","-45.85871402639476","170.54657627994527","","1.2287189","1.1184441","0.5087563","0","1763784162742"
"313.09","36757301","-45.858724089","170.546582831","0.0","-45.85871409212065","170.54657612297976","","1.2271978","1.1111387","0.52094626","0","1763784162967"
"313.09","36757301","-45.858724089","170.546582831","0.0","-45.858714165888415","170.54657593959737","","1.2259289","1.1029396","0.5351878","0","1763784163134"
"313.09","36757301","-45.858724089","170.546582831","0.0","-45.858714214912716","170.54657570523716","","1.2291152","1.0974905","0.55338824","0","1763784163353"
"313.09","36757301","-45.858724089","170.546582831","0.0","-45.858714276184","170.54657543173155","","1.2327943","1.0906804","0.5746288","0","1763784163578"
"313.09","36757301","-45.858724089","170.546582831","0.0","-45.85871431851461","170.54657514187448","","1.2393215","1.0859754","0.5971391","0","1763784163734"
"313.09","36757301","-45.858724089","170.546582831","0.0","-45.858714372491455","170.54657484460535","","1.2454025","1.079976","0.6202251","0","1763784163958"
"313.09","36757301","-45.858724089","170.546582831","0.0","-45.85871443888876","170.54657455251856","","1.2505174","1.072596","0.64290863","0","1763784164185"
"313.09","36757301","-45.858724089","170.546582831","0.0","-45.858714515528455","170.54657428208506","","1.2542082","1.0640776","0.6639105","0","1763784164348"
"313.09","36757301","-45.858724089","170.546582831","0.0","-45.85871460292776","170.546573968633","","1.2591165","1.0543633","0.6882533","0","1763784164565"
"313.09","36757301","-45.858724089","170.546582831","0.0","-45.858714695942446","170.54657367670328","","1.2630922","1.0440248","0.7109246","0","1763784164783"
"313.09","36757301","-45.858724089","170.546582831","0.0","-45.85871476620862","170.5465733747149","","1.2700595","1.0362148","0.7343771","0","1763784164950"
"313.09","36757301","-45.858724089","170.546582831","0.0","-45.858714877292336","170.54657302582314","","1.2759881","1.0238681","0.7614721","0","1763784165176"
"313.09","36757301","-45.858724089","170.546582831","0.0","-45.85871499003903","170.54657269683443","","1.2814851","1.0113364","0.78702146","0","1763784165336"
"313.09","36757301","-45.858724089","170.546582831","0.0","-45.85871507402241","170.5465724138938","","1.2878199","1.0020018","0.80899465","0","1763784165558"
"313.09","36757301","-45.858724089","170.546582831","0.0","-45.85871516253323","170.54657214274832","","1.2935902","0.9921639","0.8300519","0","1763784165772"
"313.09","36757301","-45.858724089","170.546582831","0.0","-45.858715253891354","170.54657188281945","","1.298941","0.9820096","0.850238","0","1763784165935"
"313.09","36757301","-45.858724089","170.546582831","0.0","-45.858715346318164","170.54657163369214","","1.3040133","0.9717365","0.8695853","0","1763784166153"
"313.09","36757301","-45.858724089","170.546582831","0.0","-45.8587154382192","170.54657139401442","","1.3089771","0.9615218","0.88819873","0","1763784166374"
"313.09","36757301","-45.858724089","170.546582831","0.0","-45.85871550046599","170.54657116369495","","1.3161527","0.9546032","0.9060854","0","1763784166544"
"313.09","36757301","-45.858724089","170.546582831","0.0","-45.858715566082665","170.5465709738097","","1.3211085","0.94731","0.9208319","0","1763784166763"
"313.09","36757301","-45.858724089","170.546582831","0.0","-45.85871560489135","170.546570811571","","1.3268521","0.94299644","0.9334314","0","1763784166983"
"313.09","36757301","-45.858724089","170.546582831","0.0","-45.85871565126216","170.54657065015795","GPS Fixed Point Origin","1.3320667","0.93784237","0.9459668","0","1763784167152"
"313.09","36757301","-45.858724089","170.546582831","0.0","-45.85871570377949","170.5465704836155","GPS Fixed Point Origin","1.3372076","0.93200517","0.95890045","0","1763784167364"
"313.09","36757301","-45.858724089","170.546582831","0.0","-45.858715730981544","170.54657034389083","GPS Fixed Point Origin","1.3429166","0.9289817","0.96975154","0","1763784167584"
"313.09","36757301","-45.858724089","170.546582831","0.0","-45.858715766207254","170.5465702261033","GPS Fixed Point Origin","1.3468449","0.9250664","0.97889894","0","1763784167741"
"313.09","36757301","-45.858724089","170.546582831","0.0","-45.858715777915606","170.54657012515122","GPS Fixed Point Origin","1.3516641","0.92376506","0.9867389","0","1763784167971"
"313.09","36757301","-45.858724089","170.546582831","0.0","-45.85871576971419","170.54657003932556","GPS Fixed Point Origin","1.3571583","0.9246766","0.99340415","0","1763784168146"
"313.09","36757301","-45.858724089","170.546582831","0.0","-45.85871574361936","170.54656999374228","GPS Fixed Point Origin","1.3617257","0.927577","0.9969441","0","1763784168355"
"313.09","36757301","-45.858724089","170.546582831","0.0","-45.85871576366405","170.54656991869874","GPS Fixed Point Origin","1.3644863","0.9253491","1.0027721","0","1763784168575"
"313.09","36757301","-45.858724089","170.546582831","0.0","-45.858715790076914","170.5465698470615","GPS Fixed Point Origin","1.3665968","0.92241335","1.0083354","0","1763784168745"
"313.09","36757301","-45.858724089","170.546582831","0.0","-45.858715778794746","170.54656980204715","GPS Fixed Point Origin","1.3700234","0.9236673","1.0118312","0","1763784168964"
"313.09","36757301","-45.858724089","170.546582831","0.0","-45.85871553455664","170.5465698679421","GPS Fixed Point Origin","1.3847455","0.95081407","1.0067137","0","1763784169148"
"313.09","36757301","-45.858724089","170.546582831","0.0","-45.858714974124496","170.54657015600097","GPS Fixed Point Origin","1.4125558","1.0131053","0.9843431","0","1763784169354"
"313.09","36757301","-45.858724089","170.546582831","0.0","-45.85871420689977","170.54657060450938","GPS Fixed Point Origin","1.4519001","1.0983812","0.9495118","0","1763784169576"
"313.09","36757301","-45.858724089","170.546582831","0.0","-45.858713200381985","170.54657105402387","GPS Fixed Point Origin","1.5169749","1.2102542","0.91460246","0","1763784169739"
"313.09","36757301","-45.858724089","170.546582831","0.0","-45.85871213282742","170.54657158388645","GPS Fixed Point Origin","1.5902598","1.3289113","0.8734532","0","1763784169954"
"313.09","36757301","-45.858724089","170.546582831","0.0","-45.85871123150223","170.54657185485797","GPS Fixed Point Origin","1.6640034","1.4290923","0.8524095","0","1763784170187"
"313.09","36757301","-45.858724089","170.546582831","0.0","-45.858710284710526","170.5465718429006","GPS Fixed Point Origin","1.7556609","1.5343269","0.8533381","0","1763784170345"
"313.09","36757301","-45.858724089","170.546582831","0.0","-45.85870938421576","170.54657194328936","GPS Fixed Point Origin","1.8401781","1.6344156","0.8455419","0","1763784170565"
"313.09","36757301","-45.858724089","170.546582831","0.0","-45.858708621676406","170.5465720289396","GPS Fixed Point Origin","1.9129258","1.7191707","0.83889025","0","1763784170782"
"313.09","36757301","-45.858724089","170.546582831","0.0","-45.85870773019312","170.54657210906163","GPS Fixed Point Origin","1.9998494","1.8182578","0.832668","0","1763784170947"
"313.09","36757301","-45.858724089","170.546582831","0.0","-45.858706659329066","170.54657232947673","GPS Fixed Point Origin","2.1019485","1.9372828","0.8155505","0","1763784171174"
"313.09","36757301","-45.858724089","170.546582831","0.0","-45.8587054272353","170.54657256793865","GPS Fixed Point Origin","2.2220895","2.0742283","0.7970315","0","1763784171335"
"313.09","36757301","-45.858724089","170.546582831","0.0","-45.858704231491075","170.54657272869252","GPS Fixed Point Origin","2.3424246","2.2071335","0.7845473","0","1763784171555"
"313.09","36757301","-45.858724089","170.546582831","0.0","-45.85870314186422","170.5465726127891","GPS Fixed Point Origin","2.459764","2.328244","0.7935484","0","1763784171779"
"313.09","36757301","-45.858724089","170.546582831","0.0","-45.85870194765099","170.54657234739625","GPS Fixed Point Origin","2.592156","2.460979","0.81415886","0","1763784171937"
"313.09","36757301","-45.858724089","170.546582831","0.0","-45.85870065643334","170.54657208886616","GPS Fixed Point Origin","2.7348402","2.604496","0.8342364","0","1763784172165"
"313.09","36757301","-45.858724089","170.546582831","0.0","-45.85869949384828","170.5465718405634","GPS Fixed Point Origin","2.8638606","2.7337155","0.8535196","0","1763784172382"
"313.09","36757301","-45.858724089","170.546582831","0.0","-45.85869848022828","170.54657170180909","GPS Fixed Point Origin","2.974706","2.846378","0.8642953","0","1763784172550"
"313.09","36757301","-45.858724089","170.546582831","0.0","-45.85869745686595","170.5465716294291","GPS Fixed Point Origin","3.0853014","2.9601233","0.8699164","0","1763784172766"
"313.09","36757301","-45.858724089","170.546582831","0.0","-45.8586963537896","170.54657155967402","GPS Fixed Point Origin","3.2045944","3.0827286","0.87533355","0","1763784172987"
"313.09","36757301","-45.858724089","170.546582831","0.0","-45.85869519133998","170.5465714827626","GPS Fixed Point Origin","3.3306482","3.2119331","0.8813065","0","1763784173157"
"313.09","36757301","-45.858724089","170.546582831","0.0","-45.858694220043624","170.54657143895685","GPS Fixed Point Origin","3.4357514","3.3198915","0.88470846","0","1763784173371"
"313.09","36757301","-45.858724089","170.546582831","0.0","-45.85869350020378","170.54657134303943","GPS Fixed Point Origin","3.5150063","3.3999007","0.89215744","0","1763784173539"
"313.09","36757301","-45.858724089","170.546582831","0.0","-45.85869278009623","170.5465713496389","GPS Fixed Point Origin","3.5923543","3.4799395","0.8916449","0","1763784173747"
"313.09","36757301","-45.858724089","170.546582831","0.0","-45.85869194601161","170.54657140262222","GPS Fixed Point Origin","3.6812384","3.5726469","0.8875302","0","1763784173964"
"313.09","36757301","-45.858724089","170.546582831","0.0","-45.858690959677716","170.54657147257797","GPS Fixed Point Origin","3.7864568","3.6822765","0.8820974","0","1763784174146"
"313.09","36757301","-45.858724089","170.546582831","0.0","-45.858689978122904","170.54657145964427","GPS Fixed Point Origin","3.8928642","3.791375","0.8831019","0","1763784174359"
"313.09","36757301","-45.858724089","170.546582831","0.0","-45.858688973719985","170.54657147980345","GPS Fixed Point Origin","4.0013266","3.9030128","0.8815363","0","1763784174581"
"313.09","36757301","-45.858724089","170.546582831","0.0","-45.858688007740255","170.5465714923573","GPS Fixed Point Origin","4.1059146","4.01038","0.88056135","0","1763784174741"
"313.09","36757301","-45.858724089","170.546582831","0.0","-45.858686911860346","170.54657158004625","GPS Fixed Point Origin","4.2235527","4.1321855","0.87375146","0","1763784174965"
"313.09","36757301","-45.858724089","170.546582831","0.0","-45.85868594003287","170.5465714369089","GPS Fixed Point Origin","4.331548","4.240203","0.8848675","0","1763784175141"
"313.09","36757301","-45.858724089","170.546582831","0.0","-45.858685047977225","170.54657136824562","GPS Fixed Point Origin","4.429723","4.3393536","0.8901999","0","1763784175354"
"313.09","36757301","-45.858724089","170.546582831","0.0","-45.85868424248673","170.5465714415439","GPS Fixed Point Origin","4.516343","4.4288826","0.88450754","0","1763784175569"
"313.09","36757301","-45.858724089","170.546582831","0.0","-45.85868328985263","170.54657168237532","GPS Fixed Point Origin","4.6166787","4.534766","0.86580455","0","1763784175788"
"313.09","36757301","-45.858724089","170.546582831","0.0","-45.858682539789946","170.54657190924567","GPS Fixed Point Origin","4.6953793","4.618135","0.8481857","0","1763784175953"
"313.09","36757301","-45.858724089","170.546582831","0.0","-45.85868191452925","170.54657226947657","GPS Fixed Point Origin","4.758848","4.6876316","0.82021016","0","1763784176181"
"313.09","36757301","-45.858724089","170.546582831","0.0","-45.85868151356264","170.54657246557318","GPS Fixed Point Origin","4.8001766","4.732198","0.80498123","0","1763784176343"
"313.09","36757301","-45.858724089","170.546582831","0.0","-45.85868129615393","170.5465729727314","GPS Fixed Point Origin","4.817585","4.756363","0.7655952","0","1763784176557"
"313.09","36757301","-45.858724089","170.546582831","0.0","-45.85868094362696","170.54657331274686","GPS Fixed Point Origin","4.8521814","4.795546","0.73918957","0","1763784176781"
"313.09","36757301","-45.858724089","170.546582831","0.0","-45.858680309377796","170.54657333649797","GPS Fixed Point Origin","4.9215894","4.8660417","0.73734504","0","1763784176940"
"313.09","36757301","-45.858724089","170.546582831","0.0","-45.85867951052425","170.54657349731346","GPS Fixed Point Origin","5.007573","4.9548335","0.7248561","0","1763784177155"
"313.09","36757301","-45.858724089","170.546582831","0.0","-45.85867841744774","170.54657366125787","GPS Fixed Point Origin","5.1260333","5.0763273","0.7121241","0","1763784177378"
"313.09","36757301","-45.858724089","170.546582831","0.0","-45.85867738316787","170.5465736608877","GPS Fixed Point Origin","5.239906","5.191286","0.71215284","0","1763784177539"
"313.09","36757301","-45.858724089","170.546582831","0.0","-45.85867602599061","170.54657343061766","GPS Fixed Point Origin","5.3917856","5.342134","0.73003566","0","1763784177760"
"313.09","36757301","-45.858724089","170.546582831","0.0","-45.858674923655805","170.5465730511657","GPS Fixed Point Origin","5.5171843","5.4646573","0.759504","0","1763784177974"
"313.09","36757301","-45.858724089","170.546582831","0.0","-45.85867413794978","170.5465726837059","GPS Fixed Point Origin","5.607635","5.551987","0.788041","0","1763784178149"
"313.09","36757301","-45.858724089","170.546582831","0.0","-45.858673839475685","170.54657181472902","GPS Fixed Point Origin","5.650306","5.585162","0.8555259","0","1763784178371"
"313.09","36757301","-45.858724089","170.546582831","0.0","-45.858673800607036","170.54657078648245","GPS Fixed Point Origin","5.667208","5.5894823","0.93537974","0","1763784178582"
"313.09","36757301","-45.858724089","170.546582831","0.0","-45.85867373408553","170.54656978409184","GPS Fixed Point Origin","5.687851","5.596876","1.0132257","0","1763784178749"
"313.09","36757301","-45.858724089","170.546582831","0.0","-45.858673817588105","170.54656889605775","GPS Fixed Point Origin","5.691428","5.587595","1.0821905","0","1763784178965"
"313.09","36757301","-45.858724089","170.546582831","0.0","-45.858673885388185","170.5465681220529","GPS Fixed Point Origin","5.69578","5.580059","1.1422999","0","1763784179152"
"313.09","36757301","-45.858724089","170.546582831","0.0","-45.85867389474073","170.54656756380345","GPS Fixed Point Origin","5.703616","5.5790195","1.1856537","0","1763784179361"
"313.09","36757301","-45.858724089","170.546582831","0.0","-45.8586738714975","170.54656724470001","GPS Fixed Point Origin","5.711344","5.581603","1.2104354","0","1763784179579"
"313.09","36757301","-45.858724089","170.546582831","0.0","-45.858673951794046","170.54656707853627","GPS Fixed Point Origin","5.7053747","5.572678","1.2233397","0","1763784179751"
"313.09","36757301","-45.858724089","170.546582831","0.0","-45.85867414165268","170.54656701248626","GPS Fixed Point Origin","5.685871","5.5515757","1.2284691","0","1763784179961"
"313.09","36757301","-45.858724089","170.546582831","0.0","-45.858674549744535","170.5465668860337","GPS Fixed Point Origin","5.6437387","5.506217","1.2382895","0","1763784180187"
"313.09","36757301","-45.858724089","170.546582831","0.0","-45.85867520975549","170.54656676880631","GPS Fixed Point Origin","5.57422","5.4328575","1.2473934","0","1763784180348"
"313.09","36757301","-45.858724089","170.546582831","0.0","-45.858675897989","170.54656682376728","GPS Fixed Point Origin","5.4987245","5.3563614","1.2431251","0","1763784180573"
"313.09","36757301","-45.858724089","170.546582831","0.0","-45.85867654953406","170.54656676602443","GPS Fixed Point Origin","5.4292345","5.283943","1.2476094","0","1763784180779"
"313.09","36757301","-45.858724089","170.546582831","0.0","-45.8586770005187","170.54656719814773","GPS Fixed Point Origin","5.3727794","5.2338166","1.2140507","0","1763784180954"
"313.09","36757301","-45.858724089","170.546582831","0.0","-45.85867742223568","170.54656762473678","GPS Fixed Point Origin","5.319677","5.1869435","1.1809216","0","1763784181171"
"313.09","36757301","-45.858724089","170.546582831","0.0","-45.85867766329024","170.5465681973784","GPS Fixed Point Origin","5.2838125","5.1601505","1.1364502","0","1763784181379"
"313.09","36757301","-45.858724089","170.546582831","0.0","-45.85867807195391","170.54656893328016","GPS Fixed Point Origin","5.227364","5.1147285","1.0792998","0","1763784181552"
"313.09","36757301","-45.858724089","170.546582831","0.0","-45.858678945047465","170.54656964775089","GPS Fixed Point Origin","5.1210704","5.0176854","1.0238138","0","1763784181771"
"313.09","36757301","-45.858724089","170.546582831","0.0","-45.85867957120764","170.5465703101444","GPS Fixed Point Origin","5.042726","4.9480886","0.9723723","0","1763784181989"
"313.09","36757301","-45.858724089","170.546582831","0.0","-45.85868021487574","170.54657084592108","GPS Fixed Point Origin","4.9645762","4.8765454","0.9307638","0","1763784182164"
"313.09","36757301","-45.858724089","170.546582831","0.0","-45.85868114894609","170.54657127909422","GPS Fixed Point Origin","4.856309","4.772725","0.89712346","0","1763784182373"
"313.09","36757301","-45.858724089","170.546582831","0.0","-45.8586822280548","170.54657175353134","GPS Fixed Point Origin","4.731646","4.652784","0.86027855","0","1763784182595"
"313.09","36757301","-45.858724089","170.546582831","0.0","-45.8586829690198","170.54657235687435","GPS Fixed Point Origin","4.6422467","4.5704265","0.8134228","0","1763784182753"
"313.09","36757301","-45.858724089","170.546582831","0.0","-45.858683607053244","170.5465728704746","GPS Fixed Point Origin","4.5655174","4.49951","0.7735365","0","1763784182969"
"313.09","36757301","-45.858724089","170.546582831","0.0","-45.85868438413915","170.546573444047","GPS Fixed Point Origin","4.472943","4.413138","0.72899276","0","1763784183140"
"313.09","36757301","-45.858724089","170.546582831","0.0","-45.85868507670735","170.54657370135442","GPS Fixed Point Origin","4.393743","4.33616","0.7090102","0","1763784183361"
"313.09","36757301","-45.858724089","170.546582831","0.0","-45.858685824587695","170.5465741128391","GPS Fixed Point Origin","4.306588","4.253034","0.6770542","0","1763784183580"
"313.09","36757301","-45.858724089","170.546582831","0.0","-45.85868664266677","170.54657438615786","GPS Fixed Point Origin","4.213459","4.162106","0.65582824","0","1763784183744"
"313.09","36757301","-45.858724089","170.546582831","0.0","-45.85868746703476","170.54657452310897","GPS Fixed Point Origin","4.1212945","4.0704784","0.64519256","0","1763784183958"
"313.09","36757301","-45.858724089","170.546582831","0.0","-45.8586882972473","170.54657456552405","GPS Fixed Point Origin","4.0296555","3.9782016","0.6418986","0","1763784184181"
"313.09","36757301","-45.858724089","170.546582831","0.0","-45.85868919154523","170.54657470728705","GPS Fixed Point Origin","3.929774","3.8788018","0.63088924","0","1763784184352"
"313.09","36757301","-45.858724089","170.546582831","0.0","-45.858690050180556","170.54657472496584","GPS Fixed Point Origin","3.835381","3.7833657","0.6295163","0","1763784184582"
"313.09","36757301","-45.858724089","170.546582831","0.0","-45.85869089845462","170.54657456030608","GPS Fixed Point Origin","3.7445793","3.6890812","0.6423038","0","1763784184740"
"313.09","36757301","-45.858724089","170.546582831","0.0","-45.858691888110194","170.54657425263724","GPS Fixed Point Origin","3.6405563","3.5790825","0.6661975","0","1763784184957"
"313.09","36757301","-45.858724089","170.546582831","0.0","-45.858692776444734","170.5465739878038","GPS Fixed Point Origin","3.5474567","3.4803452","0.6867645","0","1763784185179"
"313.09","36757301","-45.858724089","170.546582831","0.0","-45.85869373536883","170.54657365179096","GPS Fixed Point Origin","3.448252","3.3737624","0.71285933","0","1763784185349"
"313.09","36757301","-45.858724089","170.546582831","0.0","-45.85869451219239","170.54657333718686","GPS Fixed Point Origin","3.369084","3.2874196","0.7372915","0","1763784185561"
"313.09","36757301","-45.858724089","170.546582831","0.0","-45.85869551244802","170.54657295130812","GPS Fixed Point Origin","3.267599","3.1762426","0.76725894","0","1763784185770"
"313.09","36757301","-45.858724089","170.546582831","0.0","-45.85869629020159","170.54657280301677","GPS Fixed Point Origin","3.1864295","3.0897963","0.7787753","0","1763784185998"
"313.09","36757301","-45.858724089","170.546582831","0.0","-45.85869725077743","170.5465725509684","GPS Fixed Point Origin","3.0880136","2.9830298","0.79834944","0","1763784186162"
"313.09","36757301","-45.858724089","170.546582831","0.0","-45.85869808163513","170.54657211962072","GPS Fixed Point Origin","3.0079908","2.890681","0.83184797","0","1763784186387"
"313.09","36757301","-45.858724089","170.546582831","0.0","-45.858699141347536","170.54657173761714","GPS Fixed Point Origin","2.9036455","2.7728956","0.86151445","0","1763784186544"
"313.09","36757301","-45.858724089","170.546582831","0.0","-45.858699962652985","170.54657135703093","GPS Fixed Point Origin","2.82578","2.6816087","0.89107084","0","1763784186763"
"313.09","36757301","-45.858724089","170.546582831","0.0","-45.858700678650465","170.54657113753422","GPS Fixed Point Origin","2.7559426","2.6020267","0.908117","0","1763784186983"
"313.09","36757301","-45.858724089","170.546582831","0.0","-45.85870151197587","170.54657100641313","GPS Fixed Point Origin","2.6721494","2.5094037","0.9182999","0","1763784187153"
"313.09","36757301","-45.858724089","170.546582831","0.0","-45.85870241122554","170.5465707165963","GPS Fixed Point Origin","2.5866163","2.4094534","0.94080716","0","1763784187370"
"313.09","36757301","-45.858724089","170.546582831","0.0","-45.85870339217856","170.54657039201598","GPS Fixed Point Origin","2.49502","2.300422","0.96601415","0","1763784187582"
"313.09","36757301","-45.858724089","170.546582831","0.0","-45.85870415984929","170.5465704801913","GPS Fixed Point Origin","2.413846","2.2150965","0.9591664","0","1763784187757"
"313.09","36757301","-45.858724089","170.546582831","0.0","-45.85870474473949","170.5465704615352","GPS Fixed Point Origin","2.3549213","2.1500866","0.9606152","0","1763784187965"
"313.09","36757301","-45.858724089","170.546582831","0.0","-45.8587053579969","170.5465701535514","GPS Fixed Point Origin","2.3029792","2.081924","0.9845333","0","1763784188146"
"313.09","36757301","-45.858724089","170.546582831","0.0","-45.85870616668455","170.54656977968222","GPS Fixed Point Origin","2.235071","1.9920396","1.013568","0","1763784188346"
"313.09","36757301","-45.858724089","170.546582831","0.0","-45.85870723777415","170.5465695895793","GPS Fixed Point Origin","2.1367161","1.8729894","1.0283315","0","1763784188580"
"313.09","36757301","-45.858724089","170.546582831","0.0","-45.85870810963679","170.5465693459495","GPS Fixed Point Origin","2.0618458","1.7760832","1.0472518","0","1763784188798"
"313.09","36757301","-45.858724089","170.546582831","0.0","-45.85870881357817","170.5465692001782","GPS Fixed Point Origin","2.00081","1.6978412","1.0585725","0","1763784188959"
"313.09","36757301","-45.858724089","170.546582831","0.0","-45.85870963208823","170.5465688642259","GPS Fixed Point Origin","1.9386872","1.6068649","1.0846627","0","1763784189186"
"313.09","36757301","-45.858724089","170.546582831","0.0","-45.85871043156928","170.5465684538679","GPS Fixed Point Origin","1.8844037","1.5180037","1.1165311","0","1763784189355"
"313.09","36757301","-45.858724089","170.546582831","0.0","-45.85871108623525","170.5465684315591","GPS Fixed Point Origin","1.8273555","1.4452386","1.1182636","0","1763784189566"
"313.09","36757301","-45.858724089","170.546582831","0.0","-45.85871157387034","170.5465686263707","GPS Fixed Point Origin","1.7753576","1.3910387","1.1031345","0","1763784189783"
"313.09","36757301","-45.858724089","170.546582831","0.0","-45.85871220602925","170.54656863401254","GPS Fixed Point Origin","1.7204778","1.320775","1.1025411","0","1763784189951"
"313.09","36757301","-45.858724089","170.546582831","0.0","-45.85871281206122","170.5465687402629","GPS Fixed Point Origin","1.6638871","1.2534155","1.0942897","0","1763784190179"
"313.09","36757301","-45.858724089","170.546582831","0.0","-45.85871324614564","170.54656877581994","GPS Fixed Point Origin","1.625996","1.2051677","1.0915283","0","1763784190392"
"313.09","36757301","-45.858724089","170.546582831","0.0","-45.8587137570261","170.54656867592112","GPS Fixed Point Origin","1.5897222","1.148384","1.0992864","0","1763784190558"
"313.09","36757301","-45.858724089","170.546582831","0.0","-45.858714805395294","170.54656820413416","GPS Fixed Point Origin","1.5346206","1.0318593","1.1359255","0","1763784190765"
"313.09","36757301","-45.858724089","170.546582831","0.0","-45.85871565792802","170.54656800517645","GPS Fixed Point Origin","1.4845294","0.9371015","1.1513766","0","1763784190984"
"313.09","36757301","-45.858724089","170.546582831","0.0","-45.85871631161579","170.54656815644094","GPS Fixed Point Origin","1.4303917","0.86444503","1.1396294","0","1763784191155"
"313.09","36757301","-45.858724089","170.546582831","0.0","-45.85871685211032","170.54656844028452","GPS Fixed Point Origin","1.3769566","0.80436987","1.117586","0","1763784191363"
"313.09","36757301","-45.858724089","170.546582831","0.0","-45.85871706211643","170.54656879450775","GPS Fixed Point Origin","1.3409969","0.781028","1.0900769","0","1763784191591"
"313.09","36757301","-45.858724089","170.546582831","0.0","-45.85871718862104","170.54656914592314","GPS Fixed Point Origin","1.3106307","0.7669672","1.062786","0","1763784191745"
"313.09","36757301","-45.858724089","170.546582831","0.0","-45.858717152349136","170.54656958956696","GPS Fixed Point Origin","1.2852653","0.7709987","1.0283325","0","1763784191964"
"313.09","36757301","-45.858724089","170.546582831","0.0","-45.85871715188547","170.54657005928723","GPS Fixed Point Origin","1.2563013","0.7710503","0.9918539","0","1763784192134"
"313.09","36757301","-45.858724089","170.546582831","0.0","-45.8587170913145","170.5465704512065","GPS Fixed Point Origin","1.2366363","0.7777827","0.9614174","0","1763784192357"
"313.09","36757301","-45.858724089","170.546582831","0.0","-45.8587170612994","170.5465707219675","GPS Fixed Point Origin","1.2224892","0.7811188","0.94039","0","1763784192575"
"313.09","36757301","-45.858724089","170.546582831","0.0","-45.858717008180285","170.54657093147583","GPS Fixed Point Origin","1.2138377","0.7870229","0.92411953","0","1763784192742"
"313.09","36757301","-45.858724089","170.546582831","0.0","-45.85871707186412","170.54657100448568","GPS Fixed Point Origin","1.2049329","0.77994454","0.9184496","0","1763784192961"
"313.09","36757301","-45.858724089","170.546582831","0.0","-45.858717078738785","170.5465710131988","GPS Fixed Point Origin","1.2039225","0.7791804","0.91777295","0","1763784193184"
"313.09","36757301","-45.858724089","170.546582831","0.0","-45.85871715044521","170.54657091306635","GPS Fixed Point Origin","1.2047435","0.7712104","0.9255492","0","1763784193351"
"313.09","36757301","-45.858724089","170.546582831","0.0","-45.8587172074557","170.54657078223343","GPS Fixed Point Origin","1.2085465","0.76487374","0.9357098","0","1763784193563"
"313.09","36757301","-45.858724089","170.546582831","0.0","-45.8587171735471","170.54657070310517","GPS Fixed Point Origin","1.21569","0.7686426","0.9418549","0","1763784193778"
"313.09","36757301","-45.858724089","170.546582831","0.0","-45.85871717264225","170.54657061934066","GPS Fixed Point Origin","1.2208002","0.7687432","0.94836","0","1763784193946"
"313.09","36757301","-45.858724089","170.546582831","0.0","-45.858717185253305","170.546570722615","GPS Fixed Point Origin","1.2136935","0.7673415","0.94033974","0","1763784194174"
"313.09","36757301","-45.858724089","170.546582831","0.0","-45.85871705508757","170.54657083191879","GPS Fixed Point Origin","1.2163768","0.7818092","0.93185115","0","1763784194340"
"313.09","36757301","-45.858724089","170.546582831","0.0","-45.85871680020337","170.5465707912922","GPS Fixed Point Origin","1.237159","0.81013924","0.93500626","0","1763784194556"
"313.09","36757301","-45.858724089","170.546582831","0.0","-45.85871647943371","170.54657091884891","GPS Fixed Point Origin","1.2534652","0.8457923","0.92510015","0","1763784194777"
"313.09","36757301","-45.858724089","170.546582831","0.0","-45.85871610799498","170.5465709231011","GPS Fixed Point Origin","1.2814467","0.8870772","0.92476994","0","1763784194937"
"313.09","36757301","-45.858724089","170.546582831","0.0","-45.85871580762659","170.5465707845009","GPS Fixed Point Origin","1.312431","0.9204627","0.93553364","0","1763784195165"
"313.09","36757301","-45.858724089","170.546582831","0.0","-45.858715637954","170.54657050506404","GPS Fixed Point Origin","1.3411278","0.9393216","0.9572348","0","1763784195387"
"313.09","36757301","-45.858724089","170.546582831","0.0","-45.858715452200904","170.5465702671565","GPS Fixed Point Origin","1.3687767","0.9599678","0.97571075","0","1763784195557"
"313.09","36757301","-45.858724089","170.546582831","0.0","-45.85871534887636","170.5465701551647","GPS Fixed Point Origin","1.3830324","0.9714521","0.984408","0","1763784195775"
"313.09","36757301","-45.858724089","170.546582831","0.0","-45.8587152897767","170.54657009442698","GPS Fixed Point Origin","1.3910044","0.97802097","0.98912495","0","1763784195936"
"313.09","36757301","-45.858724089","170.546582831","0.0","-45.85871529804236","170.54657007969598","GPS Fixed Point Origin","1.3911728","0.9771023","0.99026895","0","1763784196169"
"313.09","36757301","-45.858724089","170.546582831","0.0","-45.85871533171859","170.54657007662234","GPS Fixed Point Origin","1.3887166","0.9733592","0.99050766","0","1763784196388"
"313.09","36757301","-45.858724089","170.546582831","0.0","-45.85871538707038","170.54657014308256","GPS Fixed Point Origin","1.3807232","0.96720695","0.9853463","0","1763784196546"
"313.09","36757301","-45.858724089","170.546582831","0.0","-45.85871545866009","170.54657020962554","GPS Fixed Point Origin","1.371463","0.95924985","0.9801786","0","1763784196768"
"313.09","36757301","-45.858724089","170.546582831","0.0","-45.85871557201823","170.54657036187126","","1.3542004","0.94665027","0.9683552","0","1763784196987"
"313.09","36757301","-45.858724089","170.546582831","0.0","-45.85871571812741","170.54657049315114","","1.3355651","0.93041044","0.9581599","0","1763784197154"
"313.09","36757301","-45.858724089","170.546582831","0.0","-45.85871585879147","170.54657051744863","","1.3233567","0.9147758","0.956273","0","1763784197367"
"313.09","36757301","-45.858724089","170.546582831","0.0","-45.85871599175847","170.5465705094372","","1.3136371","0.8999967","0.9568952","0","1763784197590"
"313.09","36757301","-45.858724089","170.546582831","0.0","-45.85871614529166","170.54657047242594","","1.3041189","0.8829317","0.9597695","0","1763784197756"
"313.09","36757301","-45.858724089","170.546582831","0.0","-45.858716285930015","170.54657038145885","","1.298837","0.8673","0.966834","0","1763784197974"
"313.09","36757301","-45.858724089","170.546582831","0.0","-45.85871647205897","170.54657027658163","","1.2912536","0.84661204","0.97497874","0","1763784198146"
