"BENCHMARKALTITUDE","BENCHMARKID","BENCHMARKLATITUDE","BENCHMARKLONGITUDE","DRONEALTITUDE","DRONELATITUDE","DRONELONGITUDE","LOGMARK","OFFSET","OFFSETAROUNDLATITUDE","OFFSETAROUNDLONGITUDE","SATELLITECOUNT","UPDATETIMESTAMP"
"313.09","36757301","-45.858724089","170.546582831","0.0","-45.858695028565606","170.5465785118117","","3.2473953","3.2300253","0.33542907","0","1763871595945"
"313.09","36757301","-45.858724089","170.546582831","0.0","-45.85869498895859","170.5465784429048","","3.2523305","3.2344277","0.3407804","0","1763871596170"
"313.09","36757301","-45.858724089","170.546582831","0.0","-45.8586949590684","170.54657838692174","","3.2560923","3.2377498","0.34512806","0","1763871596338"
"313.09","36757301","-45.858724089","170.546582831","0.0","-45.85869493204293","170.54657835615248","","3.2593334","3.2407537","0.3475176","0","1763871596561"
"313.09","36757301","-45.858724089","170.546582831","0.0","-45.858694887833984","170.54657829915064","","3.2646933","3.2456675","0.3519444","0","1763871596722"
"313.09","36757301","-45.858724089","170.546582831","0.0","-45.85869484886006","170.54657823052315","","3.269578","3.2499993","0.357274","0","1763871596938"
"313.09","36757301","-45.858724089","170.546582831","0.0","-45.85869479500721","170.54657819699358","","3.275813","3.255985","0.3598779","0","1763871597163"
"313.09","36757301","-45.858724089","170.546582831","0.0","-45.858694753480776","170.54657816378517","","3.2806847","3.2606006","0.3624569","0","1763871597333"
"313.09","36757301","-45.858724089","170.546582831","0.0","-45.85869472283149","170.54657810087048","","3.2846134","3.2640073","0.36734286","0","1763871597551"
"313.09","36757301","-45.858724089","170.546582831","0.0","-45.85869470134901","170.54657798821432","","3.2879753","3.266395","0.37609175","0","1763871597769"
"313.09","36757301","-45.858724089","170.546582831","0.0","-45.858694687730114","170.54657783410963","","3.2908688","3.2679088","0.38805956","0","1763871597933"
"313.09","36757301","-45.858724089","170.546582831","0.0","-45.85869468071222","170.54657764197154","","3.2934358","3.2686887","0.40298104","0","1763871598157"
"313.09","36757301","-45.858724089","170.546582831","0.0","-45.858694678941625","170.54657739391106","","3.2960436","3.2688856","0.42224547","0","1763871598323"
"313.09","36757301","-45.858724089","170.546582831","0.0","-45.85869468179576","170.5465771059156","","3.298669","3.2685683","0.44461125","0","1763871598537"
"313.09","36757301","-45.858724089","170.546582831","0.0","-45.85869469350545","170.54657680729878","","3.3005865","3.2672668","0.4678019","0","1763871598764"
"313.09","36757301","-45.858724089","170.546582831","0.0","-45.85869473157829","170.54657647742224","GPS Fixed Point Origin","3.3001306","3.263035","0.49342018","0","1763871598932"
"313.09","36757301","-45.858724089","170.546582831","0.0","-45.85869476662398","170.54657613007382","GPS Fixed Point Origin","3.3004248","3.2591398","0.52039534","0","1763871599145"
"313.09","36757301","-45.858724089","170.546582831","0.0","-45.85869479805911","170.5465757963633","GPS Fixed Point Origin","3.3011644","3.2556458","0.5463114","0","1763871599373"
"313.09","36757301","-45.858724089","170.546582831","0.0","-45.85869482546685","170.54657547594002","GPS Fixed Point Origin","3.3023732","3.2525995","0.5711955","0","1763871599534"
"313.09","36757301","-45.858724089","170.546582831","0.0","-45.858694854148176","170.54657516905976","GPS Fixed Point Origin","3.3034427","3.2494116","0.59502786","0","1763871599754"
"313.09","36757301","-45.858724089","170.546582831","0.0","-45.858694904106144","170.54657488150158","GPS Fixed Point Origin","3.3020833","3.2438588","0.6173597","0","1763871599974"
"313.09","36757301","-45.858724089","170.546582831","0.0","-45.85869495118412","170.54657463648127","GPS Fixed Point Origin","3.300559","3.2386262","0.63638806","0","1763871600143"
"313.09","36757301","-45.858724089","170.546582831","0.0","-45.85869501545779","170.5465744286167","GPS Fixed Point Origin","3.2967067","3.2314823","0.65253085","0","1763871600364"
"313.09","36757301","-45.858724089","170.546582831","0.0","-45.858695068442934","170.5465742474892","GPS Fixed Point Origin","3.2937522","3.225593","0.66659725","0","1763871600536"
"313.09","36757301","-45.858724089","170.546582831","0.0","-45.85869511603089","170.54657406321235","GPS Fixed Point Origin","3.291503","3.2203038","0.68090826","0","1763871600745"
"313.09","36757301","-45.858724089","170.546582831","0.0","-45.8586951783716","170.54657388173734","GPS Fixed Point Origin","3.2876747","3.2133746","0.6950016","0","1763871600973"
"313.09","36757301","-45.858724089","170.546582831","0.0","-45.85869522740697","170.54657374340465","GPS Fixed Point Origin","3.2846391","3.2079244","0.70574456","0","1763871601130"
"313.09","36757301","-45.858724089","170.546582831","0.0","-45.858695269941364","170.54657371103616","GPS Fixed Point Origin","3.280564","3.2031968","0.70825833","0","1763871601366"
"313.09","36757301","-45.858724089","170.546582831","0.0","-45.85869533167457","170.54657374660587","GPS Fixed Point Origin","3.273268","3.1963353","0.70549595","0","1763871601522"
"313.09","36757301","-45.858724089","170.546582831","0.0","-45.85869540954754","170.54657386278157","GPS Fixed Point Origin","3.262879","3.1876798","0.6964737","0","1763871601743"
"313.09","36757301","-45.858724089","170.546582831","0.0","-45.85869549451785","170.54657403886966","GPS Fixed Point Origin","3.250753","3.1782355","0.6827987","0","1763871601963"
"313.09","36757301","-45.858724089","170.546582831","0.0","-45.85869556521257","170.54657424151645","GPS Fixed Point Origin","3.2397943","3.1703777","0.6670611","0","1763871602123"
"313.09","36757301","-45.858724089","170.546582831","0.0","-45.85869564898267","170.5465744817414","GPS Fixed Point Origin","3.226883","3.161067","0.6484052","0","1763871602350"
"313.09","36757301","-45.858724089","170.546582831","0.0","-45.858695743283235","170.54657472488185","GPS Fixed Point Origin","3.212863","3.1505857","0.62952286","0","1763871602573"
"313.09","36757301","-45.858724089","170.546582831","0.0","-45.85869584586077","170.54657496648832","GPS Fixed Point Origin","3.1980472","3.1391842","0.6107596","0","1763871602737"
"313.09","36757301","-45.858724089","170.546582831","0.0","-45.85869594872013","170.54657520849693","GPS Fixed Point Origin","3.1832771","3.1277516","0.5919652","0","1763871602954"
"313.09","36757301","-45.858724089","170.546582831","0.0","-45.85869603184256","170.5465754675798","GPS Fixed Point Origin","3.170509","3.1185126","0.57184476","0","1763871603120"
"313.09","36757301","-45.858724089","170.546582831","0.0","-45.85869611737972","170.54657571813001","GPS Fixed Point Origin","3.1576962","3.1090052","0.552387","0","1763871603354"
"313.09","36757301","-45.858724089","170.546582831","0.0","-45.8586961849807","170.54657597862823","GPS Fixed Point Origin","3.1468143","3.1014915","0.53215665","0","1763871603572"
"313.09","36757301","-45.858724089","170.546582831","0.0","-45.85869625724076","170.54657622474753","GPS Fixed Point Origin","3.1357148","3.0934598","0.513043","0","1763871603736"
"313.09","36757301","-45.858724089","170.546582831","0.0","-45.85869630794701","170.54657647519474","GPS Fixed Point Origin","3.1270258","3.0878239","0.4935932","0","1763871603954"
"313.09","36757301","-45.858724089","170.546582831","0.0","-45.8586963466557","170.54657670741727","GPS Fixed Point Origin","3.1199777","3.0835216","0.47555873","0","1763871604168"
"313.09","36757301","-45.858724089","170.546582831","0.0","-45.85869640056477","170.54657694663686","GPS Fixed Point Origin","3.111273","3.0775297","0.45698088","0","1763871604335"
"313.09","36757301","-45.858724089","170.546582831","0.0","-45.85869646192983","170.5465771909508","GPS Fixed Point Origin","3.1017904","3.070709","0.4380074","0","1763871604551"
"313.09","36757301","-45.858724089","170.546582831","0.0","-45.85869650955305","170.5465774379381","GPS Fixed Point Origin","3.0938954","3.0654159","0.4188263","0","1763871604773"
"313.09","36757301","-45.858724089","170.546582831","0.0","-45.858696571119154","170.54657768588368","GPS Fixed Point Origin","3.0845623","3.0585728","0.39957082","0","1763871604934"
"313.09","36757301","-45.858724089","170.546582831","0.0","-45.85869664424563","170.54657793797273","GPS Fixed Point Origin","3.0740216","3.0504448","0.37999353","0","1763871605156"
"313.09","36757301","-45.858724089","170.546582831","0.0","-45.85869672182432","170.54657821303832","GPS Fixed Point Origin","3.0628905","3.0418222","0.35863188","0","1763871605326"
"313.09","36757301","-45.858724089","170.546582831","0.0","-45.85869678296833","170.54657848577088","GPS Fixed Point Origin","3.0537283","3.035026","0.3374514","0","1763871605545"
"313.09","36757301","-45.858724089","170.546582831","0.0","-45.85869685090856","170.54657877530224","GPS Fixed Point Origin","3.0438144","3.0274746","0.31496635","0","1763871605767"
"313.09","36757301","-45.858724089","170.546582831","0.0","-45.858696904082436","170.5465790532652","GPS Fixed Point Origin","3.035774","3.0215645","0.2933797","0","1763871605933"
"313.09","36757301","-45.858724089","170.546582831","0.0","-45.858696963833296","170.5465793200445","GPS Fixed Point Origin","3.0272274","3.014923","0.27266154","0","1763871606156"
"313.09","36757301","-45.858724089","170.546582831","0.0","-45.85869700955627","170.5465795768327","GPS Fixed Point Origin","3.0204322","3.0098412","0.2527193","0","1763871606375"
"313.09","36757301","-45.858724089","170.546582831","0.0","-45.85869706848743","170.5465798179362","GPS Fixed Point Origin","3.0123928","3.0032911","0.23399517","0","1763871606537"
"313.09","36757301","-45.858724089","170.546582831","0.0","-45.858697139660464","170.5465800256793","GPS Fixed Point Origin","3.0032926","2.9953802","0.2178618","0","1763871606756"
"313.09","36757301","-45.858724089","170.546582831","0.0","-45.85869721558755","170.54658023024461","GPS Fixed Point Origin","2.993762","2.986941","0.20197521","0","1763871606972"
"313.09","36757301","-45.858724089","170.546582831","0.0","-45.85869727592682","170.54658042753942","GPS Fixed Point Origin","2.9860737","2.9802344","0.18665326","0","1763871607133"
"313.09","36757301","-45.858724089","170.546582831","0.0","-45.858697347894285","170.54658059923923","GPS Fixed Point Origin","2.9772844","2.9722354","0.17331901","0","1763871607356"
"313.09","36757301","-45.858724089","170.546582831","0.0","-45.85869742477413","170.54658076947274","GPS Fixed Point Origin","2.9680114","2.9636903","0.16009864","0","1763871607574"
"313.09","36757301","-45.858724089","170.546582831","0.0","-45.85869748528755","170.54658091353122","GPS Fixed Point Origin","2.9607115","2.9569643","0.14891103","0","1763871607737"
"313.09","36757301","-45.858724089","170.546582831","0.0","-45.858697557038035","170.54658104050537","GPS Fixed Point Origin","2.9522657","2.9489894","0.13905019","0","1763871607959"
"313.09","36757301","-45.858724089","170.546582831","0.0","-45.85869763861303","170.54658117333273","GPS Fixed Point Origin","2.9427395","2.9399223","0.1287348","0","1763871608176"
"313.09","36757301","-45.858724089","170.546582831","0.0","-45.85869772867574","170.54658128231907","GPS Fixed Point Origin","2.9323795","2.929912","0.120270886","0","1763871608349"
"313.09","36757301","-45.858724089","170.546582831","0.0","-45.85869782016185","170.54658135765956","GPS Fixed Point Origin","2.9219847","2.9197435","0.11441993","0","1763871608554"
"313.09","36757301","-45.858724089","170.546582831","0.0","-45.858697886550864","170.54658145106978","GPS Fixed Point Origin","2.9143355","2.9123645","0.10716567","0","1763871608731"
"313.09","36757301","-45.858724089","170.546582831","0.0","-45.85869793785549","170.5465815305164","GPS Fixed Point Origin","2.908416","2.906662","0.10099583","0","1763871608947"
"313.09","36757301","-45.858724089","170.546582831","0.0","-45.85869799604631","170.5465815732801","GPS Fixed Point Origin","2.9018385","2.9001942","0.097674794","0","1763871609158"
"313.09","36757301","-45.858724089","170.546582831","0.0","-45.8586980352694","170.54658159687742","GPS Fixed Point Origin","2.8974202","2.8958347","0.09584222","0","1763871609325"
"313.09","36757301","-45.858724089","170.546582831","0.0","-45.85869805784792","170.54658164544205","GPS Fixed Point Origin","2.8947895","2.893325","0.092070684","0","1763871609547"
"313.09","36757301","-45.858724089","170.546582831","0.0","-45.858698067429366","170.54658167175435","GPS Fixed Point Origin","2.8936608","2.89226","0.09002726","0","1763871609766"
"313.09","36757301","-45.858724089","170.546582831","0.0","-45.85869806109144","170.54658170027767","GPS Fixed Point Origin","2.894297","2.8929646","0.08781213","0","1763871609938"
"313.09","36757301","-45.858724089","170.546582831","0.0","-45.85869802194866","170.5465817172753","GPS Fixed Point Origin","2.8986058","2.8973153","0.0864921","0","1763871610150"
"313.09","36757301","-45.858724089","170.546582831","0.0","-45.8586979818068","170.54658177088626","GPS Fixed Point Origin","2.9029446","2.9017768","0.082328655","0","1763871610378"
"313.09","36757301","-45.858724089","170.546582831","0.0","-45.858697941418384","170.5465818260829","GPS Fixed Point Origin","2.9073136","2.906266","0.078042075","0","1763871610540"
"313.09","36757301","-45.858724089","170.546582831","0.0","-45.858697901987554","170.546581858421","GPS Fixed Point Origin","2.9116285","2.9106486","0.07553069","0","1763871610759"
"313.09","36757301","-45.858724089","170.546582831","0.0","-45.858697864548986","170.54658187749283","GPS Fixed Point Origin","2.9157503","2.91481","0.07404957","0","1763871610927"
"313.09","36757301","-45.858724089","170.546582831","0.0","-45.85869782971385","170.54658190585164","GPS Fixed Point Origin","2.919566","2.9186819","0.071847215","0","1763871611144"
"313.09","36757301","-45.858724089","170.546582831","0.0","-45.85869779778544","170.54658192334358","GPS Fixed Point Origin","2.9230807","2.9222305","0.07048879","0","1763871611367"
"313.09","36757301","-45.858724089","170.546582831","0.0","-45.85869777436338","170.54658195813494","GPS Fixed Point Origin","2.9256194","2.924834","0.06778689","0","1763871611541"
"313.09","36757301","-45.858724089","170.546582831","0.0","-45.858697778686555","170.54658200841243","GPS Fixed Point Origin","2.925051","2.9243534","0.06388232","0","1763871611751"
"313.09","36757301","-45.858724089","170.546582831","0.0","-45.85869778184762","170.5465820665573","GPS Fixed Point Origin","2.9246047","2.9240022","0.05936678","0","1763871611932"
"313.09","36757301","-45.858724089","170.546582831","0.0","-45.85869778380802","170.54658210537406","GPS Fixed Point Origin","2.9243271","2.9237843","0.056352265","0","1763871612138"
"313.09","36757301","-45.858724089","170.546582831","0.0","-45.858697785037855","170.54658212859582","GPS Fixed Point Origin","2.9241562","2.9236474","0.054548856","0","1763871612370"
"313.09","36757301","-45.858724089","170.546582831","0.0","-45.85869778514896","170.5465821444122","GPS Fixed Point Origin","2.9241214","2.923635","0.053320553","0","1763871612530"
"313.09","36757301","-45.858724089","170.546582831","0.0","-45.858697789988","170.5465821804647","GPS Fixed Point Origin","2.923534","2.9230974","0.05052071","0","1763871612759"
"313.09","36757301","-45.858724089","170.546582831","0.0","-45.85869781881583","170.546582238981","GPS Fixed Point Origin","2.920255","2.919893","0.045976322","0","1763871612927"
"313.09","36757301","-45.858724089","170.546582831","0.0","-45.85869784277277","170.54658233092434","GPS Fixed Point Origin","2.9174888","2.9172304","0.03883598","0","1763871613136"
"313.09","36757301","-45.858724089","170.546582831","0.0","-45.85869786259393","170.5465824007772","GPS Fixed Point Origin","2.9152186","2.9150271","0.033411194","0","1763871613369"
"313.09","36757301","-45.858724089","170.546582831","0.0","-45.858697878451444","170.54658245624938","GPS Fixed Point Origin","2.91341","2.9132648","0.029103212","0","1763871613531"
"313.09","36757301","-45.858724089","170.546582831","0.0","-45.858697890815144","170.54658252026599","GPS Fixed Point Origin","2.9119904","2.9118905","0.024131669","0","1763871613750"
"313.09","36757301","-45.858724089","170.546582831","0.0","-45.85869790034277","170.5465825662106","GPS Fixed Point Origin","2.9109042","2.9108315","0.020563602","0","1763871613968"
"313.09","36757301","-45.858724089","170.546582831","0.0","-45.85869790694786","170.5465826013367","GPS Fixed Point Origin","2.910152","2.9100974","0.0178357","0","1763871614127"
"313.09","36757301","-45.858724089","170.546582831","0.0","-45.85869791100386","170.5465826523918","GPS Fixed Point Origin","2.9096797","2.9096465","0.01387075","0","1763871614351"
"313.09","36757301","-45.858724089","170.546582831","0.0","-45.85869791302905","170.54658271686313","GPS Fixed Point Origin","2.909435","2.9094214","0.008863894","0","1763871614565"
"313.09","36757301","-45.858724089","170.546582831","0.0","-45.85869791344693","170.54658278759243","GPS Fixed Point Origin","2.9093769","2.909375","0.0033710413","0","1763871614732"
"313.09","36757301","-45.858724089","170.546582831","0.0","-45.85869791320333","170.54658284344637","GPS Fixed Point Origin","2.9094021","2.9094021","9.6658815E-4","0","1763871614950"
"313.09","36757301","-45.858724089","170.546582831","0.0","-45.858697912208264","170.5465829127626","GPS Fixed Point Origin","2.9095197","2.9095128","0.0063497005","0","1763871615116"
"313.09","36757301","-45.858724089","170.546582831","0.0","-45.85869791654456","170.54658297785437","GPS Fixed Point Origin","2.909053","2.9090307","0.011404742","0","1763871615338"
"313.09","36757301","-45.858724089","170.546582831","0.0","-45.858697939475114","170.5465829586253","GPS Fixed Point Origin","2.906499","2.906482","0.009911406","0","1763871615559"
"313.09","36757301","-45.858724089","170.546582831","0.0","-45.858697932719565","170.54658284330148","GPS Fixed Point Origin","2.907233","2.9072328","9.553347E-4","0","1763871615730"
"313.09","36757301","-45.858724089","170.546582831","0.0","-45.85869792625985","170.54658264882653","GPS Fixed Point Origin","2.9079852","2.9079509","0.01414763","0","1763871615939"
"313.09","36757301","-45.858724089","170.546582831","0.0","-45.85869791447787","170.546582390292","GPS Fixed Point Origin","2.9094617","2.9092605","0.03422548","0","1763871616169"
"313.09","36757301","-45.858724089","170.546582831","0.0","-45.85869787366327","170.546582075129","GPS Fixed Point Origin","2.9143882","2.913797","0.058701098","0","1763871616328"
"313.09","36757301","-45.858724089","170.546582831","0.0","-45.85869781417569","170.54658169593287","GPS Fixed Point Origin","2.9217389","2.9204087","0.088149555","0","1763871616550"
"313.09","36757301","-45.858724089","170.546582831","0.0","-45.85869775958739","170.54658129166063","GPS Fixed Point Origin","2.928917","2.9264762","0.11954542","0","1763871616769"
"313.09","36757301","-45.858724089","170.546582831","0.0","-45.858697684386996","170.54658087099278","GPS Fixed Point Origin","2.9387794","2.9348347","0.15221457","0","1763871616941"
"313.09","36757301","-45.858724089","170.546582831","0.0","-45.85869759789801","170.54658043604823","GPS Fixed Point Origin","2.9503162","2.9444478","0.18599246","0","1763871617149"
"313.09","36757301","-45.858724089","170.546582831","0.0","-45.858697527427694","170.54657997277948","GPS Fixed Point Origin","2.9606133","2.9522805","0.22197","0","1763871617325"
"313.09","36757301","-45.858724089","170.546582831","0.0","-45.85869747147677","170.5465795207295","GPS Fixed Point Origin","2.9696476","2.9584994","0.2570763","0","1763871617535"
"313.09","36757301","-45.858724089","170.546582831","0.0","-45.85869742885797","170.54657910753647","GPS Fixed Point Origin","2.9773118","2.9632363","0.28916496","0","1763871617747"
"313.09","36757301","-45.858724089","170.546582831","0.0","-45.85869739695581","170.5465787253582","","2.9838665","2.9667823","0.318845","0","1763871617919"
"313.09","36757301","-45.858724089","170.546582831","0.0","-45.858697369210844","170.54657835153927","","2.990171","2.969866","0.34787586","0","1763871618139"
"313.09","36757301","-45.858724089","170.546582831","0.0","-45.858697325333424","170.54657801230107","","2.998189","2.974743","0.37422118","0","1763871618359"
"313.09","36757301","-45.858724089","170.546582831","0.0","-45.85869728783248","170.5465777046876","","3.0053957","2.9789112","0.3981105","0","1763871618539"
"313.09","36757301","-45.858724089","170.546582831","0.0","-45.85869724155081","170.5465774300656","","3.013389","2.9840553","0.4194377","0","1763871618758"
"313.09","36757301","-45.858724089","170.546582831","0.0","-45.85869723256045","170.5465772032104","","3.0168805","2.9850545","0.43705532","0","1763871618917"
"313.09","36757301","-45.858724089","170.546582831","0.0","-45.85869722975491","170.54657699733627","","3.0195465","2.9853663","0.45304355","0","1763871619140"
"313.09","36757301","-45.858724089","170.546582831","0.0","-45.85869723764485","170.54657682782135","","3.0206833","2.9844894","0.46620813","0","1763871619369"
"313.09","36757301","-45.858724089","170.546582831","0.0","-45.85869727402064","170.5465766687055","","3.0186229","2.9804463","0.4785651","0","1763871619530"
"313.09","36757301","-45.858724089","170.546582831","0.0","-45.85869731434573","170.54657653671921","","3.015842","2.9759643","0.48881516","0","1763871619753"
"313.09","36757301","-45.858724089","170.546582831","0.0","-45.858697376961445","170.54657640637438","","3.0106356","2.9690046","0.4989378","0","1763871619925"
"313.09","36757301","-45.858724089","170.546582831","0.0","-45.8586974379985","170.54657630166116","","3.005307","2.9622204","0.5070698","0","1763871620140"
"313.09","36757301","-45.858724089","170.546582831","0.0","-45.85869752173694","170.546576216471","","2.99726","2.952913","0.5136857","0","1763871620367"
"313.09","36757301","-45.858724089","170.546582831","0.0","-45.858697617858375","170.54657614663458","","2.9876726","2.9422293","0.51910925","0","1763871620542"
"313.09","36757301","-45.858724089","170.546582831","0.0","-45.85869770381798","170.54657608774875","","2.9790645","2.932675","0.5236823","0","1763871620750"
"313.09","36757301","-45.858724089","170.546582831","0.0","-45.85869779966153","170.5465760365106","","2.9692826","2.922022","0.5276615","0","1763871620967"
"313.09","36757301","-45.858724089","170.546582831","0.0","-45.85869788327871","170.54657599067235","","2.9607737","2.912728","0.5312213","0","1763871621134"
"313.09","36757301","-45.858724089","170.546582831","0.0","-45.85869797556044","170.54657595313776","","2.95121","2.902471","0.53413624","0","1763871621352"
"313.09","36757301","-45.858724089","170.546582831","0.0","-45.858698049322854","170.54657594106948","","2.9433174","2.8942726","0.53507346","0","1763871621574"
"313.09","36757301","-45.858724089","170.546582831","0.0","-45.85869811215808","170.54657592202435","","2.93672","2.8872886","0.5365525","0","1763871621740"
"313.09","36757301","-45.858724089","170.546582831","0.0","-45.858698190709475","170.54657589551812","","2.9285142","2.8785577","0.538611","0","1763871621963"
"313.09","36757301","-45.858724089","170.546582831","0.0","-45.858698276831575","170.54657585581535","","2.9196763","2.8689854","0.5416943","0","1763871622117"
"313.09","36757301","-45.858724089","170.546582831","0.0","-45.85869834310815","170.54657578373224","","2.9134843","2.8616188","0.5472923","0","1763871622344"
"313.09","36757301","-45.858724089","170.546582831","0.0","-45.85869839160296","170.54657570810036","","2.9093013","2.8562286","0.5531659","0","1763871622563"
"313.09","36757301","-45.858724089","170.546582831","0.0","-45.85869842498873","170.54657564077894","","2.9066582","2.8525178","0.5583941","0","1763871622733"
"313.09","36757301","-45.858724089","170.546582831","0.0","-45.858698451042336","170.54657561935903","","2.9041367","2.849622","0.5600576","0","1763871622952"
"313.09","36757301","-45.858724089","170.546582831","0.0","-45.85869849101073","170.54657558028842","","2.9003654","2.8451796","0.5630918","0","1763871623171"
"313.09","36757301","-45.858724089","170.546582831","0.0","-45.85869851732694","170.5465755057957","","2.8986259","2.8422546","0.5688769","0","1763871623345"
"313.09","36757301","-45.858724089","170.546582831","0.0","-45.85869854251774","170.54657542628297","","2.8971","2.8394547","0.5750519","0","1763871623557"
"313.09","36757301","-45.858724089","170.546582831","0.0","-45.85869860839409","170.54657534779383","","2.8911428","2.8321326","0.5811474","0","1763871623723"
"313.09","36757301","-45.858724089","170.546582831","0.0","-45.85869864539872","170.54657529585154","","2.8879287","2.8280196","0.58518124","0","1763871623940"
"313.09","36757301","-45.858724089","170.546582831","0.0","-45.85869862439163","170.54657526078708","","2.8907678","2.8303545","0.58790433","0","1763871624162"
"313.09","36757301","-45.858724089","170.546582831","0.0","-45.85869863785318","170.54657521793882","","2.8899817","2.8288584","0.59123194","0","1763871624337"
"313.09","36757301","-45.858724089","170.546582831","0.0","-45.85869870637153","170.5465752136526","","2.8825958","2.8212426","0.5915648","0","1763871624546"
"313.09","36757301","-45.858724089","170.546582831","0.0","-45.858698832111315","170.5465753287666","","2.8670888","2.8072667","0.58262503","0","1763871624762"
"313.09","36757301","-45.858724089","170.546582831","0.0","-45.85869897112045","170.54657539966485","","2.8508427","2.791816","0.57711905","0","1763871624941"
"313.09","36757301","-45.858724089","170.546582831","0.0","-45.858699099595924","170.54657552127188","","2.8349538","2.7775362","0.56767505","0","1763871625152"
"313.09","36757301","-45.858724089","170.546582831","0.0","-45.85869895108432","170.5465755060953","","2.8513632","2.794043","0.5688536","0","1763871625322"
"313.09","36757301","-45.858724089","170.546582831","0.0","-45.858698246437136","170.5465750045495","","2.9359663","2.8723636","0.6078038","0","1763871625541"
"313.09","36757301","-45.858724089","170.546582831","0.2","-45.8586971200951","170.54657431512103","","3.0696437","2.9975548","0.66134495","0","1763871625753"
"313.09","36757301","-45.858724089","170.546582831","0.3","-45.85869558539946","170.54657376811016","","3.2453728","3.1681342","0.70382595","0","1763871625924"
"313.09","36757301","-45.858724089","170.546582831","0.3","-45.85869368665123","170.5465733830182","","3.4579186","3.3791773","0.7337323","0","1763871626145"
"313.09","36757301","-45.858724089","170.546582831","0.4","-45.8586914086484","170.54657329874968","","3.7070405","3.632374","0.7402766","0","1763871626365"
"313.09","36757301","-45.858724089","170.546582831","0.0","-45.85868908645387","170.54657294639594","","3.965492","3.8904824","0.7676404","0","1763871626541"
"313.09","36757301","-45.858724089","170.546582831","0.0","-45.85868692474834","170.54657253421826","","4.2074413","4.130753","0.79965025","0","1763871626761"
"313.09","36757301","-45.858724089","170.546582831","0.0","-45.85868493910396","170.54657245696458","","4.425407","4.3514543","0.80564976","0","1763871626969"
"313.09","36757301","-45.858724089","170.546582831","0.0","-45.858682889290634","170.54657293461844","","4.643335","4.5792885","0.7685551","0","1763871627131"
"313.09","36757301","-45.858724089","170.546582831","0.0","-45.85868034709892","170.54657375670936","","4.912657","4.8618493","0.7047113","0","1763871627355"
"313.09","36757301","-45.858724089","170.546582831","0.0","-45.858677672532345","170.5465744674542","","5.1998487","5.1591234","0.64951473","0","1763871627527"
"313.09","36757301","-45.858724089","170.546582831","0.0","-45.858675110055","170.54657539236572","","5.474504","5.443939","0.5776859","0","1763871627744"
"313.09","36757301","-45.858724089","170.546582831","0.0","-45.85867291793495","170.54657650616537","","5.7087607","5.68759","0.491188","0","1763871627967"
"313.09","36757301","-45.858724089","170.546582831","0.0","-45.85867058222426","170.5465778879823","","5.959577","5.947201","0.3838758","0","1763871628133"
"313.09","36757301","-45.858724089","170.546582831","0.0","-45.85866807905005","170.54657910386913","","6.2321506","6.2254252","0.28944978","0","1763871628354"
"313.09","36757301","-45.858724089","170.546582831","0.0","-45.858665960369024","170.54658007531927","","6.464457","6.4609137","0.21400675","0","1763871628573"
"313.09","36757301","-45.858724089","170.546582831","0.0","-45.8586637904685","170.54658117944192","","6.703322","6.702095","0.12826034","0","1763871628731"
"313.09","36757301","-45.858724089","170.546582831","0.0","-45.85866170580746","170.54658189357173","","6.934184","6.9338017","0.072800875","0","1763871628957"
"313.09","36757301","-45.858724089","170.546582831","0.0","-45.85865982825815","170.5465821481993","","7.1426854","7.142489","0.05302645","0","1763871629114"
"313.09","36757301","-45.858724089","170.546582831","-0.1","-45.858658311022886","170.54658229436862","","7.311246","7.311127","0.041674905","0","1763871629345"
"313.09","36757301","-45.858724089","170.546582831","-0.2","-45.85865746259445","170.54658243810593","","7.405492","7.405429","0.030512236","0","1763871629554"
"313.09","36757301","-45.858724089","170.546582831","-0.3","-45.858657125954096","170.54658272717188","","7.44285","7.442846","0.008063314","0","1763871629727"
"313.09","36757301","-45.858724089","170.546582831","-0.4","-45.85865731659446","170.54658311463638","","7.421689","7.4216566","0.02202726","0","1763871629946"
"313.09","36757301","-45.858724089","170.546582831","-0.4","-45.858657857577406","170.54658360361415","","7.3617716","7.361527","0.060001377","0","1763871630154"
"313.09","36757301","-45.858724089","170.546582831","0.0","-45.85865828408104","170.54658405661394","","7.314741","7.3141217","0.095181435","0","1763871630327"
"313.09","36757301","-45.858724089","170.546582831","0.0","-45.85865859717619","170.5465842210848","","7.2801223","7.2793217","0.10795428","0","1763871630545"
"313.09","36757301","-45.858724089","170.546582831","0.0","-45.858658858276556","170.54658436371966","","7.251278","7.250301","0.11903133","0","1763871630769"
"313.09","36757301","-45.858724089","170.546582831","0.0","-45.85865907843303","170.54658444083955","","7.226912","7.2258306","0.12502047","0","1763871630938"
"313.09","36757301","-45.858724089","170.546582831","0.0","-45.8586592492889","170.54658440064938","","7.2078714","7.2068405","0.1218993","0","1763871631156"
"313.09","36757301","-45.858724089","170.546582831","0.0","-45.85865941129981","170.546584328808","","7.189774","7.188833","0.11632008","0","1763871631328"
"313.09","36757301","-45.858724089","170.546582831","0.0","-45.85865950301775","170.54658417756193","","7.1794004","7.178639","0.104574285","0","1763871631543"
"313.09","36757301","-45.858724089","170.546582831","0.0","-45.858659567076394","170.54658397084748","","7.1720653","7.171519","0.088520795","0","1763871631767"
"313.09","36757301","-45.858724089","170.546582831","0.0","-45.858659599879914","170.5465836977751","","7.1681886","7.167873","0.06731394","0","1763871631935"
"313.09","36757301","-45.858724089","170.546582831","0.0","-45.858659577101406","170.5465834157355","","7.1705484","7.1704044","0.04541068","0","1763871632154"
"313.09","36757301","-45.858724089","170.546582831","0.0","-45.85865952912222","170.54658316031492","","7.1757827","7.1757374","0.025574666","0","1763871632328"
"313.09","36757301","-45.858724089","170.546582831","0.0","-45.858659583153695","170.5465829570612","","7.1697383","7.1697316","0.009789938","0","1763871632545"
"313.09","36757301","-45.858724089","170.546582831","0.0","-45.85865974560363","170.54658273661497","","7.1516795","7.1516757","0.0073299627","0","1763871632761"
"313.09","36757301","-45.858724089","170.546582831","0.0","-45.85865997986923","170.5465825646749","","7.1256676","7.1256375","0.020682862","0","1763871632926"
"313.09","36757301","-45.858724089","170.546582831","0.0","-45.85866028255386","170.54658238044033","","7.0920806","7.0919943","0.03499056","0","1763871633143"
"313.09","36757301","-45.858724089","170.546582831","0.0","-45.85866055237071","170.546582139977","","7.0622087","7.0620046","0.053664993","0","1763871633369"
"313.09","36757301","-45.858724089","170.546582831","0.0","-45.858660835739876","170.5465818765887","","7.0308995","7.0305085","0.074119784","0","1763871633534"
"313.09","36757301","-45.858724089","170.546582831","0.0","-45.8586610953261","170.54658152527747","","7.0023904","7.001656","0.101402685","0","1763871633760"
"313.09","36757301","-45.858724089","170.546582831","0.0","-45.858661294201085","170.54658101764304","","6.980972","6.9795513","0.14082569","0","1763871633925"
"313.09","36757301","-45.858724089","170.546582831","0.0","-45.85866149108433","170.54658035789373","","6.9603186","6.957668","0.19206196","0","1763871634138"
"313.09","36757301","-45.858724089","170.546582831","0.0","-45.858661687584224","170.54657970670613","","6.94007","6.9358273","0.24263331","0","1763871634367"
"313.09","36757301","-45.858724089","170.546582831","0.0","-45.85866188345663","170.54657910617024","","6.920105","6.9140563","0.28927106","0","1763871634525"
"313.09","36757301","-45.858724089","170.546582831","0.0","-45.8586620849701","170.54657860443646","","6.899471","6.8916583","0.3282358","0","1763871634751"
"313.09","36757301","-45.858724089","170.546582831","0.0","-45.85866231128594","170.54657818530453","","6.8759756","6.8665037","0.3607857","0","1763871634979"
"313.09","36757301","-45.858724089","170.546582831","0.0","-45.85866253289444","170.54657780258904","","6.853008","6.841872","0.39050746","0","1763871635140"
"313.09","36757301","-45.858724089","170.546582831","0.0","-45.85866275045952","170.54657740851627","","6.830683","6.8176904","0.42111123","0","1763871635360"
"313.09","36757301","-45.858724089","170.546582831","0.0","-45.858662974912114","170.54657703027445","","6.807664","6.7927427","0.45048556","0","1763871635526"
"313.09","36757301","-45.858724089","170.546582831","0.0","-45.85866326126245","170.54657666141583","","6.7778716","6.7609153","0.4791312","0","1763871635745"
"313.09","36757301","-45.858724089","170.546582831","0.0","-45.858663608906554","170.54657628211157","","6.741487","6.7222753","0.5085881","0","1763871635976"
"313.09","36757301","-45.858724089","170.546582831","0.0","-45.8586639369268","170.54657592436206","","6.707297","6.6858163","0.53637093","0","1763871636149"
"313.09","36757301","-45.858724089","170.546582831","0.0","-45.85866427149191","170.54657561620175","","6.6721973","6.6486297","0.56030273","0","1763871636369"
"313.09","36757301","-45.858724089","170.546582831","0.0","-45.858664610563025","170.54657535943986","","6.636358","6.6109424","0.58024293","0","1763871636539"
"313.09","36757301","-45.858724089","170.546582831","0.0","-45.85866495255962","170.54657508626676","","6.600391","6.57293","0.6014576","0","1763871636755"
"313.09","36757301","-45.858724089","170.546582831","0.0","-45.85866529655437","170.54657488501553","","6.5637674","6.5346956","0.6170868","0","1763871636978"
"313.09","36757301","-45.858724089","170.546582831","0.0","-45.85866563529996","170.54657478375944","GPS Fixed Point North","6.5270324","6.4970446","0.6249504","0","1763871637150"
"313.09","36757301","-45.858724089","170.546582831","0.0","-45.858665948639256","170.5465747148349","GPS Fixed Point North","6.492883","6.4622173","0.6303031","0","1763871637374"
"313.09","36757301","-45.858724089","170.546582831","0.0","-45.858666259579905","170.54657466401596","GPS Fixed Point North","6.4588733","6.4276567","0.6342497","0","1763871637536"
"313.09","36757301","-45.858724089","170.546582831","0.0","-45.858666542484336","170.54657460554452","GPS Fixed Point North","6.428031","6.396212","0.6387906","0","1763871637758"
"313.09","36757301","-45.858724089","170.546582831","0.0","-45.85866680109612","170.54657455715764","GPS Fixed Point North","6.399806","6.367468","0.6425483","0","1763871637978"
"313.09","36757301","-45.858724089","170.546582831","0.0","-45.85866703961502","170.54657448419232","GPS Fixed Point North","6.3740034","6.3409567","0.6482148","0","1763871638135"
"313.09","36757301","-45.858724089","170.546582831","0.0","-45.858667261249224","170.54657436839025","GPS Fixed Point North","6.3504214","6.3163223","0.657208","0","1763871638369"
"313.09","36757301","-45.858724089","170.546582831","0.0","-45.85866746944249","170.54657423447773","GPS Fixed Point North","6.3284945","6.2931824","0.6676077","0","1763871638528"
"313.09","36757301","-45.858724089","170.546582831","0.0","-45.85866767221525","170.54657406427097","GPS Fixed Point North","6.307496","6.270644","0.680826","0","1763871638751"
"313.09","36757301","-45.858724089","170.546582831","0.0","-45.85866789125377","170.54657388830128","GPS Fixed Point North","6.284788","6.2462983","0.69449186","0","1763871638973"
"313.09","36757301","-45.858724089","170.546582831","0.0","-45.858668099883936","170.54657370697618","GPS Fixed Point North","6.2633195","6.2231097","0.70857364","0","1763871639135"
"313.09","36757301","-45.858724089","170.546582831","0.0","-45.8586683006971","170.5465735257153","GPS Fixed Point North","6.242757","6.2007895","0.72265035","0","1763871639358"
"313.09","36757301","-45.858724089","170.546582831","0.0","-45.858668495509384","170.5465733602381","GPS Fixed Point North","6.222756","6.1791363","0.73550135","0","1763871639529"
"313.09","36757301","-45.858724089","170.546582831","0.0","-45.85866868615189","170.54657316296903","GPS Fixed Point North","6.203551","6.1579466","0.7508213","0","1763871639740"
"313.09","36757301","-45.858724089","170.546582831","0.0","-45.858668873618335","170.54657296889772","GPS Fixed Point North","6.184716","6.13711","0.7658929","0","1763871639957"
"313.09","36757301","-45.858724089","170.546582831","0.0","-45.85866905950211","170.54657280237575","GPS Fixed Point North","6.165835","6.1164494","0.77882504","0","1763871640127"
"313.09","36757301","-45.858724089","170.546582831","0.0","-45.85866923947497","170.5465726590636","GPS Fixed Point North","6.1474123","6.0964456","0.7899547","0","1763871640339"
"313.09","36757301","-45.858724089","170.546582831","0.0","-45.85866939993317","170.5465725296239","GPS Fixed Point North","6.1310296","6.078611","0.80000705","0","1763871640558"
"313.09","36757301","-45.858724089","170.546582831","0.0","-45.85866958969333","170.54657239076923","GPS Fixed Point North","6.1115403","6.0575194","0.81079054","0","1763871640719"
"313.09","36757301","-45.858724089","170.546582831","0.0","-45.858669774311394","170.54657226255156","GPS Fixed Point North","6.0925355","6.036999","0.8207479","0","1763871640940"
"313.09","36757301","-45.858724089","170.546582831","0.0","-45.85866993494309","170.54657212312028","GPS Fixed Point North","6.0763173","6.0191455","0.83157617","0","1763871641159"
"313.09","36757301","-45.858724089","170.546582831","0.0","-45.85867009559832","170.54657199953","GPS Fixed Point North","6.0599537","6.001289","0.84117424","0","1763871641333"
"313.09","36757301","-45.858724089","170.546582831","0.0","-45.85867023683744","170.54657188775678","GPS Fixed Point North","6.045622","5.98559","0.8498546","0","1763871641547"
"313.09","36757301","-45.858724089","170.546582831","0.0","-45.85867038264468","170.54657178566612","GPS Fixed Point North","6.0306997","5.9693837","0.85778296","0","1763871641768"
"313.09","36757301","-45.858724089","170.546582831","0.0","-45.85867051273227","170.54657169090706","GPS Fixed Point North","6.0174413","5.954925","0.865142","0","1763871641943"
"313.09","36757301","-45.858724089","170.546582831","0.0","-45.85867064979948","170.54657160117324","GPS Fixed Point North","6.0033736","5.93969","0.8721107","0","1763871642158"
"313.09","36757301","-45.858724089","170.546582831","0.0","-45.85867077336577","170.54657151021627","GPS Fixed Point North","5.990818","5.925956","0.8791745","0","1763871642329"
"313.09","36757301","-45.858724089","170.546582831","0.0","-45.85867090615397","170.54657139804746","GPS Fixed Point North","5.9775066","5.9111967","0.8878855","0","1763871642549"
"313.09","36757301","-45.858724089","170.546582831","0.0","-45.85867102252006","170.54657128680478","GPS Fixed Point North","5.9660087","5.8982625","0.8965246","0","1763871642720"
"313.09","36757301","-45.858724089","170.546582831","0.0","-45.85867113108202","170.54657115689577","GPS Fixed Point North","5.955607","5.886196","0.9066134","0","1763871642944"
"313.09","36757301","-45.858724089","170.546582831","0.0","-45.85867125401652","170.54657103660432","GPS Fixed Point North","5.9435353","5.8725324","0.91595525","0","1763871643149"
"313.09","36757301","-45.858724089","170.546582831","0.0","-45.85867136426181","170.54657092405083","GPS Fixed Point North","5.932784","5.8602786","0.9246962","0","1763871643322"
"313.09","36757301","-45.858724089","170.546582831","0.0","-45.85867146439854","170.546570817194","GPS Fixed Point North","5.923092","5.8491488","0.9329947","0","1763871643539"
"313.09","36757301","-45.858724089","170.546582831","0.0","-45.858671556771824","170.54657071992716","GPS Fixed Point North","5.9141498","5.8388815","0.9405485","0","1763871643759"
"313.09","36757301","-45.858724089","170.546582831","0.0","-45.85867164324488","170.54657065093727","GPS Fixed Point North","5.9055166","5.82927","0.9459062","0","1763871643933"
"313.09","36757301","-45.858724089","170.546582831","0.0","-45.85867172552033","170.54657058032907","GPS Fixed Point North","5.8973722","5.820125","0.9513897","0","1763871644159"
"313.09","36757301","-45.858724089","170.546582831","0.0","-45.85867180481675","170.54657050689323","GPS Fixed Point North","5.8895984","5.8113117","0.9570927","0","1763871644333"
"313.09","36757301","-45.858724089","170.546582831","0.0","-45.858671882423415","170.5465704294305","GPS Fixed Point North","5.8820696","5.8026857","0.9631085","0","1763871644553"
"313.09","36757301","-45.858724089","170.546582831","0.0","-45.85867195962317","170.54657035395348","GPS Fixed Point North","5.8745685","5.794105","0.96897006","0","1763871644761"
"313.09","36757301","-45.858724089","170.546582831","0.0","-45.85867204215347","170.54657029912167","GPS Fixed Point North","5.866226","5.784932","0.97322834","0","1763871644934"
"313.09","36757301","-45.858724089","170.546582831","0.0","-45.858672149216275","170.546570235448","GPS Fixed Point North","5.8553157","5.773032","0.9781732","0","1763871645161"
"313.09","36757301","-45.858724089","170.546582831","0.0","-45.85867225232774","170.5465701648413","GPS Fixed Point North","5.844937","5.7615714","0.9836565","0","1763871645331"
"313.09","36757301","-45.858724089","170.546582831","0.0","-45.858672352864964","170.54657009303074","GPS Fixed Point North","5.8348646","5.7503967","0.9892334","0","1763871645552"
"313.09","36757301","-45.858724089","170.546582831","0.0","-45.85867245109778","170.54657004051066","GPS Fixed Point North","5.824799","5.7394786","0.9933121","0","1763871645721"
"313.09","36757301","-45.858724089","170.546582831","0.0","-45.85867254814841","170.54656997792327","GPS Fixed Point North","5.8150024","5.728691","0.99817264","0","1763871645951"
"313.09","36757301","-45.858724089","170.546582831","0.0","-45.858672644680766","170.54656990662082","GPS Fixed Point North","5.8053875","5.717962","1.00371","0","1763871646167"
"313.09","36757301","-45.858724089","170.546582831","0.0","-45.858672740808345","170.54656983276374","GPS Fixed Point North","5.7958603","5.7072773","1.0094458","0","1763871646329"
"313.09","36757301","-45.858724089","170.546582831","0.0","-45.85867283659326","170.54656977641505","GPS Fixed Point North","5.7861423","5.696631","1.0138218","0","1763871646551"
"313.09","36757301","-45.858724089","170.546582831","0.0","-45.858672932378184","170.5465697146641","GPS Fixed Point North","5.7765045","5.6859846","1.0186174","0","1763871646723"
"313.09","36757301","-45.858724089","170.546582831","0.0","-45.85867302783544","170.54656966822137","GPS Fixed Point North","5.7666993","5.675375","1.0222242","0","1763871646946"
"313.09","36757301","-45.858724089","170.546582831","0.0","-45.85867311730251","170.54656961464266","GPS Fixed Point North","5.757653","5.6654305","1.0263851","0","1763871647171"
"313.09","36757301","-45.858724089","170.546582831","0.0","-45.85867318208288","170.54656958047292","GPS Fixed Point North","5.751043","5.6582303","1.0290387","0","1763871647337"
"313.09","36757301","-45.858724089","170.546582831","0.0","-45.85867325155345","170.54656955623287","GPS Fixed Point North","5.7437835","5.650509","1.0309212","0","1763871647551"
"313.09","36757301","-45.858724089","170.546582831","0.0","-45.85867332677004","170.54656952025877","GPS Fixed Point North","5.736062","5.6421485","1.033715","0","1763871647725"
"313.09","36757301","-45.858724089","170.546582831","0.0","-45.858673407004495","170.54656949876798","GPS Fixed Point North","5.727592","5.6332307","1.0353839","0","1763871647930"
"313.09","36757301","-45.858724089","170.546582831","0.0","-45.85867349250741","170.5465694835666","GPS Fixed Point North","5.718459","5.6237273","1.0365645","0","1763871648156"
"313.09","36757301","-45.858724089","170.546582831","0.0","-45.858673588052454","170.54656945358988","GPS Fixed Point North","5.708439","5.6131077","1.0388925","0","1763871648321"
"313.09","36757301","-45.858724089","170.546582831","0.0","-45.858673711903585","170.54656943469143","GPS Fixed Point North","5.6951714","5.5993414","1.0403601","0","1763871648545"
"313.09","36757301","-45.858724089","170.546582831","0.0","-45.85867383391719","170.54656941977683","GPS Fixed Point North","5.6820507","5.58578","1.0415184","0","1763871648761"
"313.09","36757301","-45.858724089","170.546582831","0.0","-45.85867395411254","170.54656938881217","GPS Fixed Point North","5.66936","5.5724206","1.0439231","0","1763871648933"
"313.09","36757301","-45.858724089","170.546582831","0.0","-45.85867406660226","170.54656936860061","GPS Fixed Point North","5.6573615","5.5599174","1.0454928","0","1763871649148"
"313.09","36757301","-45.858724089","170.546582831","0.0","-45.85867415777195","170.54656935210926","GPS Fixed Point North","5.64764","5.549784","1.0467736","0","1763871649322"
"313.09","36757301","-45.858724089","170.546582831","0.0","-45.85867427047797","170.54656931857915","GPS Fixed Point North","5.6358147","5.5372567","1.0493774","0","1763871649532"
"313.09","36757301","-45.858724089","170.546582831","0.0","-45.85867435583524","170.54656928976328","GPS Fixed Point North","5.626911","5.5277696","1.0516152","0","1763871649751"
"313.09","36757301","-45.858724089","170.546582831","0.0","-45.858674443169235","170.54656924513793","GPS Fixed Point North","5.6180253","5.5180626","1.0550809","0","1763871649921"
"313.09","36757301","-45.858724089","170.546582831","0.0","-45.85867453337303","170.54656921256037","GPS Fixed Point North","5.6086545","5.5080366","1.0576109","0","1763871650142"
"313.09","36757301","-45.858724089","170.546582831","0.0","-45.8586746261361","170.5465691833355","GPS Fixed Point North","5.5989585","5.497726","1.0598805","0","1763871650362"
"313.09","36757301","-45.858724089","170.546582831","0.0","-45.858674720955136","170.54656914309075","GPS Fixed Point North","5.5892043","5.487187","1.0630059","0","1763871650521"
"313.09","36757301","-45.858724089","170.546582831","0.0","-45.85867481796722","170.5465691383496","GPS Fixed Point North","5.5786886","5.476404","1.0633742","0","1763871650742"
"313.09","36757301","-45.858724089","170.546582831","0.0","-45.8586749165534","170.54656913833037","GPS Fixed Point North","5.5679326","5.4654465","1.0633756","0","1763871650963"
"313.09","36757301","-45.858724089","170.546582831","0.0","-45.85867501616116","170.5465691429585","GPS Fixed Point North","5.556997","5.4543753","1.0630162","0","1763871651132"
"313.09","36757301","-45.858724089","170.546582831","0.0","-45.858675116413536","170.54656915133603","GPS Fixed Point North","5.5459356","5.4432325","1.0623655","0","1763871651356"
"313.09","36757301","-45.858724089","170.546582831","0.0","-45.85867521697217","170.54656915670296","GPS Fixed Point North","5.534886","5.4320555","1.0619488","0","1763871651565"
"313.09","36757301","-45.858724089","170.546582831","0.0","-45.858675318372484","170.54656914385492","GPS Fixed Point North","5.5240173","5.420785","1.0629466","0","1763871651731"
"313.09","36757301","-45.858724089","170.546582831","0.0","-45.8586754207151","170.54656916038627","GPS Fixed Point North","5.5126076","5.4094095","1.0616628","0","1763871651954"
"313.09","36757301","-45.858724089","170.546582831","0.0","-45.858675518461766","170.546569175686","GPS Fixed Point North","5.5017176","5.3985453","1.0604745","0","1763871652120"
"313.09","36757301","-45.858724089","170.546582831","0.0","-45.85867558713136","170.54656918438025","GPS Fixed Point North","5.494098","5.3909125","1.0597993","0","1763871652340"
"313.09","36757301","-45.858724089","170.546582831","0.0","-45.858675637027325","170.54656916670496","GPS Fixed Point North","5.488922","5.385367","1.061172","0","1763871652558"
"313.09","36757301","-45.858724089","170.546582831","0.0","-45.85867569654783","170.54656915200488","GPS Fixed Point North","5.482652","5.3787513","1.0623137","0","1763871652725"
"313.09","36757301","-45.858724089","170.546582831","0.0","-45.85867575938787","170.54656913981646","GPS Fixed Point North","5.475984","5.3717666","1.0632602","0","1763871652940"
"313.09","36757301","-45.858724089","170.546582831","0.0","-45.858675805285394","170.5465691307816","GPS Fixed Point North","5.471116","5.3666654","1.0639619","0","1763871653166"
"313.09","36757301","-45.858724089","170.546582831","0.0","-45.85867586231088","170.54656912461974","GPS Fixed Point North","5.464992","5.360327","1.0644404","0","1763871653336"
"313.09","36757301","-45.858724089","170.546582831","0.0","-45.85867592917294","170.54656912104022","GPS Fixed Point North","5.4577575","5.3528953","1.0647184","0","1763871653555"
"313.09","36757301","-45.858724089","170.546582831","0.0","-45.858676004980616","170.54656911934197","GPS Fixed Point North","5.449519","5.3444695","1.0648502","0","1763871653774"
"313.09","36757301","-45.858724089","170.546582831","0.0","-45.858676082974924","170.54656911885456","GPS Fixed Point North","5.4410253","5.3358006","1.0648881","0","1763871653934"
"313.09","36757301","-45.858724089","170.546582831","0.0","-45.858676142671044","170.54656911899755","GPS Fixed Point North","5.4345164","5.3291655","1.064877","0","1763871654157"
"313.09","36757301","-45.858724089","170.546582831","0.0","-45.85867620723725","170.54656911936658","GPS Fixed Point North","5.4274735","5.321989","1.0648483","0","1763871654325"
"313.09","36757301","-45.858724089","170.546582831","0.0","-45.8586762558932","170.5465691150375","GPS Fixed Point North","5.422237","5.316581","1.0651846","0","1763871654541"
"313.09","36757301","-45.858724089","170.546582831","0.0","-45.858676316670845","170.5465690876039","GPS Fixed Point North","5.416033","5.3098254","1.067315","0","1763871654756"
"313.09","36757301","-45.858724089","170.546582831","0.0","-45.85867638275334","170.54656906028487","GPS Fixed Point North","5.4092507","5.3024807","1.0694367","0","1763871654946"
"313.09","36757301","-45.858724089","170.546582831","0.0","-45.85867643371156","170.5465690129895","GPS Fixed Point North","5.404427","5.2968163","1.0731096","0","1763871655142"
"313.09","36757301","-45.858724089","170.546582831","0.0","-45.85867649656017","170.54656897460447","GPS Fixed Point North","5.3981743","5.289831","1.0760906","0","1763871655365"
"313.09","36757301","-45.858724089","170.546582831","0.0","-45.858676569438096","170.54656894441402","GPS Fixed Point North","5.390705","5.2817307","1.0784352","0","1763871655544"
"313.09","36757301","-45.858724089","170.546582831","0.0","-45.858676645746925","170.54656892774963","GPS Fixed Point North","5.3826547","5.273249","1.0797293","0","1763871655745"
"313.09","36757301","-45.858724089","170.546582831","0.0","-45.8586767045307","170.54656894139572","GPS Fixed Point North","5.3760414","5.2667155","1.0786695","0","1763871655965"
"313.09","36757301","-45.858724089","170.546582831","0.0","-45.858676768276666","170.54656895554382","GPS Fixed Point North","5.36888","5.25963","1.0775708","0","1763871656141"
"313.09","36757301","-45.858724089","170.546582831","0.0","-45.8586768162837","170.5465689751995","GPS Fixed Point North","5.363346","5.2542944","1.0760444","0","1763871656359"
"313.09","36757301","-45.858724089","170.546582831","0.0","-45.858676871388134","170.54656901891536","GPS Fixed Point North","5.356665","5.2481694","1.0726494","0","1763871656525"
"313.09","36757301","-45.858724089","170.546582831","0.0","-45.85867691289529","170.54656905250084","GPS Fixed Point North","5.351623","5.243556","1.0700412","0","1763871656747"
"313.09","36757301","-45.858724089","170.546582831","0.0","-45.858676963707886","170.5465690576702","GPS Fixed Point North","5.3460093","5.2379084","1.0696397","0","1763871656962"
"313.09","36757301","-45.858724089","170.546582831","0.0","-45.858677002370946","170.54656906394584","GPS Fixed Point North","5.341701","5.233611","1.0691524","0","1763871657129"
"313.09","36757301","-45.858724089","170.546582831","0.0","-45.858677050868415","170.54656907100645","GPS Fixed Point North","5.33631","5.2282205","1.068604","0","1763871657360"
"313.09","36757301","-45.858724089","170.546582831","0.0","-45.85867708889326","170.54656907834993","GPS Fixed Point North","5.332055","5.2239943","1.0680337","0","1763871657576"
"313.09","36757301","-45.858724089","170.546582831","0.0","-45.858677137673425","170.5465690802727","GPS Fixed Point North","5.326713","5.218572","1.0678843","0","1763871657734"
"313.09","36757301","-45.858724089","170.546582831","0.0","-45.85867717074894","170.54656906287568","GPS Fixed Point North","5.323383","5.2148957","1.0692354","0","1763871657965"
"313.09","36757301","-45.858724089","170.546582831","0.0","-45.85867719583614","170.54656907411774","GPS Fixed Point North","5.320476","5.2121077","1.0683624","0","1763871658122"
"313.09","36757301","-45.858724089","170.546582831","0.0","-45.85867723412011","170.54656907924405","GPS Fixed Point North","5.3162274","5.2078524","1.0679643","0","1763871658347"
"313.09","36757301","-45.858724089","170.546582831","0.0","-45.85867725865262","170.5465690596783","GPS Fixed Point North","5.313862","5.205126","1.0694838","0","1763871658570"
"313.09","36757301","-45.858724089","170.546582831","0.0","-45.858677271954356","170.54656903865643","GPS Fixed Point North","5.3127427","5.203647","1.0711163","0","1763871658725"
"313.09","36757301","-45.858724089","170.546582831","0.0","-45.85867727652461","170.5465689976721","GPS Fixed Point North","5.3128877","5.2031393","1.0742992","0","1763871658946"
"313.09","36757301","-45.858724089","170.546582831","0.0","-45.858677273714775","170.54656896564268","GPS Fixed Point North","5.3136973","5.2034516","1.0767865","0","1763871659166"
"313.09","36757301","-45.858724089","170.546582831","0.0","-45.858677270418795","170.5465689414626","GPS Fixed Point North","5.314437","5.203818","1.0786644","0","1763871659337"
"313.09","36757301","-45.858724089","170.546582831","0.0","-45.858677287344186","170.54656892824707","GPS Fixed Point North","5.3128033","5.2019367","1.0796907","0","1763871659558"
"313.09","36757301","-45.858724089","170.546582831","0.0","-45.858677296902336","170.54656894499675","GPS Fixed Point North","5.3114986","5.2008743","1.0783899","0","1763871659733"
"313.09","36757301","-45.858724089","170.546582831","0.0","-45.858677300819394","170.54656896121517","GPS Fixed Point North","5.310817","5.200439","1.0771304","0","1763871659948"
"313.09","36757301","-45.858724089","170.546582831","0.0","-45.85867730013193","170.5465689771807","GPS Fixed Point North","5.3106403","5.2005153","1.0758905","0","1763871660166"
"313.09","36757301","-45.858724089","170.546582831","0.0","-45.85867729574585","170.54656899324848","GPS Fixed Point North","5.310865","5.2010026","1.0746427","0","1763871660325"
"313.09","36757301","-45.858724089","170.546582831","0.0","-45.858677289072496","170.54656900891644","GPS Fixed Point North","5.3113456","5.2017446","1.0734259","0","1763871660546"
"313.09","36757301","-45.858724089","170.546582831","0.0","-45.85867728057661","170.54656902981378","GPS Fixed Point North","5.3119426","5.2026887","1.071803","0","1763871660767"
"313.09","36757301","-45.858724089","170.546582831","0.0","-45.85867727128187","170.54656907406394","GPS Fixed Point North","5.312262","5.203722","1.0683665","0","1763871660934"
"313.09","36757301","-45.858724089","170.546582831","0.0","-45.85867726129326","170.54656911292946","GPS Fixed Point North","5.3127437","5.204832","1.0653483","0","1763871661146"
"313.09","36757301","-45.858724089","170.546582831","0.0","-45.85867725630966","170.54656914581534","GPS Fixed Point North","5.3127747","5.205386","1.0627943","0","1763871661375"
"313.09","36757301","-45.858724089","170.546582831","0.0","-45.858677270710054","170.54656917957914","GPS Fixed Point North","5.3106823","5.2037854","1.0601722","0","1763871661539"
"313.09","36757301","-45.858724089","170.546582831","0.0","-45.85867726178798","170.5465692336983","GPS Fixed Point North","5.310817","5.2047772","1.0559694","0","1763871661756"
"313.09","36757301","-45.858724089","170.546582831","0.0","-45.85867727835786","170.54656927911012","GPS Fixed Point North","5.3083115","5.202935","1.0524427","0","1763871661930"
"313.09","36757301","-45.858724089","170.546582831","0.0","-45.858677291066364","170.5465693164611","GPS Fixed Point North","5.3063526","5.201523","1.049542","0","1763871662147"
"313.09","36757301","-45.858724089","170.546582831","0.0","-45.85867730060737","170.54656934630947","GPS Fixed Point North","5.304855","5.2004623","1.0472239","0","1763871662378"
"313.09","36757301","-45.858724089","170.546582831","0.0","-45.858677307117965","170.546569374854","GPS Fixed Point North","5.3037086","5.1997385","1.0450071","0","1763871662537"
"313.09","36757301","-45.858724089","170.546582831","0.0","-45.858677316562606","170.54656942045725","GPS Fixed Point North","5.3019824","5.198689","1.0414655","0","1763871662758"
"313.09","36757301","-45.858724089","170.546582831","0.0","-45.858677348652954","170.54656946014842","GPS Fixed Point North","5.29788","5.1951222","1.0383831","0","1763871662978"
"313.09","36757301","-45.858724089","170.546582831","0.0","-45.858677374476876","170.54656951466504","GPS Fixed Point North","5.294237","5.1922517","1.0341494","0","1763871663135"
"313.09","36757301","-45.858724089","170.546582831","0.0","-45.85867739470896","170.54656955770437","GPS Fixed Point North","5.2913795","5.190003","1.0308069","0","1763871663367"
"313.09","36757301","-45.858724089","170.546582831","0.0","-45.85867740995103","170.54656959608633","GPS Fixed Point North","5.289138","5.188309","1.0278262","0","1763871663527"
"313.09","36757301","-45.858724089","170.546582831","0.0","-45.85867742126532","170.54656964995718","GPS Fixed Point North","5.2870927","5.1870513","1.0236425","0","1763871663745"
"313.09","36757301","-45.858724089","170.546582831","0.0","-45.85867742316282","170.54656969700648","GPS Fixed Point North","5.2861795","5.1868405","1.0199887","0","1763871663979"
"313.09","36757301","-45.858724089","170.546582831","0.0","-45.85867739710974","170.5465697520889","GPS Fixed Point North","5.2881975","5.1897364","1.015711","0","1763871664142"
"313.09","36757301","-45.858724089","170.546582831","0.0","-45.85867737845818","170.54656976786916","GPS Fixed Point North","5.2899966","5.191809","1.0144855","0","1763871664358"
"313.09","36757301","-45.858724089","170.546582831","0.0","-45.858677391894844","170.5465697760245","GPS Fixed Point North","5.2884097","5.1903157","1.0138521","0","1763871664526"
"313.09","36757301","-45.858724089","170.546582831","0.0","-45.85867742749536","170.54656977871608","GPS Fixed Point North","5.284486","5.186359","1.0136431","0","1763871664771"
"313.09","36757301","-45.858724089","170.546582831","0.0","-45.858677456246895","170.54656977186994","GPS Fixed Point North","5.2814517","5.183163","1.0141748","0","1763871664970"
"313.09","36757301","-45.858724089","170.546582831","0.0","-45.858677479033965","170.54656973674","GPS Fixed Point North","5.279491","5.1806307","1.016903","0","1763871665144"
"313.09","36757301","-45.858724089","170.546582831","0.0","-45.85867750187242","170.54656970350584","GPS Fixed Point North","5.2774982","5.178092","1.0194839","0","1763871665356"
"313.09","36757301","-45.858724089","170.546582831","0.0","-45.858677544467525","170.5465696717232","GPS Fixed Point North","5.2733307","5.1733575","1.0219522","0","1763871665578"
"313.09","36757301","-45.858724089","170.546582831","0.0","-45.858677578223016","170.5465696421462","GPS Fixed Point North","5.270096","5.1696057","1.0242492","0","1763871665748"
"313.09","36757301","-45.858724089","170.546582831","0.0","-45.85867760399125","170.54656961566823","GPS Fixed Point North","5.267687","5.166742","1.0263054","0","1763871665971"
"313.09","36757301","-45.858724089","170.546582831","0.0","-45.858677628108275","170.5465695869254","GPS Fixed Point North","5.265493","5.164061","1.0285376","0","1763871666137"
"313.09","36757301","-45.858724089","170.546582831","0.0","-45.85867767032752","170.54656953681322","GPS Fixed Point North","5.2616534","5.1593685","1.0324293","0","1763871666361"
"313.09","36757301","-45.858724089","170.546582831","0.0","-45.85867770226261","170.5465695001933","GPS Fixed Point North","5.258732","5.155819","1.0352733","0","1763871666578"
"313.09","36757301","-45.858724089","170.546582831","0.0","-45.85867772538163","170.54656949530838","GPS Fixed Point North","5.256287","5.1532493","1.0356526","0","1763871666738"
"313.09","36757301","-45.858724089","170.546582831","0.0","-45.85867774117945","170.54656949263298","GPS Fixed Point North","5.2546067","5.1514935","1.0358604","0","1763871666959"
"313.09","36757301","-45.858724089","170.546582831","0.0","-45.858677751185205","170.54656949207407","GPS Fixed Point North","5.253525","5.150381","1.0359038","0","1763871667179"
"313.09","36757301","-45.858724089","170.546582831","0.0","-45.85867776142118","170.54656949275295","GPS Fixed Point North","5.2523994","5.1492434","1.0358511","0","1763871667345"
"313.09","36757301","-45.858724089","170.546582831","0.0","-45.858677797265834","170.54656949418518","GPS Fixed Point North","5.2484717","5.1452594","1.0357399","0","1763871667555"
"313.09","36757301","-45.858724089","170.546582831","0.0","-45.85867784970928","170.5465694961287","GPS Fixed Point North","5.2427273","5.1394305","1.0355889","0","1763871667778"
"313.09","36757301","-45.858724089","170.546582831","0.0","-45.85867789031266","170.54656950387505","GPS Fixed Point North","5.2381845","5.1349173","1.0349873","0","1763871667941"
"313.09","36757301","-45.858724089","170.546582831","0.0","-45.85867792041664","170.54656953595676","GPS Fixed Point North","5.2344127","5.1315713","1.0324959","0","1763871668150"
"313.09","36757301","-45.858724089","170.546582831","0.0","-45.85867794677062","170.54656956279146","GPS Fixed Point North","5.23113","5.128642","1.0304118","0","1763871668328"
"313.09","36757301","-45.858724089","170.546582831","0.0","-45.858677989281134","170.5465695898199","GPS Fixed Point North","5.226084","5.123917","1.0283128","0","1763871668541"
"313.09","36757301","-45.858724089","170.546582831","0.0","-45.858678020400255","170.54656963708757","GPS Fixed Point North","5.2219715","5.1204586","1.024642","0","1763871668762"
"313.09","36757301","-45.858724089","170.546582831","0.0","-45.85867804757447","170.54656967559023","GPS Fixed Point North","5.218424","5.117438","1.0216519","0","1763871668928"
"313.09","36757301","-45.858724089","170.546582831","0.0","-45.85867809104122","170.54656971151823","GPS Fixed Point North","5.21314","5.112607","1.0188618","0","1763871669148"
"313.09","36757301","-45.858724089","170.546582831","0.0","-45.85867812296775","170.5465697640621","GPS Fixed Point North","5.2088633","5.1090584","1.0147811","0","1763871669369"
"313.09","36757301","-45.858724089","170.546582831","0.0","-45.85867815089903","170.54656980551772","GPS Fixed Point North","5.2051916","5.1059537","1.0115618","0","1763871669529"
"313.09","36757301","-45.858724089","170.546582831","0.0","-45.85867820055193","170.54656983706127","","5.199302","5.100435","1.009112","0","1763871669739"
"313.09","36757301","-45.858724089","170.546582831","0.0","-45.85867826269915","170.5465698592555","","5.1921916","5.0935273","1.0073884","0","1763871669961"
"313.09","36757301","-45.858724089","170.546582831","0.0","-45.858678315304296","170.54656986963883","","5.1862993","5.0876803","1.006582","0","1763871670140"
"313.09","36757301","-45.858724089","170.546582831","0.0","-45.858678378886424","170.5465698504836","","5.179656","5.080613","1.0080696","0","1763871670351"
"313.09","36757301","-45.858724089","170.546582831","0.0","-45.8586784321287","170.5465698319457","","5.1741323","5.0746956","1.0095093","0","1763871670568"
"313.09","36757301","-45.858724089","170.546582831","0.0","-45.85867850128124","170.54656981430807","","5.1668615","5.067009","1.010879","0","1763871670731"
"313.09","36757301","-45.858724089","170.546582831","0.0","-45.85867857849277","170.54656979775442","","5.158698","5.0584273","1.0121646","0","1763871670949"
"313.09","36757301","-45.858724089","170.546582831","0.0","-45.85867864219697","170.5465697827084","","5.1519847","5.051347","1.0133331","0","1763871671169"
"313.09","36757301","-45.858724089","170.546582831","0.0","-45.85867871359823","170.54656976915305","","5.1444116","5.0434103","1.0143858","0","1763871671349"
"313.09","36757301","-45.858724089","170.546582831","0.0","-45.858678772041486","170.5465697520251","","5.138306","5.036915","1.015716","0","1763871671559"
"313.09","36757301","-45.858724089","170.546582831","0.0","-45.85867884394067","170.54656971714576","","5.1310096","5.028923","1.0184246","0","1763871671720"
"313.09","36757301","-45.858724089","170.546582831","0.0","-45.8586789275268","170.5465697129474","","5.1219687","5.019633","1.0187508","0","1763871671942"
"313.09","36757301","-45.858724089","170.546582831","0.0","-45.85867901509424","170.54656970933868","","5.112487","5.0098996","1.0190309","0","1763871672161"
"313.09","36757301","-45.858724089","170.546582831","0.0","-45.85867907563202","170.54656970678397","","5.1059327","5.003171","1.0192294","0","1763871672331"
"313.09","36757301","-45.858724089","170.546582831","0.0","-45.85867909291078","170.54656971013517","","5.103999","5.0012503","1.0189692","0","1763871672554"
"313.09","36757301","-45.858724089","170.546582831","0.0","-45.85867909933358","170.54656974321935","","5.102787","5.0005364","1.0163999","0","1763871672722"
"313.09","36757301","-45.858724089","170.546582831","0.0","-45.85867910218731","170.5465698012955","","5.1015797","5.0002193","1.0118896","0","1763871672944"
"313.09","36757301","-45.858724089","170.546582831","0.0","-45.858679122084226","170.54656988564585","","5.0981164","4.998008","1.0053389","0","1763871673173"
"313.09","36757301","-45.858724089","170.546582831","0.0","-45.8586791260634","170.54657001156178","","5.095763","4.9975657","0.9955603","0","1763871673333"
"313.09","36757301","-45.858724089","170.546582831","0.0","-45.858679097700566","170.54657013204616","","5.0970364","5.000718","0.98620343","0","1763871673550"
"313.09","36757301","-45.858724089","170.546582831","0.0","-45.85867907276758","170.54657021352202","","5.0985355","5.0034895","0.979876","0","1763871673722"
"313.09","36757301","-45.858724089","170.546582831","0.0","-45.85867909575917","170.54657033403024","","5.0942364","5.0009336","0.9705173","0","1763871673943"
"313.09","36757301","-45.858724089","170.546582831","0.0","-45.858679066198086","170.5465703605882","","5.0970697","5.0042195","0.9684548","0","1763871674160"
"313.09","36757301","-45.858724089","170.546582831","0.2","-45.85867923927485","170.54657067182228","","5.07363","4.9849825","0.9442843","0","1763871674334"
"313.09","36757301","-45.858724089","170.546582831","0.3","-45.85867971146292","170.54657166492152","","5.008145","4.9324994","0.86716","0","1763871674557"
"313.09","36757301","-45.858724089","170.546582831","0.4","-45.858680734082846","170.54657332978852","","4.875001","4.8188367","0.7378661","0","1763871674770"
"313.09","36757301","-45.858724089","170.546582831","0.5","-45.8586822654283","170.54657532962804","","4.68499","4.6486297","0.58255816","0","1763871674930"
"313.09","36757301","-45.858724089","170.546582831","0.0","-45.85868355095185","170.546577520666","","4.5245795","4.5057454","0.41240165","0","1763871675154"
"313.09","36757301","-45.858724089","170.546582831","0.0","-45.858684748993646","170.54657988060276","","4.3785844","4.372585","0.22912847","0","1763871675326"
"313.09","36757301","-45.858724089","170.546582831","0.0","-45.85868630845457","170.54658213311288","","4.199603","4.199253","0.05419806","0","1763871675543"
"313.09","36757301","-45.858724089","170.546582831","0.0","-45.85868831571456","170.54658410117315","","3.9773724","3.976149","0.09864191","0","1763871675761"
"313.09","36757301","-45.858724089","170.546582831","0.0","-45.858690720676826","170.54658633047455","","3.7187848","3.708841","0.27176994","0","1763871675922"
"313.09","36757301","-45.858724089","170.546582831","0.0","-45.858693109128396","170.54658884845216","","3.4749343","3.443368","0.4673166","0","1763871676149"
"313.09","36757301","-45.858724089","170.546582831","0.0","-45.85869568266852","170.54659122945094","","3.223986","3.157323","0.6522255","0","1763871676373"
"313.09","36757301","-45.858724089","170.546582831","0.0","-45.85869822562332","170.54659289522434","","2.9790351","2.874677","0.7815898","0","1763871676533"
"313.09","36757301","-45.858724089","170.546582831","0.0","-45.858700828190585","170.5465944976293","","2.7395651","2.5854053","0.90603286","0","1763871676751"
"313.09","36757301","-45.858724089","170.546582831","0.0","-45.85870363885848","170.5465967018588","","2.51534","2.2730038","1.0772138","0","1763871676971"
"313.09","36757301","-45.858724089","170.546582831","0.0","-45.858706084660795","170.54659915574447","","2.3689451","2.0011563","1.267783","0","1763871677144"
"313.09","36757301","-45.858724089","170.546582831","0.0","-45.85870838076076","170.54660102996368","","2.2462974","1.7459482","1.4133353","0","1763871677363"
"313.09","36757301","-45.858724089","170.546582831","0.0","-45.85871045094109","170.54660227535524","","2.1396408","1.5158505","1.5100527","0","1763871677521"
"313.09","36757301","-45.858724089","170.546582831","0.0","-45.85871299444777","170.54660387857047","","2.0475414","1.2331434","1.6345588","0","1763871677742"
"313.09","36757301","-45.858724089","170.546582831","0.0","-45.85871549903119","170.54660592123363","","2.0315292","0.95476264","1.7931924","0","1763871677966"
"313.09","36757301","-45.858724089","170.546582831","0.0","-45.85871799490454","170.54660784852567","","2.057555","0.6773499","1.9428663","0","1763871678133"
"313.09","36757301","-45.858724089","170.546582831","0.0","-45.858720390906726","170.54660896811203","","2.0710132","0.41103774","2.0298135","0","1763871678355"
"313.09","36757301","-45.858724089","170.546582831","0.0","-45.85872301099315","170.54660992421003","","2.1074734","0.1198189","2.1040645","0","1763871678569"
"313.09","36757301","-45.858724089","170.546582831","0.0","-45.85872580602386","170.54661183683658","","2.2606692","0.19084473","2.2525995","0","1763871678730"
"313.09","36757301","-45.858724089","170.546582831","0.0","-45.85872786070406","170.5466151378531","","2.5437393","0.41921946","2.508957","0","1763871678954"
"313.09","36757301","-45.858724089","170.546582831","0.0","-45.85872929296754","170.54661911701848","","2.8767292","0.5784135","2.8179798","0","1763871679121"
"313.09","36757301","-45.858724089","170.546582831","-0.1","-45.85872971354954","170.54662241873308","","3.1373093","0.6251606","3.0743916","0","1763871679336"
"313.09","36757301","-45.858724089","170.546582831","-0.3","-45.858729437273496","170.54662432543995","","3.2768378","0.59445286","3.222467","0","1763871679551"
"313.09","36757301","-45.858724089","170.546582831","-0.5","-45.85872931589596","170.54662492228428","","3.3200433","0.58096194","3.268818","0","1763871679722"
"313.09","36757301","-45.858724089","170.546582831","-0.7","-45.858729592930146","170.5466247051158","","3.3089936","0.6117539","3.2519526","0","1763871679942"
"313.09","36757301","-45.858724089","170.546582831","-0.7","-45.85872995617183","170.54662429908265","","3.2857838","0.6521277","3.2204201","0","1763871680161"
"313.09","36757301","-45.858724089","170.546582831","-0.7","-45.85873016947933","170.54662389110908","","3.25957","0.6758365","3.1887367","0","1763871680325"
"313.09","36757301","-45.858724089","170.546582831","0.0","-45.85873030946773","170.546623632967","","3.243242","0.691396","3.1686893","0","1763871680546"
"313.09","36757301","-45.858724089","170.546582831","0.0","-45.858730320184506","170.54662355457478","","3.237549","0.6925872","3.1626015","0","1763871680764"
"313.09","36757301","-45.858724089","170.546582831","0.0","-45.85873023123142","170.5466235308437","","3.2336469","0.68270016","3.1607585","0","1763871680935"
"313.09","36757301","-45.858724089","170.546582831","0.0","-45.85873017156743","170.54662357861645","","3.2358813","0.6760686","3.1644685","0","1763871681150"
"313.09","36757301","-45.858724089","170.546582831","0.0","-45.85873010085471","170.54662368721608","","3.2425008","0.66820896","3.1729023","0","1763871681322"
"313.09","36757301","-45.858724089","170.546582831","0.0","-45.858730033069605","170.54662381264612","","3.2504935","0.66067475","3.1826432","0","1763871681534"
"313.09","36757301","-45.858724089","170.546582831","0.0","-45.858729937115505","170.54662392396114","","3.256813","0.65000963","3.191288","0","1763871681752"
"313.09","36757301","-45.858724089","170.546582831","0.0","-45.858729826478296","170.54662407670483","","3.2660139","0.6377124","3.20315","0","1763871681924"
"313.09","36757301","-45.858724089","170.546582831","0.0","-45.85872968320034","170.54662432784164","","3.28209","0.6217873","3.2226534","0","1763871682141"
"313.09","36757301","-45.858724089","170.546582831","0.0","-45.858729510070035","170.5466245759648","","3.2974417","0.6025441","3.2419229","0","1763871682368"
"313.09","36757301","-45.858724089","170.546582831","0.0","-45.85872931818966","170.54662476838436","","3.3083212","0.5812169","3.2568662","0","1763871682535"
"313.09","36757301","-45.858724089","170.546582831","0.0","-45.858729115990855","170.54662490554924","","3.3149462","0.55874276","3.2675183","0","1763871682750"
"313.09","36757301","-45.858724089","170.546582831","0.0","-45.85872891123065","170.5466250153574","","3.3196018","0.535984","3.276046","0","1763871682970"
"313.09","36757301","-45.858724089","170.546582831","0.0","-45.85872871017762","170.5466251619538","","3.3273149","0.51363724","3.2874308","0","1763871683126"
"313.09","36757301","-45.858724089","170.546582831","0.0","-45.858728536861","170.5466252812243","","3.3335555","0.49437335","3.2966933","0","1763871683350"
"313.09","36757301","-45.858724089","170.546582831","0.0","-45.8587283650221","170.54662536057904","","3.3368762","0.4752737","3.302856","0","1763871683565"
"313.09","36757301","-45.858724089","170.546582831","0.0","-45.858728196866835","170.54662544878414","","3.341051","0.45658347","3.309706","0","1763871683730"
"313.09","36757301","-45.858724089","170.546582831","0.0","-45.85872803868733","170.5466255133135","","3.3436618","0.43900207","3.3147175","0","1763871683949"
"313.09","36757301","-45.858724089","170.546582831","0.0","-45.85872790589912","170.54662553134014","","3.3431447","0.42424282","3.3161175","0","1763871684173"
"313.09","36757301","-45.858724089","170.546582831","0.0","-45.85872774585425","170.54662551551226","","3.3397138","0.4064541","3.3148882","0","1763871684341"
"313.09","36757301","-45.858724089","170.546582831","0.0","-45.85872756908744","170.54662549103386","","3.3354914","0.3868067","3.3129873","0","1763871684561"
"313.09","36757301","-45.858724089","170.546582831","0.0","-45.85872740514049","170.54662543318992","","3.3289628","0.36858425","3.308495","0","1763871684792"
"313.09","36757301","-45.858724089","170.546582831","0.0","-45.858727257215165","170.54662535911527","","3.3214622","0.35214254","3.3027425","0","1763871684943"
"313.09","36757301","-45.858724089","170.546582831","0.0","-45.858727149233594","170.54662531123793","","3.3165126","0.34014055","3.299024","0","1763871685174"
"313.09","36757301","-45.858724089","170.546582831","0.0","-45.85872757194011","170.5466291404272","GPS Fixed Point East","3.617175","0.38712376","3.5963998","0","1763871717544"
"313.09","36757301","-45.858724089","170.546582831","0.0","-45.85872757703935","170.54662915997608","GPS Fixed Point East","3.6187453","0.38769054","3.597918","0","1763871717768"
"313.09","36757301","-45.858724089","170.546582831","0.0","-45.85872760543538","170.54662917252588","GPS Fixed Point East","3.6200538","0.39084673","3.5988927","0","1763871717929"
"313.09","36757301","-45.858724089","170.546582831","0.0","-45.8587276281689","170.54662918415","GPS Fixed Point East","3.6212246","0.39337352","3.5997953","0","1763871718145"
"313.09","36757301","-45.858724089","170.546582831","0.0","-45.85872764108086","170.5466292138992","GPS Fixed Point East","3.6236775","0.39480868","3.6021056","0","1763871718370"
"313.09","36757301","-45.858724089","170.546582831","0.0","-45.85872762606795","170.54662923864814","GPS Fixed Point East","3.6254067","0.39314002","3.6040277","0","1763871718541"
"313.09","36757301","-45.858724089","170.546582831","0.0","-45.85872761191599","170.54662928278916","GPS Fixed Point East","3.6286445","0.39156702","3.6074557","0","1763871718749"
"313.09","36757301","-45.858724089","170.546582831","0.0","-45.85872759973433","170.54662932000485","GPS Fixed Point East","3.631372","0.39021307","3.6103458","0","1763871718976"
"313.09","36757301","-45.858724089","170.546582831","0.0","-45.85872758947372","170.54662937164002","GPS Fixed Point East","3.6352365","0.3890726","3.6143558","0","1763871719140"
"313.09","36757301","-45.858724089","170.546582831","0.0","-45.858727580504535","170.54662940891416","GPS Fixed Point East","3.6380084","0.3880757","3.6172507","0","1763871719360"
"313.09","36757301","-45.858724089","170.546582831","0.0","-45.858727571342584","170.54662943614787","GPS Fixed Point East","3.6400027","0.38705736","3.6193657","0","1763871719569"
"313.09","36757301","-45.858724089","170.546582831","0.0","-45.85872756275032","170.54662945806155","GPS Fixed Point East","3.6415935","0.38610235","3.6210675","0","1763871719740"
"313.09","36757301","-45.858724089","170.546582831","0.0","-45.85872755413878","170.54662949555401","GPS Fixed Point East","3.6443875","0.3851452","3.623979","0","1763871719950"
"313.09","36757301","-45.858724089","170.546582831","0.0","-45.85872754036802","170.54662952108407","GPS Fixed Point East","3.6461978","0.38361457","3.6259618","0","1763871720171"
"313.09","36757301","-45.858724089","170.546582831","0.0","-45.858727502715816","170.54662954082667","GPS Fixed Point East","3.6472847","0.37942958","3.627495","0","1763871720339"
"313.09","36757301","-45.858724089","170.546582831","0.0","-45.85872746807263","170.54662957774715","GPS Fixed Point East","3.649738","0.37557906","3.6303623","0","1763871720549"
"313.09","36757301","-45.858724089","170.546582831","0.0","-45.858727439685175","170.54662960179496","GPS Fixed Point East","3.6512725","0.37242383","3.6322298","0","1763871720772"
"313.09","36757301","-45.858724089","170.546582831","0.0","-45.85872741683385","170.54662961608835","GPS Fixed Point East","3.6521187","0.36988392","3.63334","0","1763871720951"
"313.09","36757301","-45.858724089","170.546582831","0.0","-45.85872739999199","170.54662962174055","GPS Fixed Point East","3.6523664","0.36801198","3.6337788","0","1763871721159"
"313.09","36757301","-45.858724089","170.546582831","0.0","-45.85872738804377","170.54662962654393","GPS Fixed Point East","3.6526039","0.36668396","3.6341517","0","1763871721329"
"313.09","36757301","-45.858724089","170.546582831","0.0","-45.85872737987341","170.54662965018585","GPS Fixed Point East","3.6543398","0.36577582","3.6359878","0","1763871721546"
"313.09","36757301","-45.858724089","170.546582831","0.0","-45.85872737442722","170.54662966123803","GPS Fixed Point East","3.6551332","0.3651705","3.636846","0","1763871721759"
"313.09","36757301","-45.858724089","170.546582831","0.0","-45.85872737142463","170.54662964660636","GPS Fixed Point East","3.6539693","0.36483675","3.6357098","0","1763871721929"
"313.09","36757301","-45.858724089","170.546582831","0.0","-45.858727370964175","170.54662965584419","GPS Fixed Point East","3.6546779","0.36478558","3.6364272","0","1763871722149"
"313.09","36757301","-45.858724089","170.546582831","0.0","-45.8587273665631","170.54662965989107","GPS Fixed Point East","3.6549418","0.3642964","3.6367416","0","1763871722369"
"313.09","36757301","-45.858724089","170.546582831","0.0","-45.8587273375203","170.54662966451616","GPS Fixed Point East","3.654979","0.36106834","3.6371007","0","1763871722540"
"313.09","36757301","-45.858724089","170.546582831","0.0","-45.85872731316555","170.54662968526125","GPS Fixed Point East","3.6563158","0.35836136","3.6387117","0","1763871722751"
"313.09","36757301","-45.858724089","170.546582831","0.0","-45.85872729346246","170.54662967372317","GPS Fixed Point East","3.65521","0.35617137","3.6378157","0","1763871722971"
"313.09","36757301","-45.858724089","170.546582831","0.0","-45.85872727800194","170.54662966676716","GPS Fixed Point East","3.6545053","0.35445297","3.6372755","0","1763871723139"
"313.09","36757301","-45.858724089","170.546582831","0.0","-45.85872726670907","170.54662968391432","GPS Fixed Point East","3.6557093","0.35319778","3.6386073","0","1763871723359"
"313.09","36757301","-45.858724089","170.546582831","0.0","-45.858727258733595","170.54662969655945","GPS Fixed Point East","3.6566012","0.3523113","3.6395893","0","1763871723580"
"313.09","36757301","-45.858724089","170.546582831","0.0","-45.85872725354653","170.54662970983185","GPS Fixed Point East","3.6575716","0.3517348","3.64062","0","1763871723742"
"313.09","36757301","-45.858724089","170.546582831","0.0","-45.85872725029981","170.54662974391704","GPS Fixed Point East","3.6601717","0.3513739","3.643267","0","1763871723954"
"313.09","36757301","-45.858724089","170.546582831","0.0","-45.858727248162445","170.5466297702405","GPS Fixed Point East","3.6621838","0.35113636","3.6453114","0","1763871724138"
"313.09","36757301","-45.858724089","170.546582831","0.0","-45.85872724607864","170.54662979460198","GPS Fixed Point East","3.6640449","0.35090473","3.6472032","0","1763871724362"
"313.09","36757301","-45.858724089","170.546582831","0.0","-45.8587272450121","170.54662983742065","GPS Fixed Point East","3.6673436","0.35078618","3.6505284","0","1763871724583"
"313.09","36757301","-45.858724089","170.546582831","0.0","-45.85872724523911","170.5466298751407","GPS Fixed Point East","3.6702619","0.35081142","3.6534579","0","1763871724744"
"313.09","36757301","-45.858724089","170.546582831","0.0","-45.85872724139058","170.5466299287532","GPS Fixed Point East","3.6743655","0.35038367","3.6576214","0","1763871724971"
"313.09","36757301","-45.858724089","170.546582831","0.0","-45.858727214018266","170.54662997114133","GPS Fixed Point East","3.6773539","0.34734127","3.6609132","0","1763871725131"
"313.09","36757301","-45.858724089","170.546582831","0.0","-45.85872719291453","170.5466300034798","GPS Fixed Point East","3.6796334","0.34499562","3.6634247","0","1763871725354"
"313.09","36757301","-45.858724089","170.546582831","0.0","-45.85872717586063","170.54663003410238","GPS Fixed Point East","3.681824","0.3431001","3.665803","0","1763871725571"
"313.09","36757301","-45.858724089","170.546582831","0.0","-45.85872716291655","170.5466300812693","GPS Fixed Point East","3.6853373","0.3416614","3.6694658","0","1763871725739"
"313.09","36757301","-45.858724089","170.546582831","0.0","-45.85872715290437","170.54663012299937","GPS Fixed Point East","3.6884613","0.34054855","3.6727066","0","1763871725954"
"313.09","36757301","-45.858724089","170.546582831","0.0","-45.858727145314404","170.54663017997615","GPS Fixed Point East","3.6927896","0.33970493","3.6771314","0","1763871726171"
"313.09","36757301","-45.858724089","170.546582831","0.0","-45.85872714064776","170.5466302281825","GPS Fixed Point East","3.6964698","0.33918625","3.680875","0","1763871726332"
"313.09","36757301","-45.858724089","170.546582831","0.0","-45.85872713762162","170.54663028691212","GPS Fixed Point East","3.7009807","0.3388499","3.685436","0","1763871726552"
"313.09","36757301","-45.858724089","170.546582831","0.0","-45.858727136428726","170.54663030480341","GPS Fixed Point East","3.702352","0.3387173","3.6868255","0","1763871726722"
"313.09","36757301","-45.858724089","170.546582831","0.0","-45.85872713621242","170.54663031985947","GPS Fixed Point East","3.7035143","0.33869326","3.6879947","0","1763871726942"
"313.09","36757301","-45.858724089","170.546582831","0.0","-45.85872713665146","170.546630352118","GPS Fixed Point East","3.7060134","0.33874208","3.6905","0","1763871727171"
"313.09","36757301","-45.858724089","170.546582831","0.0","-45.858727137411734","170.54663037586445","GPS Fixed Point East","3.7078576","0.33882657","3.6923442","0","1763871727342"
"313.09","36757301","-45.858724089","170.546582831","0.0","-45.858727138369055","170.54663039076055","GPS Fixed Point East","3.7090194","0.33893296","3.693501","0","1763871727552"
"313.09","36757301","-45.858724089","170.546582831","0.0","-45.85872713972257","170.546630395072","GPS Fixed Point East","3.7093666","0.3390834","3.6938357","0","1763871727762"
"313.09","36757301","-45.858724089","170.546582831","0.0","-45.8587271412774","170.54663037185443","GPS Fixed Point East","3.7075868","0.33925623","3.6920328","0","1763871727937"
"313.09","36757301","-45.858724089","170.546582831","0.0","-45.85872714347688","170.5466303508018","GPS Fixed Point East","3.705981","0.3395007","3.6903977","0","1763871728153"
"313.09","36757301","-45.858724089","170.546582831","0.0","-45.85872714585409","170.5466303363916","GPS Fixed Point East","3.704891","0.33976492","3.6892786","0","1763871728323"
"313.09","36757301","-45.858724089","170.546582831","0.0","-45.85872714797646","170.54663034772048","GPS Fixed Point East","3.7057886","0.3400008","3.6901586","0","1763871728544"
"313.09","36757301","-45.858724089","170.546582831","0.0","-45.85872715003672","170.54663035590045","GPS Fixed Point East","3.7064424","0.3402298","3.6907938","0","1763871728772"
"313.09","36757301","-45.858724089","170.546582831","0.0","-45.858727151929926","170.54663036142344","GPS Fixed Point East","3.7068887","0.34044024","3.6912227","0","1763871728938"
"313.09","36757301","-45.858724089","170.546582831","0.0","-45.858727153767454","170.54663036461548","GPS Fixed Point East","3.7071543","0.34064448","3.6914706","0","1763871729153"
"313.09","36757301","-45.858724089","170.546582831","0.0","-45.85872715965911","170.54663036553185","GPS Fixed Point East","3.7072854","0.34129933","3.6915417","0","1763871729322"
"313.09","36757301","-45.858724089","170.546582831","0.0","-45.85872718585568","170.54663037045216","GPS Fixed Point East","3.707935","0.34421104","3.6919239","0","1763871729546"
"313.09","36757301","-45.858724089","170.546582831","0.0","-45.858727182058544","170.54663040392234","GPS Fixed Point East","3.710484","0.343789","3.694523","0","1763871729753"
"313.09","36757301","-45.858724089","170.546582831","0.0","-45.85872717818859","170.54663045688287","GPS Fixed Point East","3.7145395","0.34335884","3.698636","0","1763871729922"
"313.09","36757301","-45.858724089","170.546582831","0.0","-45.858727169819055","170.54663049972615","GPS Fixed Point East","3.7177668","0.3424286","3.7019634","0","1763871730142"
"313.09","36757301","-45.858724089","170.546582831","0.0","-45.85872713752953","170.546630533061","GPS Fixed Point East","3.7200158","0.33883965","3.7045522","0","1763871730362"
"313.09","36757301","-45.858724089","170.546582831","0.0","-45.858727105672614","170.5466305571088","GPS Fixed Point East","3.721555","0.3352988","3.7064197","0","1763871730524"
"313.09","36757301","-45.858724089","170.546582831","0.0","-45.85872705119139","170.5466305747849","GPS Fixed Point East","3.7223816","0.3292433","3.7077923","0","1763871730741"
"313.09","36757301","-45.858724089","170.546582831","0.0","-45.85872700676304","170.54663058560334","GPS Fixed Point East","3.722785","0.32430515","3.7086325","0","1763871730961"
"313.09","36757301","-45.858724089","170.546582831","0.0","-45.858726970192365","170.54663059219035","GPS Fixed Point East","3.7229428","0.32024038","3.709144","0","1763871731122"
"313.09","36757301","-45.858724089","170.546582831","0.0","-45.85872694077906","170.54663059992134","GPS Fixed Point East","3.723261","0.31697112","3.7097445","0","1763871731343"
"313.09","36757301","-45.858724089","170.546582831","0.0","-45.85872691747372","170.54663062816368","GPS Fixed Point East","3.725227","0.31438076","3.711938","0","1763871731563"
"313.09","36757301","-45.858724089","170.546582831","0.0","-45.85872689935115","170.54663065426573","GPS Fixed Point East","3.7270775","0.3123665","3.713965","0","1763871731737"
"313.09","36757301","-45.858724089","170.546582831","0.0","-45.85872688618219","170.5466306986712","GPS Fixed Point East","3.7303917","0.31090277","3.7174134","0","1763871731953"
"313.09","36757301","-45.858724089","170.546582831","0.0","-45.85872687730938","170.54663073858688","GPS Fixed Point East","3.733399","0.30991656","3.7205133","0","1763871732121"
"313.09","36757301","-45.858724089","170.546582831","0.0","-45.858726877073785","170.54663079328188","GPS Fixed Point East","3.7376297","0.3098904","3.724761","0","1763871732344"
"313.09","36757301","-45.858724089","170.546582831","0.0","-45.85872690580391","170.54663083858526","GPS Fixed Point East","3.7414017","0.3130837","3.728279","0","1763871732563"
"313.09","36757301","-45.858724089","170.546582831","0.0","-45.85872693154002","170.5466308716249","GPS Fixed Point East","3.7441988","0.31594422","3.730845","0","1763871732724"
"313.09","36757301","-45.858724089","170.546582831","0.0","-45.858726954481284","170.54663089466405","GPS Fixed Point East","3.7461977","0.3184941","3.7326343","0","1763871732952"
"313.09","36757301","-45.858724089","170.546582831","0.0","-45.858726974998206","170.5466309103413","GPS Fixed Point East","3.747605","0.32077453","3.7338517","0","1763871733175"
"313.09","36757301","-45.858724089","170.546582831","0.0","-45.8587269979202","170.54663091962217","GPS Fixed Point East","3.748542","0.3233223","3.7345724","0","1763871733334"
"313.09","36757301","-45.858724089","170.546582831","0.0","-45.85872704161825","170.5466309233308","GPS Fixed Point East","3.7492511","0.32817927","3.7348604","0","1763871733552"
"313.09","36757301","-45.858724089","170.546582831","0.0","-45.858727079790874","170.54663092179325","GPS Fixed Point East","3.749506","0.3324221","3.7347412","0","1763871733775"
"313.09","36757301","-45.858724089","170.546582831","0.0","-45.85872710898573","170.5466309170759","GPS Fixed Point East","3.7494302","0.33566707","3.7343748","0","1763871733944"
"313.09","36757301","-45.858724089","170.546582831","0.0","-45.858727126810614","170.5466309156244","GPS Fixed Point East","3.7494957","0.33764827","3.734262","0","1763871734166"
"313.09","36757301","-45.858724089","170.546582831","0.0","-45.858727115295004","170.54663093703994","GPS Fixed Point East","3.7510371","0.33636832","3.7359252","0","1763871734337"
"313.09","36757301","-45.858724089","170.546582831","0.0","-45.85872710392503","170.54663095325836","GPS Fixed Point East","3.7521787","0.33510458","3.7371848","0","1763871734553"
"313.09","36757301","-45.858724089","170.546582831","0.0","-45.858727093675135","170.54663097015333","GPS Fixed Point East","3.7533839","0.3339653","3.7384968","0","1763871734765"
"313.09","36757301","-45.858724089","170.546582831","0.0","-45.85872708428404","170.54663100730755","GPS Fixed Point East","3.7561653","0.3329215","3.7413821","0","1763871734940"
"313.09","36757301","-45.858724089","170.546582831","0.0","-45.858727075484026","170.5466310357898","GPS Fixed Point East","3.758282","0.3319434","3.7435942","0","1763871735154"
"313.09","36757301","-45.858724089","170.546582831","0.0","-45.858727061938154","170.54663105246337","GPS Fixed Point East","3.759439","0.33043778","3.744889","0","1763871735325"
"313.09","36757301","-45.858724089","170.546582831","0.0","-45.858727025633044","170.54663103948","GPS Fixed Point East","3.7580822","0.32640252","3.7438807","0","1763871735548"
"313.09","36757301","-45.858724089","170.546582831","0.0","-45.85872699922018","170.54663102568475","GPS Fixed Point East","3.7567608","0.32346678","3.7428093","0","1763871735753"
"313.09","36757301","-45.858724089","170.546582831","0.0","-45.85872700477131","170.54663101220322","GPS Fixed Point East","3.755771","0.32408378","3.7417624","0","1763871735926"
"313.09","36757301","-45.858724089","170.546582831","0.0","-45.858727010684376","170.54663099342625","GPS Fixed Point East","3.754375","0.324741","3.7403042","0","1763871736154"
"313.09","36757301","-45.858724089","170.546582831","0.0","-45.85872701649038","170.54663095615518","GPS Fixed Point East","3.7515473","0.32538635","3.7374096","0","1763871736381"
"313.09","36757301","-45.858724089","170.546582831","0.0","-45.85872702243772","170.54663094408204","GPS Fixed Point East","3.7506707","0.32604736","3.7364721","0","1763871736534"
"313.09","36757301","-45.858724089","170.546582831","0.0","-45.85872702833365","170.5466309058946","GPS Fixed Point East","3.7477732","0.32670268","3.7335064","0","1763871736758"
"313.09","36757301","-45.858724089","170.546582831","0.0","-45.85872703403899","170.54663087369755","GPS Fixed Point East","3.7453377","0.32733685","3.731006","0","1763871736926"
"313.09","36757301","-45.858724089","170.546582831","0.0","-45.85872703938239","170.54663084685745","GPS Fixed Point East","3.7433133","0.32793075","3.7289217","0","1763871737144"
"313.09","36757301","-45.858724089","170.546582831","0.0","-45.85872704356073","170.54663082541126","GPS Fixed Point East","3.741695","0.32839516","3.727256","0","1763871737362"
"313.09","36757301","-45.858724089","170.546582831","0.0","-45.85872704650333","170.546630809242","GPS Fixed Point East","3.7404728","0.32872224","3.7260003","0","1763871737526"
"313.09","36757301","-45.858724089","170.546582831","0.0","-45.85872705385987","170.54663079703974","GPS Fixed Point East","3.7396007","0.3295399","3.7250528","0","1763871737737"
"313.09","36757301","-45.858724089","170.546582831","0.0","-45.85872708541269","170.54663078761124","GPS Fixed Point East","3.7391822","0.33304694","3.7243204","0","1763871737966"
"313.09","36757301","-45.858724089","170.546582831","0.0","-45.858727118308295","170.54663078082743","GPS Fixed Point East","3.7389848","0.33670324","3.7237937","0","1763871738130"
"313.09","36757301","-45.858724089","170.546582831","0.0","-45.85872717112332","170.54663077612858","GPS Fixed Point East","3.7391546","0.34257355","3.7234287","0","1763871738359"
"313.09","36757301","-45.858724089","170.546582831","0.0","-45.858727214682176","170.54663076739507","GPS Fixed Point East","3.738926","0.34741506","3.7227504","0","1763871738580"
"313.09","36757301","-45.858724089","170.546582831","0.0","-45.85872724996571","170.5466307359115","GPS Fixed Point East","3.7368584","0.35133678","3.7203054","0","1763871738737"
"313.09","36757301","-45.858724089","170.546582831","0.0","-45.85872727816257","170.5466307108489","GPS Fixed Point East","3.7352166","0.35447082","3.7183592","0","1763871738962"
"313.09","36757301","-45.858724089","170.546582831","0.0","-45.85872729967536","170.54663069126005","","3.73393","0.35686195","3.716838","0","1763871739133"
"313.09","36757301","-45.858724089","170.546582831","0.0","-45.85872731524295","170.5466306762409","","3.7329347","0.35859224","3.7156715","0","1763871739344"
"313.09","36757301","-45.858724089","170.546582831","0.0","-45.85872732583122","170.54663066555162","","3.7322218","0.35976914","3.7148414","0","1763871739566"
"313.09","36757301","-45.858724089","170.546582831","0.0","-45.85872733231183","170.54663065852176","","3.7317479","0.36048943","3.7142954","0","1763871739736"
"313.09","36757301","-45.858724089","170.546582831","0.0","-45.858727336550146","170.54663065480085","","3.7315059","0.3609605","3.7140064","0","1763871739959"
"313.09","36757301","-45.858724089","170.546582831","0.0","-45.85872733837696","170.54663065382906","","3.7314503","0.36116356","3.713931","0","1763871740173"
"313.09","36757301","-45.858724089","170.546582831","0.0","-45.858727342733054","170.54663065574184","","3.731645","0.36164773","3.7140796","0","1763871740341"
"313.09","36757301","-45.858724089","170.546582831","0.0","-45.85872737205855","170.54663065970263","","3.7322686","0.36490723","3.7143872","0","1763871740557"
"313.09","36757301","-45.858724089","170.546582831","0.0","-45.85872739497412","170.54663066483818","","3.7329152","0.36745426","3.714786","0","1763871740733"
"313.09","36757301","-45.858724089","170.546582831","0.0","-45.8587274128761","170.54663067055185","","3.7335532","0.36944404","3.7152297","0","1763871740940"
"313.09","36757301","-45.858724089","170.546582831","0.0","-45.85872742649266","170.54663068185613","","3.734577","0.3709575","3.7161076","0","1763871741163"
"313.09","36757301","-45.858724089","170.546582831","0.0","-45.85872743565461","170.54663071269397","","3.737061","0.37197584","3.7185025","0","1763871741327"
"313.09","36757301","-45.858724089","170.546582831","0.0","-45.85872744132781","170.546630715314","","3.7373264","0.3726064","3.718706","0","1763871741550"
"313.09","36757301","-45.858724089","170.546582831","0.0","-45.85872743883494","170.5466307195024","","3.7376225","0.37232932","3.719031","0","1763871741767"
"313.09","36757301","-45.858724089","170.546582831","0.0","-45.85872740954371","170.54663072475478","","3.7377055","0.36907366","3.719439","0","1763871741941"
"313.09","36757301","-45.858724089","170.546582831","0.0","-45.85872738328504","170.54663073051148","","3.7378633","0.36615503","3.719886","0","1763871742157"
"313.09","36757301","-45.858724089","170.546582831","0.0","-45.85872735999683","170.5466307277377","","3.7373962","0.36356658","3.7196708","0","1763871742330"
"313.09","36757301","-45.858724089","170.546582831","0.0","-45.858727314386286","170.546630526966","","3.7213867","0.35849702","3.7040787","0","1763871742560"
"313.09","36757301","-45.858724089","170.546582831","0.2","-45.85872739288388","170.54662825463683","","3.5466714","0.36722192","3.527609","0","1763871742757"
"313.09","36757301","-45.858724089","170.546582831","0.3","-45.858727600132674","170.5466234089624","","3.175366","0.39025733","3.151293","0","1763871742928"
"313.09","36757301","-45.858724089","170.546582831","0.4","-45.8587280778558","170.5466175095687","","2.7293944","0.44335556","2.693145","0","1763871743152"
"313.09","36757301","-45.858724089","170.546582831","0.5","-45.858728045964625","170.54661156050793","","2.274075","0.4398109","2.2311397","0","1763871743375"
"313.09","36757301","-45.858724089","170.546582831","0.6","-45.858728155479604","170.54660531007747","","1.8032919","0.45198333","1.7457299","0","1763871743532"
"313.09","36757301","-45.858724089","170.546582831","0.6","-45.85872865023949","170.54659968905122","","1.403933","0.5069752","1.3091998","0","1763871743749"
"313.09","36757301","-45.858724089","170.546582831","0.0","-45.8587291057431","170.54659438211206","","1.0562395","0.5576038","0.89706177","0","1763871743973"
"313.09","36757301","-45.858724089","170.546582831","0.0","-45.858729427871694","170.54659023676453","","0.82638437","0.59340787","0.5751332","0","1763871744138"
"313.09","36757301","-45.858724089","170.546582831","0.0","-45.858729441083476","170.54658595592272","","0.64247376","0.59487635","0.24268216","0","1763871744359"
"313.09","36757301","-45.858724089","170.546582831","0.0","-45.858729330390595","170.54658181115178","","0.58793217","0.582573","0.079201624","0","1763871744581"
"313.09","36757301","-45.858724089","170.546582831","-0.1","-45.85872905335427","170.546577985583","","0.66787785","0.5517808","0.3762961","0","1763871744734"
"313.09","36757301","-45.858724089","170.546582831","-0.2","-45.85872870445301","170.54657439981736","","0.83179945","0.51300097","0.6547674","0","1763871744961"
"313.09","36757301","-45.858724089","170.546582831","-0.3","-45.85872839791343","170.54657155536742","","0.9980821","0.47892952","0.875668","0","1763871745129"
"313.09","36757301","-45.858724089","170.546582831","-0.5","-45.85872823165136","170.54657020661904","","1.0831536","0.46044973","0.98041207","0","1763871745340"
"313.09","36757301","-45.858724089","170.546582831","-0.6","-45.858728053426105","170.54656995642168","","1.0926338","0.44064024","0.99984246","0","1763871745557"
"313.09","36757301","-45.858724089","170.546582831","-0.6","-45.85872778770407","170.54656992679548","","1.0831892","0.41110563","1.0021433","0","1763871745731"
"313.09","36757301","-45.858724089","170.546582831","0.0","-45.85872762285763","170.5465697677938","","1.0878747","0.3927832","1.0144913","0","1763871745953"
"313.09","36757301","-45.858724089","170.546582831","0.0","-45.858727515377204","170.5465696093357","","1.0951481","0.38083687","1.0267972","0","1763871746173"
"313.09","36757301","-45.858724089","170.546582831","0.0","-45.85872742800252","170.5465693375568","","1.1116816","0.3711253","1.0479037","0","1763871746330"
"313.09","36757301","-45.858724089","170.546582831","0.0","-45.858727361209006","170.5465689968618","","1.1342541","0.3637013","1.074362","0","1763871746552"
"313.09","36757301","-45.858724089","170.546582831","0.0","-45.85872726301688","170.54656861263544","","1.159189","0.3527874","1.1042012","0","1763871746769"
"313.09","36757301","-45.858724089","170.546582831","0.0","-45.85872715637384","170.54656823199093","","1.1839141","0.3409342","1.1337621","0","1763871746944"
"313.09","36757301","-45.858724089","170.546582831","0.0","-45.85872704904761","170.5465679382161","","1.2024616","0.32900503","1.1565768","0","1763871747166"
"313.09","36757301","-45.858724089","170.546582831","0.0","-45.85872693954762","170.54656774879408","","1.2133828","0.31683427","1.1712873","0","1763871747330"
"313.09","36757301","-45.858724089","170.546582831","0.0","-45.85872675306203","170.54656763526648","","1.2166858","0.29610667","1.1801039","0","1763871747553"
"313.09","36757301","-45.858724089","170.546582831","0.0","-45.85872646204508","170.54656747918546","","1.221053","0.26376054","1.1922251","0","1763871747769"
"313.09","36757301","-45.858724089","170.546582831","0.0","-45.858726162311626","170.54656739556543","","1.2206689","0.2304456","1.1987191","0","1763871747935"
"313.09","36757301","-45.858724089","170.546582831","0.0","-45.858725862008505","170.54656741652352","","1.2132038","0.19706734","1.1970915","0","1763871748153"
"313.09","36757301","-45.858724089","170.546582831","0.0","-45.85872554275614","170.54656750519908","","1.2011231","0.1615829","1.190205","0","1763871748372"
"313.09","36757301","-45.858724089","170.546582831","0.0","-45.858725199020526","170.5465675782405","","1.1909405","0.12337718","1.1845325","0","1763871748541"
"313.09","36757301","-45.858724089","170.546582831","0.0","-45.858724891630715","170.54656764508934","","1.1827104","0.08921125","1.1793411","0","1763871748765"
"313.09","36757301","-45.858724089","170.546582831","0.0","-45.85872458506972","170.5465676229958","","1.1823431","0.055137433","1.1810569","0","1763871748974"
"313.09","36757301","-45.858724089","170.546582831","0.0","-45.85872430715533","170.54656753122578","","1.188431","0.02424765","1.1881837","0","1763871749140"
"313.09","36757301","-45.858724089","170.546582831","0.0","-45.85872404095998","170.54656743035483","","1.1960293","0.0053395797","1.1960174","0","1763871749365"
"313.09","36757301","-45.858724089","170.546582831","0.0","-45.858723788978715","170.54656738519597","","1.1999879","0.033346936","1.1995244","0","1763871749530"
"313.09","36757301","-45.858724089","170.546582831","0.0","-45.85872354350805","170.54656735783004","","1.2031783","0.060630646","1.2016497","0","1763871749750"
"313.09","36757301","-45.858724089","170.546582831","0.0","-45.858723283349995","170.54656732582825","","1.2074599","0.08954684","1.204135","0","1763871749973"
"313.09","36757301","-45.858724089","170.546582831","0.0","-45.85872303146939","170.54656730862885","","1.2111877","0.117543004","1.2054706","0","1763871750141"
"313.09","36757301","-45.858724089","170.546582831","0.0","-45.858722761365556","170.54656728377688","","1.2163846","0.14756465","1.2074007","0","1763871750365"
"313.09","36757301","-45.858724089","170.546582831","0.0","-45.858722488473305","170.54656727730287","","1.2209331","0.17789623","1.2079034","0","1763871750533"
"313.09","36757301","-45.858724089","170.546582831","0.0","-45.85872221411403","170.5465672742969","","1.2259778","0.20839088","1.2081368","0","1763871750745"
"313.09","36757301","-45.858724089","170.546582831","0.0","-45.858721937206205","170.54656722782337","","1.2351235","0.23916878","1.211746","0","1763871750966"
"313.09","36757301","-45.858724089","170.546582831","0.0","-45.85872167830744","170.54656716470322","","1.2458036","0.267945","1.2166479","0","1763871751128"
"313.09","36757301","-45.858724089","170.546582831","0.0","-45.858721434288796","170.54656706213325","","1.2596599","0.2950673","1.2246135","0","1763871751362"
"313.09","36757301","-45.858724089","170.546582831","0.0","-45.858721203625436","170.54656693747586","","1.2752782","0.32070524","1.2342944","0","1763871751529"
"313.09","36757301","-45.858724089","170.546582831","0.0","-45.85872098938632","170.54656684478482","","1.2884086","0.3445176","1.2414929","0","1763871751751"
"313.09","36757301","-45.858724089","170.546582831","0.0","-45.85872081392163","170.54656677438803","","1.2990072","0.36402023","1.2469599","0","1763871751972"
"313.09","36757301","-45.858724089","170.546582831","0.0","-45.858720665608665","170.54656670258436","","1.3090572","0.38050503","1.2525362","0","1763871752142"
"313.09","36757301","-45.858724089","170.546582831","0.0","-45.858720517878226","170.54656665592634","","1.3173786","0.39692503","1.2561597","0","1763871752353"
"313.09","36757301","-45.858724089","170.546582831","0.0","-45.85872036634853","170.54656662820832","","1.3245955","0.41376734","1.2583122","0","1763871752577"
"313.09","36757301","-45.858724089","170.546582831","0.0","-45.85872023122379","170.5465666226376","","1.3297731","0.42878628","1.2587448","0","1763871752743"
"313.09","36757301","-45.858724089","170.546582831","0.0","-45.85872008956706","170.54656665065627","","1.3328817","0.4445312","1.2565689","0","1763871752961"
"313.09","36757301","-45.858724089","170.546582831","0.0","-45.8587199380759","170.5465666595835","","1.3379407","0.46136922","1.2558756","0","1763871753180"
"313.09","36757301","-45.858724089","170.546582831","0.0","-45.85871977737139","170.5465666784189","","1.3428382","0.4792313","1.2544129","0","1763871753343"
"313.09","36757301","-45.858724089","170.546582831","0.0","-45.85871961381851","170.54656669897795","","1.3479486","0.49740997","1.2528162","0","1763871753564"
"313.09","36757301","-45.858724089","170.546582831","0.0","-45.85871946748229","170.546566700361","","1.3539356","0.51367503","1.2527088","0","1763871753727"
"313.09","36757301","-45.858724089","170.546582831","0.0","-45.85871931532722","170.54656670838799","","1.3598678","0.53058684","1.2520854","0","1763871753947"
"313.09","36757301","-45.858724089","170.546582831","0.0","-45.85871917723203","170.54656672127064","","1.3650128","0.5459359","1.2510849","0","1763871754174"
"313.09","36757301","-45.858724089","170.546582831","0.0","-45.85871903071377","170.54656673758055","GPS Linear Position Change -- Forward","1.370452","0.5622212","1.2498183","0","1763871754340"
"313.09","36757301","-45.858724089","170.546582831","0.0","-45.858718901245105","170.54656675579713","GPS Linear Position Change -- Forward","1.3751336","0.57661146","1.2484037","0","1763871754559"
"313.09","36757301","-45.858724089","170.546582831","0.0","-45.85871878600124","170.54656677569344","GPS Linear Position Change -- Forward","1.3791566","0.5894207","1.2468585","0","1763871754771"
"313.09","36757301","-45.858724089","170.546582831","0.0","-45.858718677518524","170.54656679560443","GPS Linear Position Change -- Forward","1.3829602","0.60147834","1.2453122","0","1763871754942"
"313.09","36757301","-45.858724089","170.546582831","0.0","-45.85871855429489","170.54656681546234","GPS Linear Position Change -- Forward","1.3875892","0.6151745","1.24377","0","1763871755161"
"313.09","36757301","-45.858724089","170.546582831","0.0","-45.858718437549726","170.546566833552","GPS Linear Position Change -- Forward","1.3921367","0.6281505","1.2423651","0","1763871755337"
"313.09","36757301","-45.858724089","170.546582831","0.0","-45.858718305316216","170.54656684974046","GPS Linear Position Change -- Forward","1.3977134","0.64284813","1.241108","0","1763871755563"
"313.09","36757301","-45.858724089","170.546582831","0.0","-45.858718185294336","170.5465668687412","GPS Linear Position Change -- Forward","1.4025947","0.65618837","1.2396324","0","1763871755778"
"313.09","36757301","-45.858724089","170.546582831","0.0","-45.85871807499979","170.54656691566518","GPS Linear Position Change -- Forward","1.4051652","0.66844743","1.2359883","0","1763871755933"
"313.09","36757301","-45.858724089","170.546582831","0.0","-45.85871797293987","170.54656698638254","GPS Linear Position Change -- Forward","1.4057871","0.6797913","1.2304963","0","1763871756162"
"313.09","36757301","-45.858724089","170.546582831","0.0","-45.85871787227415","170.54656707575393","GPS Linear Position Change -- Forward","1.405184","0.69098014","1.2235557","0","1763871756324"
"313.09","36757301","-45.858724089","170.546582831","0.0","-45.85871775465948","170.5465671732337","GPS Linear Position Change -- Forward","1.4051018","0.7040528","1.2159854","0","1763871756557"
"313.09","36757301","-45.858724089","170.546582831","0.0","-45.85871764005167","170.54656725645398","GPS Linear Position Change -- Forward","1.405964","0.71679133","1.2095225","0","1763871756763"
"313.09","36757301","-45.858724089","170.546582831","0.0","-45.85871753539822","170.54656731539654","GPS Linear Position Change -- Forward","1.4080104","0.7284234","1.2049451","0","1763871756933"
"313.09","36757301","-45.858724089","170.546582831","0.0","-45.858717442039776","170.54656734735983","GPS Linear Position Change -- Forward","1.411291","0.73880005","1.2024628","0","1763871757153"
"313.09","36757301","-45.858724089","170.546582831","0.0","-45.85871738276128","170.54656741070374","GPS Linear Position Change -- Forward","1.4105725","0.74538875","1.1975435","0","1763871757334"
"313.09","36757301","-45.858724089","170.546582831","0.0","-45.858717285241624","170.54656747914396","GPS Linear Position Change -- Forward","1.411839","0.7562279","1.1922283","0","1763871757534"
"313.09","36757301","-45.858724089","170.546582831","0.0","-45.85871713152102","170.5465675366942","GPS Linear Position Change -- Forward","1.4173164","0.77331376","1.187759","0","1763871757757"
"313.09","36757301","-45.858724089","170.546582831","0.0","-45.85871677749483","170.54656759550608","GPS Linear Position Change -- Forward","1.4353969","0.81266326","1.1831917","0","1763871757927"
"313.09","36757301","-45.858724089","170.546582831","0.0","-45.85871614614531","170.54656759546765","GPS Linear Position Change -- Forward","1.4762625","0.8828368","1.1831946","0","1763871758143"
"313.09","36757301","-45.858724089","170.546582831","0.0","-45.85871527803519","170.54656757987496","GPS Linear Position Change -- Forward","1.5368462","0.979326","1.1844056","0","1763871758364"
"313.09","36757301","-45.858724089","170.546582831","0.0","-45.85871427817771","170.54656757651537","GPS Linear Position Change -- Forward","1.6101352","1.0904588","1.1846665","0","1763871758533"
"313.09","36757301","-45.858724089","170.546582831","0.0","-45.85871351121303","170.54656760276504","GPS Linear Position Change -- Forward","1.667601","1.1757058","1.1826279","0","1763871758754"
"313.09","36757301","-45.858724089","170.546582831","0.0","-45.85871287346858","170.5465676732179","GPS Linear Position Change -- Forward","1.7145509","1.2465901","1.1771566","0","1763871758973"
"313.09","36757301","-45.858724089","170.546582831","0.0","-45.85871222469467","170.54656785638582","GPS Linear Position Change -- Forward","1.7582325","1.3187004","1.1629317","0","1763871759132"
"313.09","36757301","-45.858724089","170.546582831","0.0","-45.85871132018736","170.54656782371137","GPS Linear Position Change -- Forward","1.8364496","1.4192351","1.1654692","0","1763871759355"
"313.09","36757301","-45.858724089","170.546582831","0.0","-45.85871023471561","170.54656781282603","GPS Linear Position Change -- Forward","1.9317174","1.5398837","1.1663146","0","1763871759527"
"313.09","36757301","-45.858724089","170.546582831","0.0","-45.85870924771439","170.54656811973646","GPS Linear Position Change -- Forward","2.006589","1.6495875","1.1424798","0","1763871759736"
"313.09","36757301","-45.858724089","170.546582831","0.0","-45.85870834699564","170.54656847308345","GPS Linear Position Change -- Forward","2.0747929","1.7497011","1.1150389","0","1763871759954"
"313.09","36757301","-45.858724089","170.546582831","0.0","-45.85870734860946","170.54656864992802","GPS Linear Position Change -- Forward","2.1621673","1.8606703","1.101305","0","1763871760121"
"313.09","36757301","-45.858724089","170.546582831","0.0","-45.8587062741179","170.54656861439366","GPS Linear Position Change -- Forward","2.2671015","1.9800985","1.1040646","0","1763871760346"
"313.09","36757301","-45.858724089","170.546582831","0.0","-45.85870548373866","170.54656882863537","GPS Linear Position Change -- Forward","2.33643","2.0679479","1.0874265","0","1763871760564"
"313.09","36757301","-45.858724089","170.546582831","0.0","-45.85870456775749","170.5465692481216","GPS Linear Position Change -- Forward","2.412583","2.1697578","1.0548491","0","1763871760725"
"313.09","36757301","-45.858724089","170.546582831","0.0","-45.85870357875813","170.546569523091","GPS Linear Position Change -- Forward","2.5030124","2.2796838","1.0334951","0","1763871760946"
"313.09","36757301","-45.858724089","170.546582831","0.0","-45.858702365429835","170.5465694687597","GPS Linear Position Change -- Forward","2.6280928","2.4145434","1.0377144","0","1763871761166"
"313.09","36757301","-45.858724089","170.546582831","0.0","-45.85870135281031","170.54656956468344","GPS Linear Position Change -- Forward","2.729039","2.5270946","1.030265","0","1763871761336"
"313.09","36757301","-45.858724089","170.546582831","0.0","-45.85870017296445","170.5465699239625","GPS Linear Position Change -- Forward","2.840939","2.658233","1.0023632","0","1763871761557"
"313.09","36757301","-45.858724089","170.546582831","0.0","-45.85869897228256","170.54657030311708","GPS Linear Position Change -- Forward","2.9563637","2.791687","0.97291803","0","1763871761775"
"313.09","36757301","-45.858724089","170.546582831","0.0","-45.85869757578355","170.54657031543854","GPS Linear Position Change -- Forward","3.103057","2.9469059","0.97196114","0","1763871761935"
"313.09","36757301","-45.858724089","170.546582831","0.0","-45.85869632404633","170.54657027993724","GPS Linear Position Change -- Forward","3.2363074","3.0860345","0.97471815","0","1763871762158"
"313.09","36757301","-45.858724089","170.546582831","0.0","-45.8586951947033","170.5465705408239","GPS Linear Position Change -- Forward","3.3503885","3.2115595","0.95445764","0","1763871762344"
"313.09","36757301","-45.858724089","170.546582831","0.0","-45.858694224080644","170.5465707925358","GPS Linear Position Change -- Forward","3.4485877","3.3194427","0.93490964","0","1763871762547"
"313.09","36757301","-45.858724089","170.546582831","0.0","-45.85869327384941","170.54657088540822","GPS Linear Position Change -- Forward","3.5484722","3.4250596","0.9276972","0","1763871762756"
"313.09","36757301","-45.858724089","170.546582831","0.0","-45.85869205977623","170.54657091615837","GPS Linear Position Change -- Forward","3.6782892","3.560002","0.9253091","0","1763871762930"
"313.09","36757301","-45.858724089","170.546582831","0.0","-45.85869105236357","170.5465710877152","GPS Linear Position Change -- Forward","3.7835321","3.6719744","0.911986","0","1763871763145"
"313.09","36757301","-45.858724089","170.546582831","0.0","-45.858690112005704","170.54657134380304","GPS Linear Position Change -- Forward","3.8804312","3.776494","0.8920981","0","1763871763368"
"313.09","36757301","-45.858724089","170.546582831","0.0","-45.85868936686061","170.54657160574988","GPS Linear Position Change -- Forward","3.9565485","3.8593156","0.8717553","0","1763871763525"
"313.09","36757301","-45.858724089","170.546582831","0.0","-45.858688466841635","170.5465718016305","GPS Linear Position Change -- Forward","4.050942","3.9593515","0.8565432","0","1763871763746"
"313.09","36757301","-45.858724089","170.546582831","0.0","-45.858687613417814","170.54657207005746","GPS Linear Position Change -- Forward","4.139444","4.0542083","0.83569705","0","1763871763965"
"313.09","36757301","-45.858724089","170.546582831","0.0","-45.858686988300484","170.54657244595626","GPS Linear Position Change -- Forward","4.2018166","4.123689","0.80650467","0","1763871764124"
"313.09","36757301","-45.858724089","170.546582831","0.0","-45.85868642531538","170.54657271316466","GPS Linear Position Change -- Forward","4.259368","4.186264","0.78575325","0","1763871764349"
"313.09","36757301","-45.858724089","170.546582831","0.0","-45.85868555719348","170.54657288923084","GPS Linear Position Change -- Forward","4.3517923","4.282755","0.7720799","0","1763871764568"
"313.09","36757301","-45.858724089","170.546582831","0.0","-45.8586845885515","170.5465732009689","GPS Linear Position Change -- Forward","4.453659","4.390418","0.74787027","0","1763871764726"
"313.09","36757301","-45.858724089","170.546582831","0.0","-45.85868370613628","170.5465735371899","GPS Linear Position Change -- Forward","4.546157","4.4884973","0.72175926","0","1763871764953"
"313.09","36757301","-45.858724089","170.546582831","0.0","-45.85868293801726","170.54657405478636","GPS Linear Position Change -- Forward","4.6243744","4.5738726","0.6815626","0","1763871765180"
"313.09","36757301","-45.858724089","170.546582831","0.0","-45.85868212395145","170.5465742975718","GPS Linear Position Change -- Forward","4.711198","4.664355","0.6627078","0","1763871765339"
"313.09","36757301","-45.858724089","170.546582831","0.0","-45.858680973977755","170.54657457346065","GPS Linear Position Change -- Forward","4.83489","4.7921724","0.64128226","0","1763871765555"
"313.09","36757301","-45.858724089","170.546582831","0.0","-45.85868002909728","170.54657485791947","GPS Linear Position Change -- Forward","4.936184","4.897195","0.6191911","0","1763871765727"
"313.09","36757301","-45.858724089","170.546582831","0.0","-45.85867899435672","170.54657528106551","GPS Linear Position Change -- Forward","5.0463824","5.0122046","0.5863295","0","1763871765942"
"313.09","36757301","-45.858724089","170.546582831","0.0","-45.858678004552104","170.54657549771318","GPS Linear Position Change -- Forward","5.1537824","5.12222","0.5695046","0","1763871766158"
"313.09","36757301","-45.858724089","170.546582831","0.0","-45.858676830491355","170.54657555090077","GPS Linear Position Change -- Forward","5.2830544","5.252715","0.565374","0","1763871766332"
"313.09","36757301","-45.858724089","170.546582831","0.0","-45.858675853750746","170.54657579944674","GPS Linear Position Change -- Forward","5.3890166","5.3612785","0.5460719","0","1763871766548"
"313.09","36757301","-45.858724089","170.546582831","0.0","-45.85867508724652","170.54657597068007","GPS Linear Position Change -- Forward","5.4724703","5.446474","0.5327739","0","1763871766764"
"313.09","36757301","-45.858724089","170.546582831","0.0","-45.85867477287924","170.5465761038284","GPS Linear Position Change -- Forward","5.506256","5.4814157","0.5224336","0","1763871766937"
"313.09","36757301","-45.858724089","170.546582831","0.0","-45.85867479944417","170.54657614312717","GPS Linear Position Change -- Forward","5.503028","5.478463","0.5193816","0","1763871767159"
"313.09","36757301","-45.858724089","170.546582831","0.0","-45.85867493202034","170.54657626950936","GPS Linear Position Change -- Forward","5.487438","5.4637275","0.5095667","0","1763871767326"
"313.09","36757301","-45.858724089","170.546582831","0.0","-45.85867509141202","170.54657623380484","GPS Linear Position Change -- Forward","5.4700575","5.446011","0.5123396","0","1763871767542"
"313.09","36757301","-45.858724089","170.546582831","0.0","-45.8586752699414","170.54657622428152","GPS Linear Position Change -- Forward","5.4503713","5.426168","0.51307917","0","1763871767760"
"313.09","36757301","-45.858724089","170.546582831","0.0","-45.85867540544091","170.54657619491203","GPS Linear Position Change -- Forward","5.4355936","5.4111075","0.51536","0","1763871767929"
"313.09","36757301","-45.858724089","170.546582831","0.0","-45.8586754976857","170.54657616971775","GPS Linear Position Change -- Forward","5.4255733","5.4008546","0.5173166","0","1763871768159"
"313.09","36757301","-45.858724089","170.546582831","0.0","-45.85867556537229","170.54657616238617","GPS Linear Position Change -- Forward","5.418139","5.393331","0.517886","0","1763871768377"
"313.09","36757301","-45.858724089","170.546582831","0.0","-45.858675726670015","170.54657618073966","GPS Linear Position Change -- Forward","5.4001565","5.3754034","0.5164606","0","1763871768537"
"313.09","36757301","-45.858724089","170.546582831","0.0","-45.85867593600906","170.54657616070944","GPS Linear Position Change -- Forward","5.377146","5.3521357","0.51801616","0","1763871768759"
"313.09","36757301","-45.858724089","170.546582831","0.0","-45.85867618471146","170.5465761644525","GPS Linear Position Change -- Forward","5.3496037","5.3244925","0.51772547","0","1763871768928"
"313.09","36757301","-45.858724089","170.546582831","0.0","-45.85867642498866","170.5465761952385","GPS Linear Position Change -- Forward","5.3227916","5.297786","0.5153346","0","1763871769149"
"313.09","36757301","-45.858724089","170.546582831","0.0","-45.858676642346","170.54657625814107","GPS Linear Position Change -- Forward","5.2982736","5.2736273","0.5104496","0","1763871769372"
"313.09","36757301","-45.858724089","170.546582831","0.0","-45.85867685859397","170.5465763204873","GPS Linear Position Change -- Forward","5.273884","5.2495914","0.5056078","0","1763871769527"
"313.09","36757301","-45.858724089","170.546582831","0.0","-45.858677070942015","170.5465764831903","GPS Linear Position Change -- Forward","5.249189","5.2259893","0.49297222","0","1763871769758"
"313.09","36757301","-45.858724089","170.546582831","0.0","-45.858677234794726","170.5465766879802","GPS Linear Position Change -- Forward","5.2295833","5.2077775","0.47706822","0","1763871769929"
"313.09","36757301","-45.858724089","170.546582831","0.0","-45.858677375168625","170.54657687157746","GPS Linear Position Change -- Forward","5.212761","5.192175","0.46281","0","1763871770149"
"313.09","36757301","-45.858724089","170.546582831","0.0","-45.8586774916161","170.5465770336879","GPS Linear Position Change -- Forward","5.1987634","5.179232","0.45022047","0","1763871770370"
"313.09","36757301","-45.858724089","170.546582831","0.0","-45.85867756779858","170.54657717810593","GPS Linear Position Change -- Forward","5.1893673","5.1707644","0.43900496","0","1763871770549"
"313.09","36757301","-45.858724089","170.546582831","0.0","-45.858677622752026","170.54657727174836","GPS Linear Position Change -- Forward","5.18267","5.1646566","0.43173265","0","1763871770749"
"313.09","36757301","-45.858724089","170.546582831","0.0","-45.85867773263858","170.54657729618472","GPS Linear Position Change -- Forward","5.170341","5.152443","0.42983493","0","1763871770978"
"313.09","36757301","-45.858724089","170.546582831","0.0","-45.85867784724318","170.54657725609505","GPS Linear Position Change -- Forward","5.1579075","5.1397047","0.4329483","0","1763871771153"
"313.09","36757301","-45.858724089","170.546582831","0.0","-45.85867808752893","170.54657715008858","GPS Linear Position Change -- Forward","5.1319957","5.112997","0.44118077","0","1763871771368"
"313.09","36757301","-45.858724089","170.546582831","0.0","-45.8586785499993","170.54657697678294","GPS Linear Position Change -- Forward","5.0819716","5.0615945","0.45463973","0","1763871771529"
"313.09","36757301","-45.858724089","170.546582831","0.0","-45.85867911889211","170.54657689200965","GPS Linear Position Change -- Forward","5.019597","4.9983625","0.46122324","0","1763871771746"
"313.09","36757301","-45.858724089","170.546582831","0.0","-45.8586797856376","170.54657677879226","GPS Linear Position Change -- Forward","4.9466352","4.924255","0.47001573","0","1763871771966"
"313.09","36757301","-45.858724089","170.546582831","0.0","-45.858680560901135","170.54657671352035","GPS Linear Position Change -- Forward","4.8613553","4.8380857","0.47508475","0","1763871772148"
"313.09","36757301","-45.858724089","170.546582831","0.0","-45.8586814240737","170.54657676145118","GPS Linear Position Change -- Forward","4.765514","4.742145","0.47136244","0","1763871772361"
"313.09","36757301","-45.858724089","170.546582831","0.0","-45.85868233013693","170.54657657839957","GPS Linear Position Change -- Forward","4.6667686","4.6414375","0.48557827","0","1763871772569"
"313.09","36757301","-45.858724089","170.546582831","0.0","-45.85868311109509","170.5465765108402","GPS Linear Position Change -- Forward","4.581005","4.554635","0.49082494","0","1763871772738"
"313.09","36757301","-45.858724089","170.546582831","0.0","-45.85868383734287","170.54657640633835","GPS Linear Position Change -- Forward","4.5016494","4.4739137","0.4989406","0","1763871772960"
"313.09","36757301","-45.858724089","170.546582831","0.0","-45.85868454083037","170.54657623390676","GPS Linear Position Change -- Forward","4.425478","4.395722","0.51233166","0","1763871773128"
"313.09","36757301","-45.858724089","170.546582831","0.0","-45.858685243679645","170.54657619107212","GPS Linear Position Change -- Forward","4.348285","4.317601","0.5156582","0","1763871773350"
"313.09","36757301","-45.858724089","170.546582831","0.0","-45.85868581768135","170.54657597584463","GPS Linear Position Change -- Forward","4.2869864","4.253802","0.53237283","0","1763871773570"
"313.09","36757301","-45.858724089","170.546582831","0.0","-45.858686415631965","170.54657582501792","GPS Linear Position Change -- Forward","4.222541","4.1873407","0.54408604","0","1763871773738"
"313.09","36757301","-45.858724089","170.546582831","0.0","-45.85868730809683","170.54657555677412","GPS Linear Position Change -- Forward","4.1269913","4.0881443","0.5649179","0","1763871773950"
"313.09","36757301","-45.858724089","170.546582831","0.0","-45.85868822876336","170.5465751461607","GPS Linear Position Change -- Forward","4.0302467","3.9858136","0.5968062","0","1763871774170"
"313.09","36757301","-45.858724089","170.546582831","0.0","-45.858688940297014","170.54657478893438","GPS Linear Position Change -- Forward","3.9563344","3.9067276","0.6245485","0","1763871774340"
"313.09","36757301","-45.858724089","170.546582831","0.0","-45.85868961011415","170.54657443623927","GPS Linear Position Change -- Forward","3.8873363","3.8322785","0.6519389","0","1763871774560"
"313.09","36757301","-45.858724089","170.546582831","0.0","-45.85869040315491","170.54657399808062","GPS Linear Position Change -- Forward","3.8064528","3.744133","0.6859664","0","1763871774780"
"313.09","36757301","-45.858724089","170.546582831","0.0","-45.858691405695076","170.54657351225256","GPS Linear Position Change -- Forward","3.704087","3.632702","0.7236959","0","1763871774942"
"313.09","36757301","-45.858724089","170.546582831","0.0","-45.85869242651147","170.54657313192095","GPS Linear Position Change -- Forward","3.5989456","3.51924","0.75323254","0","1763871775166"
"313.09","36757301","-45.858724089","170.546582831","0.0","-45.85869335113951","170.5465729531075","GPS Linear Position Change -- Forward","3.5015328","3.4164689","0.7671192","0","1763871775339"
"313.09","36757301","-45.858724089","170.546582831","0.0","-45.85869424327979","170.5465728478671","GPS Linear Position Change -- Forward","3.4067016","3.3173087","0.7752922","0","1763871775554"
"313.09","36757301","-45.858724089","170.546582831","0.0","-45.858695117384904","170.54657259585","GPS Linear Position Change -- Forward","3.3168051","3.2201533","0.7948639","0","1763871775769"
"313.09","36757301","-45.858724089","170.546582831","0.0","-45.85869619019413","170.54657226322811","GPS Linear Position Change -- Forward","3.2076778","3.100912","0.8206954","0","1763871775941"
"313.09","36757301","-45.858724089","170.546582831","0.0","-45.8586973235374","170.54657200306565","GPS Linear Position Change -- Forward","3.0915039","2.9749427","0.84089965","0","1763871776162"
"313.09","36757301","-45.858724089","170.546582831","0.0","-45.85869843865241","170.54657197847467","GPS Linear Position Change -- Forward","2.9729655","2.850999","0.8428094","0","1763871776328"
"313.09","36757301","-45.858724089","170.546582831","0.0","-45.858699380124996","170.546571986492","GPS Linear Position Change -- Forward","2.8725858","2.7463558","0.84218675","0","1763871776551"
"313.09","36757301","-45.858724089","170.546582831","0.0","-45.85870027538417","170.54657186383926","GPS Linear Position Change -- Forward","2.7805078","2.6468492","0.851712","0","1763871776774"
"313.09","36757301","-45.858724089","170.546582831","0.0","-45.85870132479711","170.54657161850488","GPS Linear Position Change -- Forward","2.6758523","2.5302083","0.87076473","0","1763871776939"
"313.09","36757301","-45.858724089","170.546582831","0.0","-45.85870249803976","170.54657141469764","GPS Linear Position Change -- Forward","2.5583405","2.399804","0.88659245","0","1763871777157"
"313.09","36757301","-45.858724089","170.546582831","0.0","-45.85870352184187","170.54657134250647","GPS Linear Position Change -- Forward","2.453948","2.28601","0.8921988","0","1763871777381"
"313.09","36757301","-45.858724089","170.546582831","0.0","-45.85870436381271","170.54657131977444","GPS Linear Position Change -- Forward","2.367679","2.1924262","0.8939642","0","1763871777541"
"313.09","36757301","-45.858724089","170.546582831","0.0","-45.85870527822888","170.54657116874668","GPS Linear Position Change -- Forward","2.2785265","2.09079","0.90569305","0","1763871777761"
"313.09","36757301","-45.858724089","170.546582831","0.0","-45.858706263832666","170.54657095101774","GPS Linear Position Change -- Forward","2.1855235","1.9812417","0.92260194","0","1763871777934"
"313.09","36757301","-45.858724089","170.546582831","0.0","-45.85870720548676","170.54657081573643","GPS Linear Position Change -- Forward","2.0957663","1.8765782","0.9331079","0","1763871778153"
"313.09","36757301","-45.858724089","170.546582831","0.0","-45.85870816347516","170.54657069820723","GPS Linear Position Change -- Forward","2.0052576","1.7700992","0.94223523","0","1763871778382"
"313.09","36757301","-45.858724089","170.546582831","0.0","-45.85870905024326","170.54657071161654","GPS Linear Position Change -- Forward","1.9183011","1.6715361","0.9411939","0","1763871778551"
"313.09","36757301","-45.858724089","170.546582831","0.0","-45.85870999554779","170.54657066453873","GPS Linear Position Change -- Forward","1.8293606","1.5664669","0.94484997","0","1763871778764"
"313.09","36757301","-45.858724089","170.546582831","0.0","-45.85871086212878","170.54657066525755","GPS Linear Position Change -- Forward","1.7475612","1.4701476","0.9447941","0","1763871778931"
"313.09","36757301","-45.858724089","170.546582831","0.0","-45.858711625099296","170.5465705065288","GPS Linear Position Change -- Forward","1.6838232","1.3853446","0.957121","0","1763871779151"
"313.09","36757301","-45.858724089","170.546582831","0.0","-45.85871243904944","170.54657024956532","GPS Linear Position Change -- Forward","1.6221533","1.2948753","0.9770769","0","1763871779372"
"313.09","36757301","-45.858724089","170.546582831","0.0","-45.85871335989749","170.54657020784603","GPS Linear Position Change -- Forward","1.5437407","1.1925243","0.9803168","0","1763871779533"
"313.09","36757301","-45.858724089","170.546582831","0.0","-45.85871422647848","170.5465703384477","GPS Linear Position Change -- Forward","1.463866","1.096205","0.97017425","0","1763871779752"
"313.09","36757301","-45.858724089","170.546582831","0.0","-45.858715023863034","170.5465703421656","GPS Linear Position Change -- Forward","1.3985311","1.007577","0.9698855","0","1763871779975"
"313.09","36757301","-45.858724089","170.546582831","0.0","-45.8587157121545","170.54657035954264","GPS Linear Position Change -- Forward","1.3434886","0.9310743","0.968536","0","1763871780155"
"313.09","36757301","-45.858724089","170.546582831","0.0","-45.858716417699036","170.54657024860893","GPS Linear Position Change -- Forward","1.296859","0.85265404","0.97715116","0","1763871780373"
"313.09","36757301","-45.858724089","170.546582831","0.0","-45.85871710640599","170.5465703056264","GPS Linear Position Change -- Forward","1.2443994","0.7761053","0.9727231","0","1763871780541"
"313.09","36757301","-45.858724089","170.546582831","0.0","-45.85871775058822","170.5465705442058","GPS Linear Position Change -- Forward","1.1860927","0.7045053","0.954195","0","1763871780761"
"313.09","36757301","-45.858724089","170.546582831","0.0","-45.858718441098425","170.5465706884528","GPS Linear Position Change -- Forward","1.1328342","0.6277561","0.94299275","0","1763871780973"
"313.09","36757301","-45.858724089","170.546582831","0.0","-45.85871872715321","170.5465708346141","GPS Linear Position Change -- Forward","1.1059506","0.5959616","0.9316419","0","1763871781149"
"313.09","36757301","-45.858724089","170.546582831","0.0","-45.85871862204787","170.546570737451","GPS Linear Position Change -- Forward","1.1186172","0.60764384","0.9391876","0","1763871781358"
"313.09","36757301","-45.858724089","170.546582831","0.0","-45.85871832778632","170.5465707568761","GPS Linear Position Change -- Forward","1.1354694","0.6403506","0.937679","0","1763871781532"
"313.09","36757301","-45.858724089","170.546582831","0.0","-45.85871801223684","170.5465708468725","GPS Linear Position Change -- Forward","1.1499481","0.67542344","0.9306899","0","1763871781747"
"313.09","36757301","-45.858724089","170.546582831","0.0","-45.85871777589599","170.54657092883426","GPS Linear Position Change -- Forward","1.1604949","0.7016924","0.9243247","0","1763871781974"
"313.09","36757301","-45.858724089","170.546582831","0.0","-45.858717615769734","170.5465710514889","GPS Linear Position Change -- Forward","1.1638402","0.71949023","0.91479933","0","1763871782134"
"313.09","36757301","-45.858724089","170.546582831","0.0","-45.85871748479336","170.54657111161848","GPS Linear Position Change -- Forward","1.1692573","0.73404807","0.91012967","0","1763871782354"
"313.09","36757301","-45.858724089","170.546582831","0.0","-45.85871740477735","170.54657120574404","GPS Linear Position Change -- Forward","1.1692075","0.74294174","0.9028198","0","1763871782578"
"313.09","36757301","-45.858724089","170.546582831","0.0","-45.85871743682916","170.5465714116601","GPS Linear Position Change -- Forward","1.1546195","0.7393792","0.88682836","0","1763871782734"
"313.09","36757301","-45.858724089","170.546582831","0.0","-45.85871749763679","170.5465715702174","GPS Linear Position Change -- Forward","1.140837","0.73262054","0.87451476","0","1763871782952"
"313.09","36757301","-45.858724089","170.546582831","0.0","-45.858717442600884","170.54657176008996","GPS Linear Position Change -- Forward","1.1335504","0.7387377","0.8597692","0","1763871783139"
"313.09","36757301","-45.858724089","170.546582831","0.0","-45.8587174067648","170.54657199233216","GPS Linear Position Change -- Forward","1.1225636","0.7427208","0.8417332","0","1763871783345"
"313.09","36757301","-45.858724089","170.546582831","0.0","-45.858717392856974","170.5465721953222","GPS Linear Position Change -- Forward","1.1118263","0.7442666","0.825969","0","1763871783554"
"313.09","36757301","-45.858724089","170.546582831","0.0","-45.85871737734507","170.54657239758495","GPS Linear Position Change -- Forward","1.1013744","0.74599075","0.8102612","0","1763871783724"
"313.09","36757301","-45.858724089","170.546582831","0.0","-45.858717269449166","170.5465726125332","GPS Linear Position Change -- Forward","1.0974011","0.75798327","0.7935683","0","1763871783945"
"313.09","36757301","-45.858724089","170.546582831","0.0","-45.858717218523076","170.54657291666788","GPS Linear Position Change -- Forward","1.0844231","0.7636436","0.76994914","0","1763871784172"
"313.09","36757301","-45.858724089","170.546582831","0.0","-45.85871717445451","170.54657324945816","GPS Linear Position Change -- Forward","1.0697421","0.76854175","0.74410456","0","1763871784336"
"313.09","36757301","-45.858724089","170.546582831","0.0","-45.858717066397986","170.5465734984589","GPS Linear Position Change -- Forward","1.065152","0.7805521","0.7247671","0","1763871784545"
"313.09","36757301","-45.858724089","170.546582831","0.0","-45.858716939550696","170.54657363276272","GPS Linear Position Change -- Forward","1.0685259","0.794651","0.71433705","0","1763871784766"
"313.09","36757301","-45.858724089","170.546582831","0.0","-45.85871680987002","170.5465737233534","GPS Linear Position Change -- Forward","1.0746449","0.8090648","0.70730174","0","1763871784934"
"313.09","36757301","-45.858724089","170.546582831","0.0","-45.858716657798475","170.54657367959527","GPS Linear Position Change -- Forward","1.0896406","0.8259673","0.71070004","0","1763871785161"
"313.09","36757301","-45.858724089","170.546582831","0.0","-45.85871648622514","170.54657352714716","GPS Linear Position Change -- Forward","1.1118234","0.84503746","0.7225392","0","1763871785325"
"313.09","36757301","-45.858724089","170.546582831","0.0","-45.858716318354716","170.5465733125814","GPS Linear Position Change -- Forward","1.1368338","0.86369604","0.7392024","0","1763871785547"
"313.09","36757301","-45.858724089","170.546582831","0.0","-45.858716167495345","170.546573096937","GPS Linear Position Change -- Forward","1.1604637","0.88046384","0.7559494","0","1763871785766"
"313.09","36757301","-45.858724089","170.546582831","0.0","-45.8587160121064","170.54657289685647","GPS Linear Position Change -- Forward","1.1836898","0.89773506","0.77148765","0","1763871785940"
"313.09","36757301","-45.858724089","170.546582831","0.0","-45.85871584331292","170.54657274785066","GPS Linear Position Change -- Forward","1.2054657","0.9164962","0.7830595","0","1763871786155"
"313.09","36757301","-45.858724089","170.546582831","0.0","-45.858715685191235","170.5465726137525","GPS Linear Position Change -- Forward","1.2255976","0.93407124","0.7934736","0","1763871786325"
"313.09","36757301","-45.858724089","170.546582831","0.0","-45.8587154983887","170.54657246099612","GPS Linear Position Change -- Forward","1.2491099","0.95483404","0.8053367","0","1763871786549"
"313.09","36757301","-45.858724089","170.546582831","0.0","-45.858715300331816","170.54657230589993","","1.2737128","0.9768478","0.8173815","0","1763871786766"
"313.09","36757301","-45.858724089","170.546582831","0.0","-45.858715089401535","170.54657214652002","","1.299648","1.0002924","0.82975894","0","1763871786927"
"313.09","36757301","-45.858724089","170.546582831","0.0","-45.85871487423082","170.5465719865447","","1.3259994","1.0242083","0.8421827","0","1763871787142"
"313.09","36757301","-45.858724089","170.546582831","0.0","-45.85871468508103","170.5465718316084","","1.3498865","1.045232","0.8542151","0","1763871787367"
"313.09","36757301","-45.858724089","170.546582831","0.0","-45.85871451029524","170.54657168272632","","1.3722498","1.0646592","0.86577725","0","1763871787535"
"313.09","36757301","-45.858724089","170.546582831","0.0","-45.8587143487555","170.54657156061825","","1.3921688","1.0826142","0.87526023","0","1763871787756"
"313.09","36757301","-45.858724089","170.546582831","0.0","-45.85871420610076","170.5465714527025","","1.4097723","1.09847","0.883641","0","1763871787981"
"313.09","36757301","-45.858724089","170.546582831","0.0","-45.858714075661936","170.54657138810506","","1.4242228","1.1129681","0.8886576","0","1763871788134"
"313.09","36757301","-45.858724089","170.546582831","0.0","-45.85871395872402","170.5465712982467","","1.4387364","1.1259656","0.895636","0","1763871788355"
"313.09","36757301","-45.858724089","170.546582831","0.0","-45.85871384969091","170.54657122583262","","1.451725","1.1380844","0.9012597","0","1763871788526"
"313.09","36757301","-45.858724089","170.546582831","0.0","-45.85871376871545","170.5465711522007","","1.4623313","1.1470847","0.906978","0","1763871788741"
"313.09","36757301","-45.858724089","170.546582831","0.0","-45.858713668914945","170.54657109714827","","1.4736885","1.1581774","0.9112534","0","1763871788966"
"313.09","36757301","-45.858724089","170.546582831","0.0","-45.85871359828575","170.5465710298443","","1.4830903","1.1660278","0.91648024","0","1763871789128"
"313.09","36757301","-45.858724089","170.546582831","0.0","-45.85871353294212","170.5465709562386","","1.4923328","1.1732906","0.92219645","0","1763871789344"
"313.09","36757301","-45.858724089","170.546582831","0.0","-45.85871348957388","170.5465708722688","","1.5001539","1.178111","0.9287176","0","1763871789570"
"313.09","36757301","-45.858724089","170.546582831","0.0","-45.858713437821116","170.54657077918645","","1.509148","1.1838632","0.9359464","0","1763871789726"
"313.09","36757301","-45.858724089","170.546582831","0.0","-45.858713380641426","170.5465706880338","","1.5185246","1.1902186","0.9430253","0","1763871789949"
"313.09","36757301","-45.858724089","170.546582831","0.0","-45.858713317122486","170.5465706158019","","1.527542","1.1972786","0.94863486","0","1763871790166"
"313.09","36757301","-45.858724089","170.546582831","0.0","-45.85871324747736","170.54657053964607","","1.5372822","1.2050196","0.95454913","0","1763871790339"
"313.09","36757301","-45.858724089","170.546582831","0.0","-45.858713174055474","170.5465704811748","","1.5464994","1.2131803","0.95909005","0","1763871790555"
"313.09","36757301","-45.858724089","170.546582831","0.0","-45.858713090914804","170.5465704143875","","1.5569662","1.2224213","0.96427673","0","1763871790731"
"313.09","36757301","-45.858724089","170.546582831","0.0","-45.858713009751945","170.54657036236406","","1.566553","1.2314425","0.9683169","0","1763871790945"
"313.09","36757301","-45.858724089","170.546582831","0.0","-45.858712948870426","170.54657030320473","","1.5747123","1.2382094","0.97291124","0","1763871791161"
"313.09","36757301","-45.858724089","170.546582831","0.0","-45.8587128814826","170.54657026188596","","1.5825857","1.2456994","0.97612005","0","1763871791331"
"313.09","36757301","-45.858724089","170.546582831","0.0","-45.85871280476258","170.5465702297943","GPS Linear Position Change -- Right","1.5908384","1.2542267","0.9786123","0","1763871791546"
"313.09","36757301","-45.858724089","170.546582831","0.0","-45.858712724427455","170.54657017782006","GPS Linear Position Change -- Right","1.6003629","1.2631558","0.9826486","0","1763871791774"
"313.09","36757301","-45.858724089","170.546582831","0.0","-45.85871266485342","170.5465701116893","GPS Linear Position Change -- Right","1.6087426","1.2697774","0.9877843","0","1763871791937"
"313.09","36757301","-45.858724089","170.546582831","0.0","-45.85871259569017","170.54657003233837","GPS Linear Position Change -- Right","1.618594","1.2774649","0.99394673","0","1763871792147"
"313.09","36757301","-45.858724089","170.546582831","0.0","-45.85871252452878","170.54656994930494","GPS Linear Position Change -- Right","1.6287965","1.2853743","1.0003952","0","1763871792368"
"313.09","36757301","-45.858724089","170.546582831","0.0","-45.85871246942648","170.54656987682472","GPS Linear Position Change -- Right","1.637087","1.2914989","1.006024","0","1763871792542"
"313.09","36757301","-45.858724089","170.546582831","0.0","-45.85871240112204","170.54656976977964","GPS Linear Position Change -- Right","1.648186","1.2990907","1.0143372","0","1763871792755"
"313.09","36757301","-45.858724089","170.546582831","0.0","-45.858712330511054","170.54656969109445","GPS Linear Position Change -- Right","1.6581327","1.3069391","1.0204479","0","1763871792977"
"313.09","36757301","-45.858724089","170.546582831","0.0","-45.85871227666053","170.54656963327747","GPS Linear Position Change -- Right","1.6656137","1.3129245","1.0249379","0","1763871793144"
"313.09","36757301","-45.858724089","170.546582831","0.0","-45.85871221843573","170.54656959028733","GPS Linear Position Change -- Right","1.6727698","1.3193961","1.0282766","0","1763871793357"
"313.09","36757301","-45.858724089","170.546582831","0.0","-45.85871217922656","170.54656953167995","GPS Linear Position Change -- Right","1.6790054","1.3237542","1.032828","0","1763871793579"
"313.09","36757301","-45.858724089","170.546582831","0.0","-45.85871215124815","170.54656946840987","GPS Linear Position Change -- Right","1.6844808","1.3268639","1.0377415","0","1763871793743"
"313.09","36757301","-45.858724089","170.546582831","0.0","-45.85871210170984","170.54656945532116","GPS Linear Position Change -- Right","1.6894462","1.33237","1.038758","0","1763871793958"
"313.09","36757301","-45.858724089","170.546582831","0.0","-45.858712013358556","170.54656947115447","GPS Linear Position Change -- Right","1.6964492","1.3421901","1.0375284","0","1763871794129"
"313.09","36757301","-45.858724089","170.546582831","0.0","-45.85871191977631","170.54656947537129","GPS Linear Position Change -- Right","1.7044911","1.3525916","1.0372009","0","1763871794350"
"313.09","36757301","-45.858724089","170.546582831","0.0","-45.858711822271665","170.546569535015","GPS Linear Position Change -- Right","1.7103035","1.3634292","1.032569","0","1763871794569"
"313.09","36757301","-45.858724089","170.546582831","0.0","-45.858711752210006","170.54656964887008","GPS Linear Position Change -- Right","1.7112135","1.3712164","1.0237269","0","1763871794738"
"313.09","36757301","-45.858724089","170.546582831","0.0","-45.858711662609075","170.54656997630187","GPS Linear Position Change -- Right","1.7041848","1.3811754","0.9982986","0","1763871794949"
"313.09","36757301","-45.858724089","170.546582831","0.0","-45.8587115637359","170.546570492902","GPS Linear Position Change -- Right","1.6900388","1.3921651","0.9581793","0","1763871795178"
"313.09","36757301","-45.858724089","170.546582831","0.0","-45.85871152454708","170.54657127841648","GPS Linear Position Change -- Right","1.6598781","1.3965209","0.8971761","0","1763871795337"
"313.09","36757301","-45.858724089","170.546582831","0.0","-45.85871166261336","170.54657240761193","GPS Linear Position Change -- Right","1.6009079","1.3811749","0.8094825","0","1763871795550"
"313.09","36757301","-45.858724089","170.546582831","0.0","-45.85871166060985","170.54657372247772","GPS Linear Position Change -- Right","1.5519767","1.3813976","0.70736974","0","1763871795767"
"313.09","36757301","-45.858724089","170.546582831","0.0","-45.8587116136822","170.5465751125883","GPS Linear Position Change -- Right","1.5106269","1.3866136","0.59941345","0","1763871795940"
"313.09","36757301","-45.858724089","170.546582831","0.0","-45.85871164036813","170.54657627619812","GPS Linear Position Change -- Right","1.4743166","1.3836474","0.50904727","0","1763871796159"
"313.09","36757301","-45.858724089","170.546582831","0.0","-45.858711619716274","170.5465771494703","GPS Linear Position Change -- Right","1.4544829","1.3859429","0.4412288","0","1763871796329"
"313.09","36757301","-45.858724089","170.546582831","0.0","-45.85871173767361","170.54657776701814","GPS Linear Position Change -- Right","1.4280509","1.3728322","0.3932699","0","1763871796539"
"313.09","36757301","-45.858724089","170.546582831","0.0","-45.858711975425805","170.54657859090958","GPS Linear Position Change -- Right","1.3860878","1.3464063","0.3292863","0","1763871796761"
"313.09","36757301","-45.858724089","170.546582831","0.0","-45.85871224822918","170.54657964408952","GPS Linear Position Change -- Right","1.3391539","1.3160846","0.24749614","0","1763871796938"
"313.09","36757301","-45.858724089","170.546582831","0.0","-45.85871248056302","170.54658077711997","GPS Linear Position Change -- Right","1.3000828","1.290261","0.15950476","0","1763871797152"
"313.09","36757301","-45.858724089","170.546582831","0.0","-45.85871266675627","170.54658197155877","GPS Linear Position Change -- Right","1.2713192","1.2695659","0.06674439","0","1763871797369"
"313.09","36757301","-45.858724089","170.546582831","0.0","-45.85871276584039","170.54658317649995","GPS Linear Position Change -- Right","1.2588389","1.2585529","0.026831599","0","1763871797547"
"313.09","36757301","-45.858724089","170.546582831","0.0","-45.85871294398855","170.54658435768158","GPS Linear Position Change -- Right","1.2444129","1.238752","0.118562415","0","1763871797749"
"313.09","36757301","-45.858724089","170.546582831","0.0","-45.858713229767055","170.54658547580487","GPS Linear Position Change -- Right","1.2243397","1.2069881","0.2053961","0","1763871797976"
"313.09","36757301","-45.858724089","170.546582831","0.0","-45.858713472168766","170.54658678172885","GPS Linear Position Change -- Right","1.2192795","1.1800455","0.30681443","0","1763871798140"
"313.09","36757301","-45.858724089","170.546582831","0.0","-45.85871373906655","170.5465881703695","GPS Linear Position Change -- Right","1.2228305","1.1503801","0.41465655","0","1763871798366"
"313.09","36757301","-45.858724089","170.546582831","0.0","-45.858713905439984","170.54658967696366","GPS Linear Position Change -- Right","1.2505326","1.131888","0.531659","0","1763871798532"
"313.09","36757301","-45.858724089","170.546582831","0.0","-45.858713891868405","170.54659113951143","GPS Linear Position Change -- Right","1.3041945","1.1333965","0.6452407","0","1763871798740"
"313.09","36757301","-45.858724089","170.546582831","0.0","-45.85871393495823","170.5465926971711","GPS Linear Position Change -- Right","1.3641225","1.1286072","0.76620895","0","1763871798969"
"313.09","36757301","-45.858724089","170.546582831","0.0","-45.858714081568586","170.54659387825774","GPS Linear Position Change -- Right","1.4047366","1.1123116","0.8579324","0","1763871799131"
"313.09","36757301","-45.858724089","170.546582831","0.0","-45.85871419547394","170.54659500718648","GPS Linear Position Change -- Right","1.4503111","1.0996512","0.9456052","0","1763871799353"
"313.09","36757301","-45.858724089","170.546582831","0.0","-45.85871430479188","170.54659639987867","GPS Linear Position Change -- Right","1.5142893","1.0875006","1.053762","0","1763871799570"
"313.09","36757301","-45.858724089","170.546582831","0.0","-45.858714368058116","170.54659802621458","GPS Linear Position Change -- Right","1.5999883","1.0804687","1.1800636","0","1763871799745"
"313.09","36757301","-45.858724089","170.546582831","0.0","-45.858714433007684","170.54659967441953","GPS Linear Position Change -- Right","1.6920092","1.0732496","1.3080635","0","1763871799953"
"313.09","36757301","-45.858724089","170.546582831","0.0","-45.858714487818716","170.54660084744617","GPS Linear Position Change -- Right","1.7596809","1.0671575","1.399161","0","1763871800172"
"313.09","36757301","-45.858724089","170.546582831","0.0","-45.8587146729979","170.54660188425973","GPS Linear Position Change -- Right","1.8123943","1.0465751","1.4796802","0","1763871800343"
"313.09","36757301","-45.858724089","170.546582831","0.0","-45.85871488241403","170.54660306674097","GPS Linear Position Change -- Right","1.8753108","1.0232987","1.5715119","0","1763871800561"
"313.09","36757301","-45.858724089","170.546582831","0.0","-45.85871496941393","170.54660450856514","GPS Linear Position Change -- Right","1.9650861","1.0136288","1.6834843","0","1763871800795"
"313.09","36757301","-45.858724089","170.546582831","0.0","-45.85871497480659","170.5466060423769","GPS Linear Position Change -- Right","2.067752","1.0130295","1.8026004","0","1763871800941"
"313.09","36757301","-45.858724089","170.546582831","0.0","-45.85871503986751","170.5466073385518","GPS Linear Position Change -- Right","2.1526809","1.005798","1.9032617","0","1763871801160"
"313.09","36757301","-45.858724089","170.546582831","0.0","-45.85871525877969","170.54660867480848","GPS Linear Position Change -- Right","2.2341595","0.98146623","2.0070355","0","1763871801331"
"313.09","36757301","-45.858724089","170.546582831","0.0","-45.85871552993507","170.54661019714368","GPS Linear Position Change -- Right","2.3284667","0.95132774","2.1252606","0","1763871801552"
"313.09","36757301","-45.858724089","170.546582831","0.0","-45.8587159377229","170.5466116795662","GPS Linear Position Change -- Right","2.4166443","0.9060027","2.2403858","0","1763871801763"
"313.09","36757301","-45.858724089","170.546582831","0.0","-45.85871618784093","170.54661322430096","GPS Linear Position Change -- Right","2.5184307","0.87820244","2.3603501","0","1763871801936"
"313.09","36757301","-45.858724089","170.546582831","0.0","-45.85871639066938","170.54661477937134","GPS Linear Position Change -- Right","2.624518","0.85565835","2.4811172","0","1763871802161"
"313.09","36757301","-45.858724089","170.546582831","0.0","-45.85871661759129","170.54661629005471","GPS Linear Position Change -- Right","2.7279115","0.8304363","2.5984373","0","1763871802330"
"313.09","36757301","-45.858724089","170.546582831","0.0","-45.858716944305144","170.54661750609068","GPS Linear Position Change -- Right","2.8075268","0.7941225","2.692875","0","1763871802543"
"313.09","36757301","-45.858724089","170.546582831","0.0","-45.858717209875124","170.54661861031352","GPS Linear Position Change -- Right","2.8819091","0.7646048","2.778629","0","1763871802763"
"313.09","36757301","-45.858724089","170.546582831","0.0","-45.85871747086412","170.54662017507374","GPS Linear Position Change -- Right","2.9919834","0.73559624","2.9001486","0","1763871802990"
"313.09","36757301","-45.858724089","170.546582831","0.0","-45.85871758492581","170.54662174381326","GPS Linear Position Change -- Right","3.107243","0.72291845","3.0219772","0","1763871803145"
"313.09","36757301","-45.858724089","170.546582831","0.0","-45.85871758806975","170.54662329287166","GPS Linear Position Change -- Right","3.2242851","0.72256905","3.1422775","0","1763871803369"
"313.09","36757301","-45.858724089","170.546582831","0.0","-45.85871753165248","170.5466246262592","GPS Linear Position Change -- Right","3.3266518","0.7288397","3.2458286","0","1763871803590"
"313.09","36757301","-45.858724089","170.546582831","0.0","-45.85871751758618","170.54662600106312","GPS Linear Position Change -- Right","3.4312377","0.7304032","3.3525963","0","1763871803746"
"313.09","36757301","-45.858724089","170.546582831","0.0","-45.858717685925626","170.54662760577597","GPS Linear Position Change -- Right","3.5493035","0.7116925","3.4772186","0","1763871803966"
"313.09","36757301","-45.858724089","170.546582831","0.0","-45.85871768272816","170.54662894496326","GPS Linear Position Change -- Right","3.651322","0.7120479","3.5812201","0","1763871804133"
"313.09","36757301","-45.858724089","170.546582831","0.0","-45.8587176105784","170.54662990431788","GPS Linear Position Change -- Right","3.725965","0.7200672","3.6557238","0","1763871804357"
"313.09","36757301","-45.858724089","170.546582831","0.0","-45.85871757955243","170.5466311359419","GPS Linear Position Change -- Right","3.8205063","0.7235157","3.7513719","0","1763871804570"
"313.09","36757301","-45.858724089","170.546582831","0.0","-45.85871769548378","170.5466321397204","GPS Linear Position Change -- Right","3.8947055","0.7106301","3.8293257","0","1763871804746"
"313.09","36757301","-45.858724089","170.546582831","0.0","-45.85871787697505","170.54663275980383","GPS Linear Position Change -- Right","3.9384763","0.69045764","3.8774815","0","1763871804952"
"313.09","36757301","-45.858724089","170.546582831","0.0","-45.8587179300021","170.54663305431285","GPS Linear Position Change -- Right","3.9599726","0.68456376","3.900353","0","1763871805186"
"313.09","36757301","-45.858724089","170.546582831","0.0","-45.85871803561929","170.5466332088586","GPS Linear Position Change -- Right","3.969788","0.67282456","3.9123552","0","1763871805345"
"313.09","36757301","-45.858724089","170.546582831","0.0","-45.85871817174846","170.54663330952735","GPS Linear Position Change -- Right","3.9749615","0.657694","3.9201732","0","1763871805564"
"313.09","36757301","-45.858724089","170.546582831","0.0","-45.85871833226449","170.5466333964501","GPS Linear Position Change -- Right","3.9787111","0.6398529","3.9269235","0","1763871805726"
"313.09","36757301","-45.858724089","170.546582831","0.0","-45.858718457985276","170.54663349185418","GPS Linear Position Change -- Right","3.9838047","0.62587917","3.9343326","0","1763871805953"
"313.09","36757301","-45.858724089","170.546582831","0.0","-45.858718556018914","170.5466335445257","GPS Linear Position Change -- Right","3.9861488","0.61498284","3.9384232","0","1763871806166"
"313.09","36757301","-45.858724089","170.546582831","0.0","-45.858718705514065","170.5466334747378","GPS Linear Position Change -- Right","3.9782608","0.5983667","3.9330034","0","1763871806336"
"313.09","36757301","-45.858724089","170.546582831","0.0","-45.858719043287344","170.54663335045174","GPS Linear Position Change -- Right","3.9632323","0.5608237","3.9233513","0","1763871806556"
"313.09","36757301","-45.858724089","170.546582831","0.0","-45.858719405689506","170.5466332500167","GPS Linear Position Change -- Right","3.9500012","0.5205432","3.9155514","0","1763871806773"
"313.09","36757301","-45.858724089","170.546582831","0.0","-45.85871973581712","170.54663319510027","GPS Linear Position Change -- Right","3.9411008","0.48385","3.9112866","0","1763871806940"
"313.09","36757301","-45.858724089","170.546582831","0.0","-45.858720074295015","170.54663320087545","GPS Linear Position Change -- Right","3.9371047","0.44622868","3.911735","0","1763871807159"
"313.09","36757301","-45.858724089","170.546582831","0.0","-45.858720433889474","170.54663322248777","GPS Linear Position Change -- Right","3.9344447","0.40626025","3.9134135","0","1763871807335"
"313.09","36757301","-45.858724089","170.546582831","0.0","-45.85872078036639","170.5466332113618","GPS Linear Position Change -- Right","3.9297945","0.36774987","3.9125495","0","1763871807542"
"313.09","36757301","-45.858724089","170.546582831","0.0","-45.858721134201986","170.54663322874882","GPS Linear Position Change -- Right","3.927655","0.32842153","3.9139","0","1763871807773"
"313.09","36757301","-45.858724089","170.546582831","0.0","-45.85872144757126","170.54663326979616","GPS Linear Position Change -- Right","3.9280748","0.293591","3.9170876","0","1763871807938"
"313.09","36757301","-45.858724089","170.546582831","0.0","-45.8587217067313","170.54663335212462","GPS Linear Position Change -- Right","3.932406","0.26478574","3.9234812","0","1763871808157"
"313.09","36757301","-45.858724089","170.546582831","0.0","-45.85872192439275","170.54663344460732","GPS Linear Position Change -- Right","3.9380198","0.24059297","3.9306633","0","1763871808375"
"313.09","36757301","-45.858724089","170.546582831","0.0","-45.85872216944152","170.54663357282342","GPS Linear Position Change -- Right","3.9463923","0.21335615","3.9406207","0","1763871808534"
"313.09","36757301","-45.858724089","170.546582831","0.0","-45.85872239025548","170.5466336924106","GPS Linear Position Change -- Right","3.9544182","0.188813","3.9499078","0","1763871808747"
"313.09","36757301","-45.858724089","170.546582831","0.0","-45.85872257610071","170.54663377820785","GPS Linear Position Change -- Right","3.9601426","0.16815658","3.9565709","0","1763871808977"
"313.09","36757301","-45.858724089","170.546582831","0.0","-45.85872275235353","170.54663383662995","GPS Linear Position Change -- Right","3.9638932","0.14856634","3.961108","0","1763871809128"
"313.09","36757301","-45.858724089","170.546582831","0.0","-45.85872289290304","170.54663387045682","GPS Linear Position Change -- Right","3.9659638","0.13294445","3.9637349","0","1763871809359"
"313.09","36757301","-45.858724089","170.546582831","0.0","-45.858723010406344","170.5466338853099","GPS Linear Position Change -- Right","3.9667006","0.11988413","3.9648886","0","1763871809577"
"313.09","36757301","-45.858724089","170.546582831","0.0","-45.858723109011805","170.5466338778065","GPS Linear Position Change -- Right","3.965802","0.10892428","3.9643056","0","1763871809734"
"313.09","36757301","-45.858724089","170.546582831","0.0","-45.85872318914347","170.54663383324726","GPS Linear Position Change -- Right","3.962108","0.100017756","3.9608452","0","1763871809953"
"313.09","36757301","-45.858724089","170.546582831","0.0","-45.858723252109876","170.54663377738987","GPS Linear Position Change -- Right","3.9576006","0.09301913","3.9565074","0","1763871810126"
"313.09","36757301","-45.858724089","170.546582831","0.0","-45.858723277449776","170.5466336908546","GPS Linear Position Change -- Right","3.9508169","0.09020264","3.949787","0","1763871810347"
"313.09","36757301","-45.858724089","170.546582831","0.0","-45.858723274532856","170.54663357551726","GPS Linear Position Change -- Right","3.9418695","0.09052685","3.94083","0","1763871810566"
"313.09","36757301","-45.858724089","170.546582831","0.0","-45.85872324256671","170.5466334465877","GPS Linear Position Change -- Right","3.931943","0.09407984","3.9308171","0","1763871810731"
"313.09","36757301","-45.858724089","170.546582831","0.0","-45.85872316971663","170.54663336049524","GPS Linear Position Change -- Right","3.9254613","0.102177024","3.9241312","0","1763871810947"
"313.09","36757301","-45.858724089","170.546582831","0.0","-45.85872309158313","170.54663328386812","GPS Linear Position Change -- Right","3.9197485","0.11086145","3.9181805","0","1763871811166"
"313.09","36757301","-45.858724089","170.546582831","0.0","-45.85872301369162","170.54663322487409","GPS Linear Position Change -- Right","3.9154234","0.11951897","3.9135988","0","1763871811334"
"313.09","36757301","-45.858724089","170.546582831","0.0","-45.858722968573666","170.5466331563962","GPS Linear Position Change -- Right","3.9102645","0.12453377","3.9082808","0","1763871811557"
"313.09","36757301","-45.858724089","170.546582831","0.0","-45.85872279474947","170.54663282987465","GPS Linear Position Change -- Right","3.885587","0.14385408","3.8829231","0","1763871811770"
"313.09","36757301","-45.858724089","170.546582831","0.0","-45.85872270631466","170.54663203697902","GPS Linear Position Change -- Right","3.824436","0.15368348","3.8213468","0","1763871811937"
"313.09","36757301","-45.858724089","170.546582831","0.0","-45.858722773005375","170.54663095146245","GPS Linear Position Change -- Right","3.7399068","0.1462709","3.7370453","0","1763871812158"
"313.09","36757301","-45.858724089","170.546582831","0.0","-45.858722855910464","170.54662917541958","GPS Linear Position Change -- Right","3.601726","0.13705613","3.5991173","0","1763871812329"
"313.09","36757301","-45.858724089","170.546582831","0.0","-45.85872284671639","170.5466272794174","GPS Linear Position Change -- Right","3.454634","0.13807803","3.4518735","0","1763871812547"
"313.09","36757301","-45.858724089","170.546582831","0.0","-45.85872289081494","170.5466258292011","GPS Linear Position Change -- Right","3.341904","0.13317655","3.3392494","0","1763871812755"
"313.09","36757301","-45.858724089","170.546582831","0.0","-45.858722690140986","170.54662442960824","GPS Linear Position Change -- Right","3.234296","0.15548116","3.2305567","0","1763871812978"
"313.09","36757301","-45.858724089","170.546582831","0.0","-45.85872264618807","170.54662287469776","GPS Linear Position Change -- Right","3.1139343","0.16036646","3.109802","0","1763871813145"
"313.09","36757301","-45.858724089","170.546582831","0.0","-45.85872266630238","170.54662106205114","GPS Linear Position Change -- Right","2.9732397","0.1581308","2.9690316","0","1763871813374"
"313.09","36757301","-45.858724089","170.546582831","0.0","-45.8587226753915","170.54661919946994","GPS Linear Position Change -- Right","2.82875","0.15712054","2.824383","0","1763871813535"
"313.09","36757301","-45.858724089","170.546582831","0.0","-45.858722594777966","170.5466179338376","GPS Linear Position Change -- Right","2.7311482","0.16608062","2.7260938","0","1763871813756"
"313.09","36757301","-45.858724089","170.546582831","0.0","-45.85872252114619","170.5466166669168","GPS Linear Position Change -- Right","2.6334765","0.17426468","2.6277044","0","1763871813938"
"313.09","36757301","-45.858724089","170.546582831","0.0","-45.85872274157036","170.54661540541753","GPS Linear Position Change -- Right","2.5341654","0.14976487","2.529736","0","1763871814145"
"313.09","36757301","-45.858724089","170.546582831","0.0","-45.85872294671179","170.5466139433987","GPS Linear Position Change -- Right","2.419529","0.12696369","2.4161954","0","1763871814374"
"313.09","36757301","-45.858724089","170.546582831","0.0","-45.858722998608044","170.546612356528","GPS Linear Position Change -- Right","2.2961595","0.121195495","2.2929587","0","1763871814539"
"313.09","36757301","-45.858724089","170.546582831","0.0","-45.85872308553085","170.54661102647702","GPS Linear Position Change -- Right","2.1925054","0.11153415","2.1896667","0","1763871814757"
"313.09","36757301","-45.858724089","170.546582831","0.0","-45.85872305737469","170.54660962917825","GPS Linear Position Change -- Right","2.0843086","0.11466367","2.0811522","0","1763871814978"
"313.09","36757301","-45.858724089","170.546582831","0.0","-45.85872321297779","170.54660857869402","GPS Linear Position Change -- Right","2.0019407","0.097368605","1.9995713","0","1763871815136"
"313.09","36757301","-45.858724089","170.546582831","0.0","-45.85872330067159","170.54660726628836","GPS Linear Position Change -- Right","1.8996714","0.08762157","1.8976496","0","1763871815357"
"313.09","36757301","-45.858724089","170.546582831","0.0","-45.85872327527815","170.54660551551106","GPS Linear Position Change -- Right","1.7640041","0.09044401","1.761684","0","1763871815530"
"313.09","36757301","-45.858724089","170.546582831","0.0","-45.858723131580426","170.5466035782555","GPS Linear Position Change -- Right","1.6147466","0.10641581","1.6112362","0","1763871815735"
"313.09","36757301","-45.858724089","170.546582831","0.0","-45.858723106461106","170.54660178312506","GPS Linear Position Change -- Right","1.475872","0.10920778","1.4718261","0","1763871815960"
"313.09","36757301","-45.858724089","170.546582831","0.0","-45.85872296461163","170.54660004400574","GPS Linear Position Change -- Right","1.3425949","0.12497415","1.3367656","0","1763871816125"
"313.09","36757301","-45.858724089","170.546582831","0.0","-45.858722855925464","170.54659885257269","GPS Linear Position Change -- Right","1.2517643","0.13705446","1.2442387","0","1763871816348"
"313.09","36757301","-45.858724089","170.546582831","0.0","-45.85872288870756","170.54659765112993","GPS Linear Position Change -- Right","1.1586407","0.13341077","1.1509345","0","1763871816561"
"313.09","36757301","-45.858724089","170.546582831","0.0","-45.858722906840846","170.54659597026358","GPS Linear Position Change -- Right","1.028823","0.13139528","1.020398","0","1763871816727"
"313.09","36757301","-45.858724089","170.546582831","0.0","-45.85872298427618","170.54659401414028","GPS Linear Position Change -- Right","0.87712216","0.12278846","0.86848503","0","1763871816950"
"313.09","36757301","-45.858724089","170.546582831","0.0","-45.85872302583687","170.54659249772942","GPS Linear Position Change -- Right","0.7599637","0.11816905","0.75072026","0","1763871817156"
"313.09","36757301","-45.858724089","170.546582831","0.0","-45.85872285503453","170.54659109477075","GPS Linear Position Change -- Right","0.6562583","0.13715348","0.6417662","0","1763871817326"
"313.09","36757301","-45.858724089","170.546582831","0.0","-45.85872283505944","170.5465899209023","GPS Linear Position Change -- Right","0.5679692","0.13937369","0.55060333","0","1763871817545"
"313.09","36757301","-45.858724089","170.546582831","0.0","-45.85872264731672","170.54658862224036","GPS Linear Position Change -- Right","0.47744247","0.16024102","0.44974893","0","1763871817767"
"313.09","36757301","-45.858724089","170.546582831","0.0","-45.85872255161104","170.54658707882717","GPS Linear Position Change -- Right","0.37151718","0.17087857","0.32988715","0","1763871817929"
"313.09","36757301","-45.858724089","170.546582831","0.0","-45.858722399730105","170.5465852771005","GPS Linear Position Change -- Right","0.26709616","0.1877599","0.18996468","0","1763871818146"
"313.09","36757301","-45.858724089","170.546582831","0.0","-45.858722346165514","170.5465834613041","GPS Linear Position Change -- Right","0.19980238","0.19371355","0.048949547","0","1763871818375"
"313.09","36757301","-45.858724089","170.546582831","0.0","-45.85872218780611","170.54658172280216","GPS Linear Position Change -- Right","0.22816843","0.21131496","0.08606288","0","1763871818540"
"313.09","36757301","-45.858724089","170.546582831","0.0","-45.858722087525884","170.54658064359896","GPS Linear Position Change -- Right","0.27990368","0.22246097","0.16987403","0","1763871818759"
"313.09","36757301","-45.858724089","170.546582831","0.0","-45.85872188093243","170.54657960412425","GPS Linear Position Change -- Right","0.3507606","0.24542353","0.25059986","0","1763871818938"
"313.09","36757301","-45.858724089","170.546582831","0.0","-45.85872173980467","170.5465785721213","GPS Linear Position Change -- Right","0.42139152","0.26110968","0.33074543","0","1763871819162"
"313.09","36757301","-45.858724089","170.546582831","0.0","-45.858721695307786","170.54657714811265","GPS Linear Position Change -- Right","0.5153265","0.26605543","0.44133422","0","1763871819377"
"313.09","36757301","-45.858724089","170.546582831","0.0","-45.858721625533114","170.54657543723613","GPS Linear Position Change -- Right","0.6361442","0.2738108","0.5742013","0","1763871819537"
"313.09","36757301","-45.858724089","170.546582831","0.0","-45.858721499666686","170.54657416367658","GPS Linear Position Change -- Right","0.7320527","0.28780067","0.67310613","0","1763871819754"
"313.09","36757301","-45.858724089","170.546582831","0.0","-45.85872128489431","170.5465730379099","GPS Linear Position Change -- Right","0.82191896","0.3116723","0.76053345","0","1763871819975"
"313.09","36757301","-45.858724089","170.546582831","0.0","-45.85872098790859","170.54657216248782","GPS Linear Position Change -- Right","0.89735675","0.34468183","0.8285189","0","1763871820145"
"313.09","36757301","-45.858724089","170.546582831","0.0","-45.8587207463507","170.5465707950351","GPS Linear Position Change -- Right","1.0058471","0.37153065","0.93471557","0","1763871820371"
"313.09","36757301","-45.858724089","170.546582831","0.0","-45.8587205592526","170.546569621807","GPS Linear Position Change -- Right","1.0982916","0.39232633","1.0258287","0","1763871820541"
"313.09","36757301","-45.858724089","170.546582831","0.0","-45.85872038517783","170.54656928419567","GPS Linear Position Change -- Right","1.1297257","0.4116745","1.0520477","0","1763871820748"
"313.09","36757301","-45.858724089","170.546582831","0.0","-45.85872013129694","170.54656928044702","GPS Linear Position Change -- Right","1.14058","0.43989298","1.0523388","0","1763871820970"
"313.09","36757301","-45.858724089","170.546582831","0.0","-45.85871989823708","170.54656944720887","GPS Linear Position Change -- Right","1.1389885","0.46579725","1.0393881","0","1763871821137"
"313.09","36757301","-45.858724089","170.546582831","0.0","-45.858719736029144","170.54656953833768","GPS Linear Position Change -- Right","1.1400676","0.48382643","1.032311","0","1763871821371"
"313.09","36757301","-45.858724089","170.546582831","0.0","-45.85871962425902","170.54656955702168","GPS Linear Position Change -- Right","1.1440873","0.49624953","1.03086","0","1763871821533"
"313.09","36757301","-45.858724089","170.546582831","0.0","-45.85871953285589","170.54656955103204","GPS Linear Position Change -- Right","1.148948","0.5064089","1.0313251","0","1763871821750"
"313.09","36757301","-45.858724089","170.546582831","0.0","-45.85871948911287","170.54656951652782","GPS Linear Position Change -- Right","1.1535007","0.5112708","1.0340047","0","1763871821965"
"313.09","36757301","-45.858724089","170.546582831","0.0","-45.85871949261873","170.5465695323788","GPS Linear Position Change -- Right","1.1522244","0.5108811","1.0327737","0","1763871822135"
"313.09","36757301","-45.858724089","170.546582831","0.0","-45.85871948438627","170.54656947506837","GPS Linear Position Change -- Right","1.15662","0.5117962","1.0372244","0","1763871822361"
"313.09","36757301","-45.858724089","170.546582831","0.0","-45.85871952562356","170.5465694362382","GPS Linear Position Change -- Right","1.157309","0.5072127","1.04024","0","1763871822533"
"313.09","36757301","-45.858724089","170.546582831","0.0","-45.85871957292601","170.5465693702635","GPS Linear Position Change -- Right","1.159631","0.5019551","1.0453637","0","1763871822737"
"313.09","36757301","-45.858724089","170.546582831","0.0","-45.858719635986645","170.54656930078158","GPS Linear Position Change -- Right","1.1614937","0.494946","1.0507596","0","1763871822960"
"313.09","36757301","-45.858724089","170.546582831","0.0","-45.85871968894944","170.54656930335938","GPS Linear Position Change -- Right","1.1588159","0.48905927","1.0505594","0","1763871823132"
"313.09","36757301","-45.858724089","170.546582831","0.0","-45.85871982480876","170.5465693388445","GPS Linear Position Change -- Right","1.1500127","0.4739587","1.0478036","0","1763871823348"
"313.09","36757301","-45.858724089","170.546582831","0.0","-45.85871990774382","170.54656931453914","GPS Linear Position Change -- Right","1.1479702","0.4647406","1.0496912","0","1763871823573"
"313.09","36757301","-45.858724089","170.546582831","0.0","-45.85872001740015","170.54656932528763","GPS Linear Position Change -- Right","1.1423239","0.45255247","1.0488565","0","1763871823729"
"313.09","36757301","-45.858724089","170.546582831","0.0","-45.858720127915284","170.54656935667282","GPS Linear Position Change -- Right","1.1352663","0.44026884","1.0464191","0","1763871823963"
"313.09","36757301","-45.858724089","170.546582831","0.0","-45.85872024494743","170.5465693521308","GPS Linear Position Change -- Right","1.1306119","0.4272609","1.0467718","0","1763871824173"
"313.09","36757301","-45.858724089","170.546582831","0.0","-45.858720334390945","170.54656936385794","GPS Linear Position Change -- Right","1.1260467","0.4173194","1.0458611","0","1763871824340"
"313.09","36757301","-45.858724089","170.546582831","0.0","-45.85872041715254","170.546569350361","GPS Linear Position Change -- Right","1.1236465","0.40812054","1.0469092","0","1763871824556"
"313.09","36757301","-45.858724089","170.546582831","0.0","-45.858720551230014","170.54656920291586","GPS Linear Position Change -- Right","1.1290466","0.39321804","1.0583599","0","1763871824734"
"313.09","36757301","-45.858724089","170.546582831","0.0","-45.85872075526206","170.54656884315173","GPS Linear Position Change -- Right","1.147757","0.37054017","1.0862993","0","1763871824939"
"313.09","36757301","-45.858724089","170.546582831","0.0","-45.85872101127604","170.54656854351177","GPS Linear Position Change -- Right","1.1611055","0.3420846","1.1095693","0","1763871825157"
"313.09","36757301","-45.858724089","170.546582831","0.0","-45.85872129354225","170.5465682784329","GPS Linear Position Change -- Right","1.1720891","0.3107111","1.1301554","0","1763871825331"
"313.09","36757301","-45.858724089","170.546582831","0.0","-45.85872158514174","170.54656789829036","GPS Linear Position Change -- Right","1.1926033","0.27830023","1.1596774","0","1763871825548"
"313.09","36757301","-45.858724089","170.546582831","0.0","-45.85872185214234","170.54656751504118","GPS Linear Position Change -- Right","1.2151471","0.2486235","1.1894406","0","1763871825762"
"313.09","36757301","-45.858724089","170.546582831","0.0","-45.858722089010044","170.54656714840485","GPS Linear Position Change -- Right","1.2380344","0.222296","1.2179136","0","1763871825935"
"313.09","36757301","-45.858724089","170.546582831","0.0","-45.85872232594413","170.5465668510182","GPS Linear Position Change -- Right","1.2563851","0.19596112","1.2410088","0","1763871826150"
"313.09","36757301","-45.858724089","170.546582831","0.0","-45.85872252983269","170.54656659464052","GPS Linear Position Change -- Right","1.2727724","0.1732992","1.2609191","0","1763871826379"
"313.09","36757301","-45.858724089","170.546582831","0.0","-45.85872268606116","170.54656638065404","GPS Linear Position Change -- Right","1.2870188","0.15593463","1.2775373","0","1763871826540"
"313.09","36757301","-45.858724089","170.546582831","0.0","-45.858722864537","170.54656618980442","GPS Linear Position Change -- Right","1.2995051","0.1360973","1.2923588","0","1763871826765"
"313.09","36757301","-45.858724089","170.546582831","0.0","-45.8587230504636","170.54656603228878","GPS Linear Position Change -- Right","1.3096883","0.11543182","1.3045914","0","1763871826930"
"313.09","36757301","-45.858724089","170.546582831","0.0","-45.85872324603403","170.54656589993812","GPS Linear Position Change -- Right","1.3182038","0.09369445","1.3148699","0","1763871827151"
"313.09","36757301","-45.858724089","170.546582831","0.0","-45.85872344398382","170.5465657914461","GPS Linear Position Change -- Right","1.325236","0.071692616","1.3232954","0","1763871827378"
"313.09","36757301","-45.858724089","170.546582831","0.0","-45.85872364852772","170.54656569651485","GPS Linear Position Change -- Right","1.331568","0.04895786","1.3306677","0","1763871827542"
"313.09","36757301","-45.858724089","170.546582831","0.0","-45.85872383160381","170.54656560702279","GPS Linear Position Change -- Right","1.3379236","0.028609216","1.3376178","0","1763871827753"
"313.09","36757301","-45.858724089","170.546582831","0.0","-45.85872398833556","170.5465655057813","GPS Linear Position Change -- Right","1.3455267","0.011188708","1.3454801","0","1763871827986"
"313.09","36757301","-45.858724089","170.546582831","0.0","-45.85872413271433","170.54656541046637","GPS Linear Position Change -- Right","1.3528911","0.0048587834","1.3528823","0","1763871828152"
"313.09","36757301","-45.858724089","170.546582831","0.0","-45.858724277722736","170.54656529853247","GPS Linear Position Change -- Right","1.3617367","0.020976258","1.3615751","0","1763871828361"
"313.09","36757301","-45.858724089","170.546582831","0.0","-45.858724379686294","170.54656516694368","GPS Linear Position Change -- Right","1.3721747","0.03230936","1.3717943","0","1763871828532"
"313.09","36757301","-45.858724089","170.546582831","0.0","-45.85872444815886","170.54656502032495","GPS Linear Position Change -- Right","1.3837568","0.039919987","1.3831807","0","1763871828755"
"313.09","36757301","-45.858724089","170.546582831","0.0","-45.85872450667493","170.54656489412307","","1.393755","0.046423964","1.3929816","0","1763871828966"
"313.09","36757301","-45.858724089","170.546582831","0.0","-45.85872453930498","170.54656477749722","","1.4029319","0.050050747","1.4020388","0","1763871829130"
"313.09","36757301","-45.858724089","170.546582831","0.0","-45.85872456697928","170.54656465143526","","1.4128281","0.053126708","1.4118289","0","1763871829346"
"313.09","36757301","-45.858724089","170.546582831","0.0","-45.85872454609827","170.54656453690518","","1.4216313","0.050805815","1.4207232","0","1763871829572"
"313.09","36757301","-45.858724089","170.546582831","0.0","-45.858724509540444","170.546564426402","","1.4300691","0.046742465","1.429305","0","1763871829753"
